Updated,Symbol,Company,Last Price,Day Change %,Volume,Avg Volume 20d,Volume x Avg,20W High,20W Low,% From 20W High,% Above 20W Low,52W High,52W Low,50 DMA,200 DMA,Above 200 DMA,RS Raw,Bars,RS Rating
2026-09-30 13:13,20MICRONS,20 Microns Limited,214.59,0.84,76779.0,137183.0,0.56,233.53,162.05,-8.11,32.42,237.4,129.61,206.35,188.34,Yes,12.99,251.0,73
2026-09-30 13:13,21STCENMGM,21st Century Management Services Limited,38.67,-1.78,901.0,2964.0,0.3,46.49,30.5,-16.82,26.79,53.79,28.25,40.58,37.43,Yes,13.73,250.0,73
2026-09-30 13:13,360ONE,360 ONE WAM LIMITED,1030.0,0.08,1348917.0,935853.0,1.44,1222.9,1019.4,-15.77,1.04,1236.2,906.05,1133.84,1106.47,No,-4.27,251.0,45
2026-09-30 13:13,3BBLACKBIO,3B Blackbio Dx Limited,1710.4,5.4,67728.0,19537.0,3.47,1740.0,1099.5,-1.7,55.56,1740.0,1099.5,,,,,32.0,
2026-09-30 13:13,3MINDIA,3M India Limited,32160.0,0.85,3548.0,5239.0,0.68,37300.0,30280.0,-13.78,6.21,38030.0,28730.0,34209.5,33825.55,No,-2.04,249.0,50
2026-09-30 13:13,3PLAND,3P Land Holdings Limited,31.01,-2.7,1104.0,7368.0,0.15,37.0,28.51,-16.19,8.77,45.1,28.51,31.76,33.27,No,-8.61,251.0,34
2026-09-30 13:13,5PAISA,5Paisa Capital Limited,305.2,0.1,19885.0,36767.0,0.54,416.95,294.0,-26.8,3.81,416.95,245.5,350.48,335.56,No,-10.9,251.0,29
2026-09-30 13:13,63MOONS,63 moons technologies limited,811.05,0.03,138335.0,509934.0,0.27,957.95,596.65,-15.33,35.93,957.95,467.0,827.17,696.36,Yes,30.14,252.0,86
2026-09-30 13:13,A2ZINFRA,A2Z Infra Engineering Limited,14.93,2.89,277855.0,180777.0,1.54,17.95,12.0,-16.82,24.42,19.39,12.0,15.17,15.19,No,0.05,250.0,54
2026-09-30 13:13,AAATECH,AAA Technologies Limited,94.73,-5.21,72253.0,122575.0,0.59,105.9,83.8,-10.55,13.04,136.0,78.71,92.78,96.7,No,-1.54,250.0,51
2026-09-30 13:13,AADHARHFC,Aadhar Housing Finance Limited,436.0,0.81,338636.0,344034.0,0.98,563.0,427.3,-22.56,2.04,563.0,427.3,476.91,481.78,No,-14.27,252.0,21
2026-09-30 13:13,AAKASH,Aakash Exploration Services Limited,8.44,-1.75,71888.0,138157.0,0.52,10.6,8.06,-20.38,4.71,13.4,7.21,8.85,8.75,No,-2.46,251.0,49
2026-09-30 13:13,AAREYDRUGS,Aarey Drugs & Pharmaceuticals Limited,102.72,2.8,392668.0,225235.0,1.74,103.99,73.41,-1.22,39.93,103.99,50.31,88.73,78.48,Yes,43.79,249.0,92
2026-09-30 13:13,AARON,Aaron Industries Limited,124.68,2.19,13823.0,16258.0,0.85,154.8,111.15,-19.46,12.17,228.0,106.8,131.19,139.39,No,-6.08,250.0,41
2026-09-30 13:13,AARTIDRUGS,Aarti Drugs Limited,430.9,0.54,145114.0,200308.0,0.72,453.65,356.1,-5.01,21.01,534.0,318.95,421.57,388.2,Yes,12.25,252.0,72
2026-09-30 13:13,AARTIIND,Aarti Industries Limited,475.7,1.23,722633.0,502354.0,1.44,551.75,424.0,-13.78,12.19,551.75,338.05,502.03,454.31,Yes,10.0,252.0,69
2026-09-30 13:13,AARTIPHARM,Aarti Pharmalabs Limited,953.75,-1.96,951123.0,829869.0,1.15,1002.4,604.15,-4.85,57.87,1002.4,585.0,816.58,734.06,Yes,35.9,252.0,89
2026-09-30 13:13,AARVI,Aarvi Encon Limited,136.83,0.46,2281.0,8390.0,0.27,168.4,119.31,-18.75,14.68,168.4,115.99,147.25,135.49,Yes,1.19,250.0,57
2026-09-30 13:13,AASTHA,Aastha Spintex Limited,34.15,-9.01,1203839.0,2049156.0,0.59,70.0,33.96,-51.22,0.56,70.0,33.96,39.59,,,,63.0,
2026-09-30 13:13,AAVAS,Aavas Financiers Limited,1211.9,-2.92,80659.0,82934.0,0.97,1544.9,1206.0,-21.55,0.49,1771.9,1060.4,1328.13,1356.01,No,-12.71,252.0,25
2026-09-30 13:13,ABANSENT,Abans Enterprises Limited,26.46,-1.53,4977.0,6326.0,0.79,32.79,25.65,-19.3,3.16,32.79,25.65,,,,,32.0,
2026-09-30 13:13,ABB,ABB India Limited,6776.0,1.73,228954.0,170105.0,1.35,7924.5,6220.0,-14.49,8.94,7924.5,4637.5,7384.14,6579.69,Yes,8.86,252.0,68
2026-09-30 13:13,ABBOTINDIA,Abbott India Limited,27125.0,-0.53,5645.0,8693.0,0.65,28940.0,25135.0,-6.27,7.92,30655.0,25135.0,26903.9,26874.33,Yes,2.16,251.0,59
2026-09-30 13:13,ABCAPITAL,Aditya Birla Capital Limited,380.6,0.69,3567466.0,2465579.0,1.45,430.7,334.8,-11.63,13.68,430.7,287.7,401.15,364.85,Yes,4.59,252.0,62
2026-09-30 13:13,ABCOTS,A B Cotspin India Limited,196.49,-1.18,2630.0,15842.0,0.17,252.21,190.4,-22.09,3.2,474.9,190.4,204.46,299.33,No,-31.19,250.0,3
2026-09-30 13:13,ABDL,Allied Blenders and Distillers Limited,718.9,0.33,319559.0,1093686.0,0.29,753.8,505.15,-4.63,42.31,753.8,382.1,629.5,563.19,Yes,27.55,251.0,85
2026-09-30 13:13,ABFRL,Aditya Birla Fashion and Retail Limited,46.32,0.17,3804978.0,4694763.0,0.81,69.0,45.97,-32.87,0.76,88.99,45.97,53.97,62.22,No,-28.2,252.0,3
2026-09-30 13:13,ABLBL,Aditya Birla Lifestyle Brands Limited,76.52,-0.6,2517723.0,2299030.0,1.1,105.49,75.06,-27.46,1.95,150.79,75.06,86.79,100.44,No,-26.01,252.0,4
2026-09-30 13:13,ABMKNO,ABM Knowledgeware Limited,170.98,1.42,12784.0,1828.0,6.99,200.0,161.55,-14.51,5.84,200.0,161.55,,,,,31.0,
2026-09-30 13:13,ABREL,Aditya Birla Real Estate Limited,1130.7,-2.58,276419.0,173700.0,1.59,1486.0,1122.1,-23.91,0.77,1914.0,1080.1,1343.51,1361.92,No,-18.92,252.0,11
2026-09-30 13:13,ABSLAMC,Aditya Birla Sun Life AMC Limited,995.3,4.12,214545.0,187199.0,1.15,1224.9,947.9,-18.74,5.0,1224.9,708.0,1027.24,982.54,Yes,-0.6,252.0,53
2026-09-30 13:13,ACC,ACC Limited,1204.1,0.12,63775.0,138693.0,0.46,1433.5,1188.1,-16.0,1.35,1987.0,1188.1,1296.34,1442.83,No,-17.38,252.0,14
2026-09-30 13:13,ACCELYA,Accelya Solutions India Limited,1090.3,-0.47,8286.0,5712.0,1.45,1180.0,1085.0,-7.6,0.49,1527.0,1012.4,1131.33,1176.66,No,-6.6,252.0,39
2026-09-30 13:13,ACE,Action Construction Equipment Limited,1232.0,2.17,342902.0,348178.0,0.98,1268.0,850.5,-2.84,44.86,1268.0,745.1,1135.7,961.38,Yes,31.96,252.0,87
2026-09-30 13:13,ACEINTEG,Ace Integrated Solutions Limited,16.77,2.26,1622.0,3378.0,0.48,24.29,16.1,-30.96,4.16,27.29,14.2,18.05,19.33,No,-15.91,249.0,17
2026-09-30 13:13,ACGL,Automobile Corporation of Goa Limited,1638.0,0.28,339.0,844.0,0.4,1961.9,1619.9,-16.51,1.12,1961.9,1619.9,,,,,32.0,
2026-09-30 13:13,ACI,Archean Chemical Industries Limited,485.85,-0.97,231286.0,338916.0,0.68,604.25,446.0,-19.59,8.93,704.25,446.0,502.36,544.3,No,-11.66,251.0,28
2026-09-30 13:13,ACL,Andhra Cements Limited,39.33,-0.58,9813.0,15602.0,0.63,59.35,38.4,-33.73,2.42,85.57,38.4,44.86,53.59,No,-24.97,249.0,5
2026-09-30 13:13,ACMESOLAR,Acme Solar Holdings Limited,439.0,0.24,1108701.0,2719023.0,0.41,476.9,267.65,-7.95,64.02,476.9,195.9,397.66,309.53,Yes,42.65,252.0,91
2026-09-30 13:13,ACUTAAS,Acutaas Chemicals Limited,3279.4,-0.75,349422.0,339126.0,1.03,3740.0,2702.8,-12.32,21.33,3740.0,1373.1,3261.6,2683.91,Yes,29.52,252.0,86
2026-09-30 13:13,ADANIENSOL,Adani Energy Solutions Limited,1314.6,0.67,1153955.0,1428909.0,0.81,1789.0,1248.2,-26.52,5.32,1789.0,803.1,1506.13,1290.41,Yes,7.04,252.0,65
2026-09-30 13:13,ADANIENT,Adani Enterprises Limited,2903.4,-2.34,1662810.0,1425769.0,1.17,3245.0,2530.0,-10.53,14.76,3245.0,1753.0,2997.07,2577.29,Yes,15.76,252.0,75
2026-09-30 13:13,ADANIGREEN,Adani Green Energy Limited,1278.0,1.43,1451904.0,1139829.0,1.27,1631.5,1214.9,-21.67,5.19,1631.5,765.0,1318.9,1202.68,Yes,7.22,252.0,66
2026-09-30 13:13,ADANIPORTS,Adani Ports and Special Economic Zone Limited,1798.3,-1.3,3198510.0,2008570.0,1.59,1891.1,1593.1,-4.91,12.88,1891.1,1292.0,1722.2,1631.75,Yes,10.97,252.0,71
2026-09-30 13:13,ADANIPOWER,Adani Power Limited,204.0,3.92,21058034.0,16372957.0,1.29,254.2,192.45,-19.75,6.0,254.2,128.1,207.07,188.6,Yes,12.89,252.0,73
2026-09-30 13:13,ADDIND,Addi Industries Limited,78.74,0.43,378.0,861.0,0.44,94.6,71.05,-16.77,10.82,94.6,71.05,,,,,31.0,
2026-09-30 13:13,ADFFOODS,ADF Foods Limited,273.1,1.79,59399.0,91914.0,0.65,346.95,248.8,-21.29,9.77,346.95,153.1,271.74,245.02,Yes,14.88,252.0,74
2026-09-30 13:13,ADL,Archidply Decor Limited,77.6,10.86,6985.0,1093.0,6.39,83.0,66.0,-6.51,17.58,109.9,50.26,71.94,72.17,Yes,12.03,249.0,72
2026-09-30 13:13,ADOR,Ador Welding Limited,1591.8,-1.25,15753.0,31685.0,0.5,1766.4,1009.2,-9.88,57.73,1766.4,848.0,1569.2,1200.93,Yes,45.57,251.0,92
2026-09-30 13:13,ADROITINFO,Adroit Infotech Limited,14.67,3.09,1779133.0,216389.0,8.22,15.84,8.36,-7.39,75.48,15.84,7.55,10.68,9.81,Yes,58.6,250.0,95
2026-09-30 13:13,ADSL,Allied Digital Services Limited,108.53,-1.33,187390.0,510278.0,0.37,137.64,94.02,-21.15,15.43,204.65,86.27,108.17,119.5,No,-11.59,251.0,28
2026-09-30 13:13,ADVAIT,Advait Energy Transitions Limited,1901.8,-0.09,33345.0,38264.0,0.87,2485.0,1812.0,-23.47,4.96,2485.0,1351.0,2117.89,,,-6.72,176.0,39
2026-09-30 13:13,ADVANCE,Advance Agrolife Limited,121.19,0.83,261919.0,202820.0,1.29,141.5,93.77,-14.35,29.24,154.0,84.1,118.23,114.45,Yes,9.97,246.0,69
2026-09-30 13:13,ADVANIHOTR,Advani Hotels & Resorts (India) Limited,48.01,1.29,10655.0,19035.0,0.56,54.93,46.75,-12.6,2.7,65.5,46.75,49.65,53.01,No,-10.96,251.0,29
2026-09-30 13:13,ADVENTHTL,Advent Hotels International Limited,126.32,1.3,194244.0,137806.0,1.41,164.0,120.02,-22.98,5.25,345.05,120.02,136.87,163.18,No,-19.56,223.0,10
2026-09-30 13:13,ADVENZYMES,Advanced Enzyme Technologies Limited,281.6,-0.19,122158.0,206484.0,0.59,395.75,279.75,-28.84,0.66,419.0,251.95,301.31,313.7,No,-7.12,252.0,38
2026-09-30 13:13,ADVIKCA,Advik Capital Limited,1.0,3.09,1451700.0,394535.0,3.68,1.26,0.86,-20.63,16.28,1.26,0.86,,,,,32.0,
2026-09-30 13:13,AEGISLOG,Aegis Logistics Limited,1380.1,6.18,1090326.0,918088.0,1.19,1528.7,646.05,-9.72,113.62,1528.7,576.1,1328.89,926.21,Yes,58.85,251.0,95
2026-09-30 13:13,AEGISVOPAK,Aegis Vopak Terminals Limited,296.8,0.87,532602.0,1849518.0,0.29,320.95,182.5,-7.52,62.63,320.95,158.0,286.93,235.4,Yes,31.02,252.0,87
2026-09-30 13:13,AEPL,Artemis Electricals and Projects Limited,15.18,3.13,17337.0,81117.0,0.21,18.5,13.3,-17.95,14.14,20.25,13.25,15.56,,,-8.64,139.0,34
2026-09-30 13:13,AEQUS,Aequs Limited,279.48,2.89,11213483.0,4763437.0,2.35,285.95,173.6,-2.26,60.99,285.95,113.3,241.69,187.61,Yes,66.31,204.0,96
2026-09-30 13:13,AEROENTER,Aeroflex Enterprises Limited,124.0,-0.56,231674.0,982894.0,0.24,159.6,93.4,-22.31,32.76,159.6,62.2,130.98,102.6,Yes,25.35,251.0,83
2026-09-30 13:13,AEROFLEX,Aeroflex Industries Limited,536.6,-0.56,980866.0,1259102.0,0.78,584.15,345.45,-8.14,55.33,584.15,158.0,494.04,347.99,Yes,80.85,252.0,98
2026-09-30 13:13,AERONEU,Aeroflex Neu Limited,70.84,-2.93,47313.0,61009.0,0.78,105.5,63.72,-32.85,11.17,105.5,63.21,79.35,79.72,No,-15.1,250.0,19
2026-09-30 13:13,AEROPLANE,Amir Chand Jagdish Kumar (Exports) Limited,206.57,2.22,774340.0,866246.0,0.89,212.07,117.2,-2.59,76.25,212.07,117.02,191.71,,,27.43,128.0,84
2026-09-30 13:13,AETHER,Aether Industries Limited,1699.3,-2.89,292452.0,281539.0,1.04,1798.0,1023.7,-5.49,66.0,1798.0,728.0,1616.8,1232.5,Yes,50.47,252.0,93
2026-09-30 13:13,AFCONS,Afcons Infrastructure Limited,247.8,1.1,370486.0,2902190.0,0.13,346.5,225.35,-28.48,9.96,479.4,225.35,272.7,311.42,No,-22.6,252.0,6
2026-09-30 13:13,AFFLE,Affle 3i Limited,1511.0,0.67,216066.0,363406.0,0.59,1748.2,1390.5,-13.57,8.67,1993.7,1251.3,1610.97,1538.62,No,-0.79,252.0,53
2026-09-30 13:13,AFFORDABLE,Affordable Robotic & Automation Limited,171.1,-1.39,23394.0,23081.0,1.01,213.1,153.61,-19.71,11.39,297.0,119.71,173.05,178.0,No,0.56,249.0,55
2026-09-30 13:13,AFIL,Akme Fintrade (India) Limited,7.93,1.02,529863.0,519328.0,1.02,11.1,7.49,-28.56,5.87,11.1,3.92,9.1,8.32,No,-6.27,250.0,40
2026-09-30 13:13,AFSL,Abans Financial Services Limited,201.0,-0.02,9448.0,7149.0,1.32,223.0,200.0,-9.87,0.5,227.0,194.41,203.06,202.1,No,-0.16,249.0,54
2026-09-30 13:13,AGARIND,Agarwal Industrial Corporation Limited,391.95,0.19,12498.0,36146.0,0.35,609.9,389.1,-35.74,0.73,951.0,360.0,462.99,520.45,No,-24.21,250.0,5
2026-09-30 13:13,AGARWALEYE,Dr. Agarwal's Health Care Limited,479.3,-3.22,215481.0,311505.0,0.69,567.75,437.0,-15.58,9.68,568.0,401.0,503.35,472.42,Yes,2.64,249.0,60
2026-09-30 13:13,AGI,AGI Greenpac Limited,804.4,1.45,112338.0,204433.0,0.55,851.0,562.05,-5.48,43.12,896.15,465.0,743.41,653.7,Yes,24.66,251.0,83
2026-09-30 13:13,AGIIL,Agi Infra Limited,264.7,-0.06,316565.0,1740932.0,0.18,424.0,255.8,-37.57,3.48,434.4,224.7,287.63,313.18,No,-16.1,252.0,17
2026-09-30 13:13,AGL,Allcargo Global Limited,13.13,-0.45,885567.0,4922281.0,0.18,22.0,12.03,-40.32,9.14,22.0,12.03,13.74,,,,64.0,
2026-09-30 13:13,AGRITECH,Agri-Tech (India) Limited,91.17,-2.17,6729.0,2663.0,2.53,154.88,90.5,-41.14,0.74,187.19,90.5,103.15,118.43,No,-22.53,249.0,6
2026-09-30 13:13,AGROPHOS,Agro Phos India Limited,23.48,-2.0,22366.0,32178.0,0.7,35.9,21.0,-34.6,11.81,45.89,21.0,26.18,31.53,No,-26.67,250.0,4
2026-09-30 13:13,AHCL,Anlon Healthcare Limited,34.58,-4.97,18706157.0,55574223.0,0.34,37.24,13.14,-7.14,163.17,37.24,10.37,18.36,14.77,Yes,141.13,252.0,99
2026-09-30 13:13,AHLADA,Ahlada Engineers Limited,37.09,-0.16,2221.0,13819.0,0.16,44.88,32.7,-17.36,13.43,66.44,31.22,37.61,42.56,No,-9.25,252.0,32
2026-09-30 13:13,AHLEAST,Asian Hotels (East) Limited,134.44,-0.07,200.0,2127.0,0.09,172.9,132.01,-22.24,1.84,175.3,127.25,139.27,147.77,No,-6.41,250.0,40
2026-09-30 13:13,AHLUCONT,Ahluwalia Contracts (India) Limited,550.05,-0.27,77719.0,71337.0,1.09,885.0,542.8,-37.85,1.34,1077.95,542.8,687.02,798.18,No,-33.62,252.0,2
2026-09-30 13:13,AIAENG,AIA Engineering Limited,3869.0,0.87,51956.0,64681.0,0.8,5180.0,3767.0,-25.31,2.71,5180.0,3045.0,4309.7,4132.75,No,-8.52,249.0,35
2026-09-30 13:13,AIIL,Authum Investment & Infrastructure Limited,546.6,0.89,158525.0,476065.0,0.33,607.7,441.0,-10.05,23.95,683.0,400.0,548.65,520.62,Yes,6.1,252.0,64
2026-09-30 13:13,AIRAN,Airan Limited,16.18,-1.34,22565.0,155977.0,0.14,18.05,14.18,-10.36,14.1,26.59,12.63,15.62,16.24,No,1.18,250.0,57
2026-09-30 13:13,AIROLAM,Airo Lam limited,92.85,4.26,5335.0,3797.0,1.41,111.78,78.0,-16.94,19.04,117.5,78.0,88.21,89.59,Yes,0.73,249.0,56
2026-09-30 13:13,AJANTPHARM,Ajanta Pharma Limited,3620.8,1.78,344039.0,88829.0,3.87,3796.0,2850.0,-4.62,27.05,3796.0,2379.3,3532.28,3106.15,Yes,20.63,251.0,80
2026-09-30 13:13,AJAXENGG,Ajax Engineering Limited,587.0,-0.79,41368.0,164761.0,0.25,625.05,512.05,-6.09,14.64,678.0,394.8,576.77,544.32,Yes,12.55,251.0,72
2026-09-30 13:13,AJMERA,Ajmera Realty & Infra India Limited,118.74,-1.18,165082.0,309772.0,0.53,146.0,104.42,-18.67,13.71,221.4,98.03,119.61,133.15,No,-14.01,252.0,22
2026-09-30 13:13,AJOONI,Ajooni Biotech Limited,3.13,-0.32,140753.0,356247.0,0.4,4.39,3.02,-28.7,3.64,5.5,3.02,3.65,4.05,No,-21.23,251.0,8
2026-09-30 13:13,AKASH,Akash Infra-Projects Limited,24.94,-1.5,4302.0,3653.0,1.18,29.49,23.56,-15.43,5.86,34.74,22.8,25.44,26.0,No,-3.89,249.0,46
2026-09-30 13:13,AKCAPIT,AK Capital Services Limited,1706.3,-1.26,305.0,1074.0,0.28,1800.0,1644.2,-5.21,3.78,1800.0,1644.2,,,,,31.0,
2026-09-30 13:13,AKG,Akg Exim Limited,9.74,-0.61,13934.0,24088.0,0.58,11.8,8.06,-17.46,20.84,15.07,8.06,9.54,11.22,No,-13.71,250.0,23
2026-09-30 13:13,AKSHAR,Akshar Spintex Limited,0.42,2.44,1069939.0,1025542.0,1.04,0.51,0.39,-17.65,7.69,0.76,0.36,0.41,0.45,No,-6.08,250.0,41
2026-09-30 13:13,AKUMS,Akums Drugs and Pharmaceuticals Limited,818.5,-0.13,196569.0,283538.0,0.69,838.8,500.05,-2.42,63.68,838.8,409.3,747.62,575.22,Yes,52.06,250.0,94
2026-09-30 13:13,ALANKIT,Alankit Limited,7.83,3.57,128910.0,114928.0,1.12,9.6,7.36,-18.44,6.39,13.38,6.8,7.98,8.71,No,-8.8,250.0,34
2026-09-30 13:13,ALBERTDAVD,Albert David Limited,872.25,-0.47,6427.0,3949.0,1.63,931.85,678.0,-6.4,28.65,931.85,579.9,816.45,736.66,Yes,23.39,250.0,82
2026-09-30 13:13,ALEMBICLTD,Alembic Limited,107.23,-1.12,818788.0,2843087.0,0.29,117.72,83.0,-8.91,29.19,117.72,70.46,96.93,92.4,Yes,17.58,252.0,77
2026-09-30 13:13,ALFREDHE,Alfred Herbert India Limited,2823.0,3.03,9.0,55.0,0.16,3151.0,2709.2,-10.41,4.2,3151.0,2709.2,,,,,30.0,
2026-09-30 13:13,ALGOQUANT,Algoquant Fintech Limited,66.03,0.59,1127920.0,1450354.0,0.78,76.2,52.11,-13.35,26.71,76.2,47.8,66.87,,,18.63,185.0,78
2026-09-30 13:13,ALICON,Alicon Castalloy Limited,869.8,20.0,940293.0,80705.0,11.65,869.8,618.05,0.0,40.73,1022.0,580.0,712.86,708.38,Yes,28.37,250.0,85
2026-09-30 13:13,ALIVUS,Alivus Life Sciences Limited,1379.3,1.66,186555.0,123329.0,1.51,1493.8,996.4,-7.67,38.43,1493.8,819.0,1335.98,1085.04,Yes,32.12,251.0,87
2026-09-30 13:13,ALKEM,Alkem Laboratories Limited,5163.5,-1.65,146561.0,144398.0,1.01,5882.5,5051.0,-12.22,2.23,5933.5,5051.0,5393.43,5483.02,No,-5.33,251.0,43
2026-09-30 13:13,ALKYLAMINE,Alkyl Amines Chemicals Limited,1761.7,-1.1,31646.0,48806.0,0.65,2115.0,1581.3,-16.7,11.41,2115.0,1212.0,1906.77,1675.03,Yes,9.08,252.0,68
2026-09-30 13:13,ALLCARGO,Allcargo Logistics Limited,10.13,-3.8,7852700.0,10417003.0,0.75,13.72,7.75,-26.17,30.71,36.55,7.11,10.69,9.48,Yes,17.11,252.0,77
2026-09-30 13:13,ALLDIGI,Alldigi Tech Limited,767.25,-1.1,8376.0,5484.0,1.53,893.9,750.0,-14.17,2.3,1000.0,700.0,808.62,816.25,No,-4.55,249.0,45
2026-09-30 13:13,ALLTIME,All Time Plastics Limited,194.0,0.42,31089.0,116329.0,0.27,270.0,192.11,-28.15,0.98,314.7,186.0,211.34,230.57,No,-19.23,252.0,10
2026-09-30 13:13,ALOKINDS,Alok Industries Limited,7.09,0.42,12342648.0,24238072.0,0.51,14.12,6.98,-49.79,1.58,18.45,6.98,9.7,12.84,No,-48.01,252.0,1
2026-09-30 13:13,ALPA,Alpa Laboratories Limited,59.51,-0.42,8263.0,24935.0,0.33,78.89,55.76,-24.57,6.73,93.85,46.1,63.51,67.26,No,-7.82,249.0,36
2026-09-30 13:13,ALPINETEX,Alpine Texworld Limited,47.8,-2.35,111522.0,300976.0,0.37,105.0,47.22,-54.48,1.23,105.0,47.22,60.24,,,,52.0,
2026-09-30 13:13,ALUFLUOR,Alufluoride Limited,632.7,0.02,19252.0,13995.0,1.38,649.0,430.0,-2.51,47.14,649.0,430.0,,,,,32.0,
2026-09-30 13:13,AMAGI,Amagi Media Labs Limited,549.45,-2.55,281618.0,300653.0,0.94,727.4,386.1,-24.46,42.31,727.4,310.2,598.29,,,26.61,175.0,84
2026-09-30 13:13,AMAL,Amal Limited,684.5,0.35,6607.0,12218.0,0.54,822.0,636.05,-16.73,7.62,822.0,636.05,,,,,31.0,
2026-09-30 13:13,AMARJOTHI,Amarjothi Spinning Mills Limited,149.0,-1.97,342.0,1950.0,0.18,166.0,88.4,-10.24,68.55,166.0,88.4,,,,,36.0,
2026-09-30 13:13,AMBER,Amber Enterprises India Limited,6672.5,1.0,224400.0,117211.0,1.91,8541.0,6606.5,-21.88,1.0,8974.0,5400.5,7257.28,7251.83,No,-3.26,252.0,47
2026-09-30 13:13,AMBICAAGAR,Ambica Agarbathies & Aroma industries Limited,24.4,0.12,13549.0,54439.0,0.25,28.35,22.6,-13.93,7.96,29.68,20.0,24.95,24.48,No,0.24,250.0,55
2026-09-30 13:13,AMBIKCO,Ambika Cotton Mills Limited,1520.6,-0.43,5265.0,8488.0,0.62,1931.0,1512.0,-21.25,0.57,1931.0,1101.0,1642.82,1494.66,Yes,4.61,251.0,62
2026-09-30 13:13,AMBUJACEM,Ambuja Cements Limited,374.0,2.26,3219609.0,1251970.0,2.57,462.0,365.75,-19.05,2.26,588.75,365.75,408.33,455.5,No,-19.28,252.0,10
2026-09-30 13:13,AMJLAND,Amj Land Holdings Limited,37.62,-1.1,3327.0,8626.0,0.39,41.0,35.0,-8.24,7.49,57.39,30.3,38.46,40.52,No,-7.12,250.0,38
2026-09-30 13:13,AMNPLST,Amines & Plasticizers Limited,171.57,0.82,2629.0,8869.0,0.3,222.0,160.0,-22.72,7.23,250.0,127.0,182.32,178.93,No,-2.32,251.0,50
2026-09-30 13:13,AMRUTANJAN,Amrutanjan Health Care Limited,514.75,1.88,62878.0,41782.0,1.5,589.75,476.5,-12.72,8.03,760.15,476.5,507.97,558.94,No,-8.05,252.0,36
2026-09-30 13:13,ANANDRATHI,Anand Rathi Wealth Limited,2120.0,0.92,552684.0,343240.0,1.61,2268.4,1710.6,-6.54,23.93,2268.4,1353.85,2152.76,1808.45,Yes,17.76,252.0,77
2026-09-30 13:13,ANANTRAJ,Anant Raj Limited,598.9,-0.56,1121843.0,2896991.0,0.39,649.0,464.0,-7.72,29.07,743.65,403.0,612.33,545.95,Yes,14.21,252.0,74
2026-09-30 13:13,ANDHRAPAP,ANDHRA PAPER LIMITED,72.68,0.5,240892.0,3734873.0,0.06,79.79,59.27,-8.91,22.63,86.89,58.0,65.18,64.62,Yes,15.62,251.0,75
2026-09-30 13:13,ANDHRSUGAR,The Andhra Sugars Limited,93.15,-1.32,186112.0,355758.0,0.52,105.59,75.6,-11.78,23.21,107.23,66.5,94.64,83.55,Yes,17.94,252.0,77
2026-09-30 13:13,ANDREWYU,Andrew Yule & Company Limited,26.02,0.7,44656.0,89104.0,0.5,31.35,24.51,-17.0,6.16,31.35,24.51,,,,,37.0,
2026-09-30 13:13,ANGELONE,Angel One Limited,274.0,0.18,2438520.0,4976325.0,0.49,360.45,273.25,-23.98,0.27,360.45,208.63,294.22,288.04,No,-4.04,252.0,46
2026-09-30 13:13,ANIKINDS,Anik Industries Limited,44.45,1.07,2550.0,6287.0,0.41,48.99,39.13,-9.27,13.6,83.4,32.5,43.7,44.86,No,0.91,251.0,56
2026-09-30 13:13,ANNAPURNA,Annapurna Swadisht Limited,131.0,2.97,115323.0,40703.0,2.83,168.75,120.75,-22.37,8.49,287.0,120.75,140.71,160.5,No,-15.9,250.0,17
2026-09-30 13:13,ANNU,Annu Projects Limited,48.22,0.79,584949.0,943559.0,0.62,75.6,46.55,-36.22,3.59,75.6,46.55,,,,,21.0,
2026-09-30 13:13,ANSALBU,Ansal Buildwell Limited,87.75,2.08,9005.0,13522.0,0.67,107.5,70.64,-18.37,24.22,107.5,70.64,,,,,31.0,
2026-09-30 13:13,ANTELOPUS,Antelopus Selan Energy Limited,1125.9,-3.15,316357.0,3868086.0,0.08,1290.9,677.0,-12.78,66.31,1290.9,357.0,939.04,709.98,Yes,82.85,252.0,98
2026-09-30 13:13,ANTGRAPHIC,Antarctica Limited,0.71,1.43,89758.0,212514.0,0.42,0.94,0.69,-24.47,2.9,1.17,0.64,0.73,0.83,No,-14.87,250.0,20
2026-09-30 13:13,ANTHEM,Anthem Biosciences Limited,858.6,-1.28,189768.0,840365.0,0.23,977.55,732.0,-12.17,17.3,977.55,579.15,879.8,751.08,Yes,20.99,252.0,80
2026-09-30 13:13,ANUHPHR,Anuh Pharma Limited,87.4,-2.54,70318.0,293845.0,0.24,99.5,74.0,-12.16,18.11,99.5,67.0,83.7,79.39,Yes,11.22,251.0,71
2026-09-30 13:13,ANUP,The Anup Engineering Limited,1596.3,0.32,11749.0,24038.0,0.49,2398.8,1580.0,-33.45,1.03,2524.0,1422.3,1835.06,1936.34,No,-24.77,251.0,5
2026-09-30 13:13,ANURAS,Anupam Rasayan India Limited,1181.0,0.27,133965.0,569180.0,0.24,1390.8,1115.8,-15.08,5.84,1415.0,1047.9,1218.32,1275.93,No,-7.7,251.0,37
2026-09-30 13:13,APARINDS,Apar Industries Limited,17384.0,-2.35,116079.0,131125.0,0.89,19265.0,11864.0,-9.76,46.53,19265.0,6801.0,16730.22,12629.87,Yes,57.01,252.0,95
2026-09-30 13:13,APCL,Anjani Portland Cement Limited,94.22,-0.74,7847.0,6024.0,1.3,127.0,92.0,-25.81,2.41,148.78,92.0,100.65,114.89,No,-12.68,250.0,25
2026-09-30 13:13,APCOTEXIND,Apcotex Industries Limited,595.6,0.03,40625.0,110378.0,0.37,712.0,468.4,-16.35,27.16,712.0,310.45,611.75,469.45,Yes,38.32,251.0,90
2026-09-30 13:13,APEX,Apex Frozen Foods Limited,336.5,-1.92,66094.0,106091.0,0.62,480.55,334.5,-29.98,0.6,514.5,219.86,374.32,382.67,No,-6.68,252.0,39
2026-09-30 13:13,APLAPOLLO,APL Apollo Tubes Limited,2190.1,0.07,587346.0,592226.0,0.99,2281.0,1736.0,-3.99,26.16,2301.4,1690.0,2093.6,1986.65,Yes,18.44,252.0,78
2026-09-30 13:13,APLLTD,Alembic Pharmaceuticals Limited,825.45,-4.18,266142.0,222752.0,1.19,876.4,706.9,-5.81,16.77,998.0,635.8,823.74,781.13,Yes,5.95,252.0,64
2026-09-30 13:13,APOLLO,Apollo Micro Systems Limited,403.45,0.21,4344334.0,7934365.0,0.55,466.5,283.25,-13.52,42.44,466.5,179.5,393.17,320.81,Yes,32.37,252.0,88
2026-09-30 13:13,APOLLOHOSP,Apollo Hospitals Enterprise Limited,8165.5,-5.7,2107798.0,401707.0,5.25,9070.5,7814.5,-9.98,4.49,9070.5,6696.5,8816.86,8041.15,Yes,2.58,252.0,59
2026-09-30 13:13,APOLLOPIPE,Apollo Pipes Limited,507.85,-1.14,166142.0,205038.0,0.81,668.8,463.05,-24.07,9.67,668.8,252.1,549.7,442.21,Yes,25.27,252.0,83
2026-09-30 13:13,APOLLOTYRE,Apollo Tyres Limited,404.7,-0.5,684011.0,889526.0,0.77,467.4,365.3,-13.41,10.79,540.5,365.3,426.6,440.48,No,-10.03,252.0,31
2026-09-30 13:13,APOLSINHOT,Apollo Sindoori Hotels Limited,1162.6,-0.31,1022.0,737.0,1.39,1440.0,1080.2,-19.26,7.63,1440.0,950.0,1208.74,1207.23,No,-1.33,249.0,52
2026-09-30 13:13,APOORVA,Apoorva Leasing Finance and Investment Company Limited,33.0,0.0,103.0,625.0,0.16,35.58,24.04,-7.25,37.27,35.58,24.04,,,,,29.0,
2026-09-30 13:13,APTECHT,Aptech Limited,88.26,-0.39,53672.0,71158.0,0.75,128.48,85.5,-31.3,3.23,128.48,69.1,91.64,93.49,No,-5.7,252.0,42
2026-09-30 13:13,APTUS,Aptus Value Housing Finance India Limited,232.53,-0.35,1838691.0,1744111.0,1.05,309.0,230.0,-24.75,1.1,332.0,193.03,255.08,258.15,No,-9.47,252.0,32
2026-09-30 13:13,AQYLON,Aqylon Nexus Limited,16.26,-4.97,476188.0,2765804.0,0.17,66.98,16.26,-75.72,0.0,1714.9,16.26,22.78,166.63,No,-72.68,251.0,1
2026-09-30 13:13,ARCHIDPLY,Archidply Industries Limited,103.5,1.49,33170.0,16881.0,1.96,124.78,75.35,-17.05,37.36,124.78,60.0,97.47,85.88,Yes,31.59,251.0,87
2026-09-30 13:13,ARCHIES,Archies Limited,12.39,-0.32,7581.0,26954.0,0.28,15.7,12.01,-21.08,3.16,21.5,10.86,13.3,14.81,No,-12.88,249.0,24
2026-09-30 13:13,ARCIL,Asset Reconstruction Company (India) Limited,144.59,1.46,1942367.0,7607574.0,0.26,157.0,124.5,-7.9,16.14,157.0,124.5,,,,,10.0,
2026-09-30 13:13,ARCL,ARCL Organics Limited,241.9,3.82,351.0,3242.0,0.11,280.7,216.89,-13.82,11.53,280.7,216.89,,,,,31.0,
2026-09-30 13:13,ARDEE,Ardee Industries Limited,50.77,-0.78,3251462.0,3577459.0,0.91,73.19,46.5,-30.63,9.18,73.19,46.5,,,,,36.0,
2026-09-30 13:13,ARE&M,Amara Raja Energy & Mobility Limited,754.55,-1.53,706629.0,417019.0,1.69,1017.3,750.0,-25.83,0.61,1023.0,670.0,872.43,852.66,No,-8.92,252.0,33
2026-09-30 13:13,ARENTERP,Rajdarshan Industries Limited,33.9,2.88,137.0,1227.0,0.11,52.9,27.6,-35.92,22.83,60.79,27.6,37.0,39.3,No,-9.13,249.0,33
2026-09-30 13:13,ARFIN,Arfin India Limited,89.19,1.17,916402.0,1301087.0,0.7,101.9,80.0,-12.47,11.49,106.2,45.16,87.19,83.97,Yes,10.24,250.0,70
2026-09-30 13:13,ARIHANT,Arihant Foundations & Housing Limited,900.7,1.33,2591.0,2357.0,1.1,1225.0,715.1,-26.47,25.95,1225.0,39.65,990.69,,,,120.0,
2026-09-30 13:13,ARIHANTCAP,Arihant Capital Markets Limited,89.74,-0.93,513588.0,1128835.0,0.45,98.8,61.15,-9.17,46.75,120.0,56.97,79.72,76.21,Yes,25.68,251.0,83
2026-09-30 13:13,ARIHANTSUP,Arihant Superstructures Limited,222.85,-3.21,1653.0,10461.0,0.16,302.8,209.05,-26.4,6.6,465.0,188.8,246.47,262.41,No,-12.84,249.0,25
2026-09-30 13:13,ARIS,Arisinfra Solutions Limited,143.88,6.58,4654446.0,1849430.0,2.52,153.25,105.2,-6.11,36.77,178.3,82.18,133.5,120.83,Yes,27.65,252.0,85
2026-09-30 13:13,ARKADE,Arkade Developers Limited,119.39,-2.08,136860.0,185119.0,0.74,144.5,110.1,-17.38,8.44,180.0,92.62,128.67,122.14,No,-0.94,251.0,53
2026-09-30 13:13,ARMANFIN,Arman Financial Services Limited,1744.2,1.92,31160.0,35995.0,0.87,2158.6,1491.1,-19.2,16.97,2158.6,1301.0,1957.61,1696.19,Yes,7.78,251.0,66
2026-09-30 13:13,ARMEE,ArMee Infotech Limited,,,,,,,,,,,,,,,,,
2026-09-30 13:13,AROGRANITE,Aro Granite Industries Limited,23.28,2.06,1925.0,6264.0,0.31,27.79,21.0,-16.23,10.86,40.0,18.67,24.55,26.17,No,-8.46,249.0,35
2026-09-30 13:13,ARROWGREEN,Arrow Greentech Limited,856.05,-1.89,47963.0,63429.0,0.76,952.75,430.55,-10.15,98.83,952.75,341.95,780.81,578.06,Yes,50.03,251.0,93
2026-09-30 13:13,ARSSBL,Anand Rathi Share and Stock Brokers Limited,515.1,2.93,369965.0,152066.0,2.43,592.6,470.55,-13.08,9.47,794.85,416.0,507.15,543.05,No,-5.84,252.0,42
2026-09-30 13:13,ARTEMISMED,Artemis Medicare Services Limited,345.55,-5.74,1001767.0,1473123.0,0.68,378.8,253.2,-8.78,36.47,378.8,203.35,321.52,269.51,Yes,37.97,247.0,90
2026-09-30 13:13,ARTNIRMAN,Art Nirman Limited,40.24,10.19,6656.0,1262.0,5.27,45.95,36.41,-12.43,10.52,66.97,29.39,40.23,41.55,No,0.98,250.0,56
2026-09-30 13:13,ARVEE,Arvee Laboratories (India) Limited,225.16,-3.3,5986.0,35294.0,0.17,255.0,147.15,-11.7,53.01,290.78,129.11,177.64,170.57,Yes,33.14,250.0,88
2026-09-30 13:13,ARVIND,Arvind Limited,539.9,-1.02,644040.0,627973.0,1.03,607.15,432.0,-11.08,24.98,607.15,277.9,546.44,441.02,Yes,26.09,252.0,84
2026-09-30 13:13,ARVINDFASN,Arvind Fashions Limited,387.45,-5.53,332501.0,211085.0,1.58,495.0,386.0,-21.73,0.38,569.0,366.2,442.6,455.14,No,-18.0,251.0,13
2026-09-30 13:13,ARVSMART,Arvind SmartSpaces Limited,601.75,-1.3,40388.0,407314.0,0.1,707.85,540.35,-14.99,11.36,707.85,486.8,623.99,590.47,Yes,2.63,251.0,59
2026-09-30 13:13,ARYAMAN,Aryaman Financial Services Limited,630.0,1.61,5.0,1706.0,0.0,674.95,570.0,-6.66,10.53,674.95,570.0,,,,,31.0,
2026-09-30 13:13,ASAHIINDIA,Asahi India Glass Limited,958.85,0.09,85211.0,140343.0,0.61,995.0,793.95,-3.63,20.77,1074.0,775.1,936.61,906.43,Yes,7.87,252.0,67
2026-09-30 13:13,ASAL,Automotive Stampings and Assemblies Limited,433.5,1.29,7089.0,11194.0,0.63,560.5,424.05,-22.66,2.23,612.0,374.5,481.29,478.15,No,-9.53,252.0,32
2026-09-30 13:13,ASALCBR,Associated Alcohols & Breweries Ltd.,615.45,-3.02,44141.0,33333.0,1.32,896.35,615.1,-31.34,0.06,1277.0,615.1,713.55,812.72,No,-27.47,250.0,3
2026-09-30 13:13,ASHAPURMIN,Ashapura Minechem Limited,504.15,-2.82,261179.0,312266.0,0.84,788.0,497.5,-36.02,1.34,924.9,455.1,596.69,642.55,No,-20.89,252.0,8
2026-09-30 13:13,ASHIANA,Ashiana Housing Limited,386.0,-1.17,34947.0,88715.0,0.39,435.9,332.95,-11.45,15.93,435.9,269.45,371.64,342.31,Yes,14.53,252.0,74
2026-09-30 13:13,ASHIMASYN,Ashima Limited,15.98,-0.62,37084.0,77904.0,0.48,20.5,14.25,-22.05,12.14,23.5,11.5,17.34,16.3,No,5.68,252.0,64
2026-09-30 13:13,ASHOKA,Ashoka Buildcon Limited,107.75,-0.72,412957.0,572705.0,0.72,140.13,107.25,-23.11,0.47,214.5,101.0,115.38,131.05,No,-19.37,252.0,10
2026-09-30 13:13,ASHOKAMET,Ashoka Metcast Limited,15.18,0.2,15455.0,181796.0,0.09,19.4,13.0,-21.75,16.77,19.4,12.13,14.35,14.88,Yes,2.77,251.0,60
2026-09-30 13:13,ASHOKLEY,Ashok Leyland Limited,154.19,0.49,17699738.0,11077563.0,1.6,182.7,138.03,-15.6,11.71,215.42,134.21,167.07,171.63,No,-6.04,252.0,41
2026-09-30 13:13,ASIANENE,Asian Energy Services Limited,471.85,-1.34,211522.0,433176.0,0.49,565.7,290.8,-16.59,62.26,565.7,230.0,457.8,344.01,Yes,57.52,252.0,95
2026-09-30 13:13,ASIANHOTNR,Asian Hotels (North) Limited,354.8,-1.81,28570.0,27226.0,1.05,423.8,280.2,-16.28,26.62,423.8,247.5,340.29,312.3,Yes,16.06,250.0,76
2026-09-30 13:13,ASIANPAINT,Asian Paints Limited,2402.6,-0.51,553630.0,509254.0,1.09,2864.0,2381.0,-16.11,0.91,2985.7,2115.0,2595.18,2562.64,No,-6.94,252.0,39
2026-09-30 13:13,ASIANTILES,Asian Granito India Limited,49.68,-0.84,1065834.0,2534404.0,0.42,68.43,42.5,-27.4,16.89,79.06,42.5,50.98,61.15,No,-12.46,252.0,26
2026-09-30 13:13,ASIANTNE,Asian Tea & Exports Limited,9.22,2.22,22821.0,9945.0,2.29,10.99,8.22,-16.11,12.17,10.99,8.22,,,,,32.0,
2026-09-30 13:13,ASKAUTOLTD,ASK Automotive Limited,640.1,3.27,479481.0,303848.0,1.58,687.7,421.5,-6.92,51.86,687.7,375.3,615.31,489.07,Yes,40.66,252.0,91
2026-09-30 13:13,ASMS,Avio Smart Market Stack Limited,6.06,-0.33,557356.0,212181.0,2.63,8.38,5.1,-27.68,18.82,16.7,5.1,6.93,8.57,No,-26.48,251.0,4
2026-09-30 13:13,ASPINWALL,Aspinwall and Company Limited,241.85,-0.27,2012.0,2068.0,0.97,272.0,220.0,-11.08,9.93,299.8,200.25,248.81,234.6,Yes,2.25,249.0,59
2026-09-30 13:13,ASSAMENT,Assam Entrade Limited,818.0,4.87,15.0,3.0,3.9,857.75,705.0,-4.63,16.03,857.75,705.0,,,,,32.0,
2026-09-30 13:13,ASTAR,Asian Star Company Limited,679.7,-0.82,123.0,1927.0,0.06,848.0,485.0,-19.85,40.14,848.0,485.0,,,,,32.0,
2026-09-30 13:13,ASTEC,Astec LifeSciences Limited,722.75,3.81,1100655.0,615544.0,1.79,850.0,540.0,-14.97,33.84,941.75,513.4,644.77,667.97,Yes,9.68,252.0,69
2026-09-30 13:13,ASTERDM,Aster DM Quality Care Limited,697.15,-5.01,2346051.0,1245999.0,1.88,891.3,691.75,-21.78,0.78,891.3,519.1,785.33,709.75,No,-1.81,252.0,51
2026-09-30 13:13,ASTRAL,Astral Limited,1370.4,-0.33,257796.0,570295.0,0.45,1614.8,1311.6,-15.14,4.48,1768.7,1311.6,1463.02,1504.83,No,-3.35,252.0,47
2026-09-30 13:13,ASTRAMICRO,Astra Microwave Products Limited,1636.7,-0.96,270432.0,317821.0,0.85,1960.0,1070.1,-16.49,52.95,1960.0,851.0,1703.63,1301.58,Yes,29.32,252.0,86
2026-09-30 13:13,ASTRAZEN,AstraZeneca Pharma India Limited,6186.0,-1.1,56726.0,8378.0,6.77,9150.0,6120.5,-32.39,1.07,9849.5,6120.5,7293.37,8193.29,No,-25.53,251.0,4
2026-09-30 13:13,ATALREAL,Atal Realtech Limited,12.58,4.57,2281142.0,8295768.0,0.27,36.7,11.7,-65.72,7.52,36.7,11.7,26.55,26.68,No,-52.3,250.0,1
2026-09-30 13:13,ATAM,Atam Valves Limited,56.34,2.6,12689.0,21131.0,0.6,79.0,50.0,-28.68,12.68,111.0,48.5,59.39,67.9,No,-15.36,250.0,18
2026-09-30 13:13,ATGL,Adani Total Gas Limited,593.9,0.93,616036.0,2680624.0,0.23,859.85,576.4,-30.93,3.04,859.85,462.8,633.08,615.4,No,-4.29,252.0,45
2026-09-30 13:13,ATHERENERG,Ather Energy Limited,1425.0,1.28,3084823.0,3735853.0,0.83,1744.0,873.6,-18.29,63.12,1744.0,582.0,1489.16,1010.61,Yes,55.65,252.0,95
2026-09-30 13:13,ATL,Allcargo Terminals Limited,24.44,-0.12,119329.0,197166.0,0.61,28.18,22.18,-13.27,10.19,40.4,18.2,24.61,24.78,No,-1.39,251.0,52
2026-09-30 13:13,ATLANTAA,ATLANTAA LIMITED,37.25,1.53,154317.0,50507.0,3.06,49.95,34.5,-25.43,7.97,73.39,31.52,37.82,40.42,No,-4.49,250.0,45
2026-09-30 13:13,ATLANTAELE,Atlanta Electricals Limited,1608.1,-1.6,85227.0,104245.0,0.82,2152.6,1493.0,-25.29,7.71,2152.6,707.6,1692.77,1411.42,Yes,26.24,251.0,84
2026-09-30 13:13,ATLASCYCLE,Atlas Cycles (Haryana) Limited,93.53,-1.4,4892.0,90504.0,0.05,116.0,86.1,-19.37,8.63,123.67,76.15,96.52,96.22,No,-2.62,250.0,49
2026-09-30 13:13,ATUL,Atul Limited,5915.5,-1.12,61195.0,28473.0,2.15,7170.0,5881.0,-17.5,0.59,7180.0,5560.5,6454.62,6439.04,No,-6.76,252.0,39
2026-09-30 13:13,ATULAUTO,Atul Auto Limited,448.15,2.14,83177.0,68178.0,1.22,596.55,427.2,-24.88,4.9,596.55,380.05,481.53,464.86,No,-1.76,252.0,51
2026-09-30 13:13,AUBANK,AU Small Finance Bank Limited,1010.3,0.51,1358156.0,1202985.0,1.13,1144.1,941.4,-11.69,7.32,1144.1,720.7,1058.73,1006.2,Yes,1.71,252.0,58
2026-09-30 13:13,AUGMONT,Augmont Enterprises Limited,1086.55,2.29,2988859.0,1186520.0,2.52,1138.5,806.05,-4.56,34.8,1138.5,806.05,,,,,23.0,
2026-09-30 13:13,AURIONPRO,Aurionpro Solutions Limited,622.1,-1.91,128382.0,127413.0,1.01,932.2,620.0,-33.27,0.34,1240.0,620.0,706.7,846.82,No,-29.84,252.0,3
2026-09-30 13:13,AUROPHARMA,Aurobindo Pharma Limited,1672.0,-1.51,1138601.0,751643.0,1.51,1740.0,1391.0,-3.91,20.2,1740.0,1066.8,1643.85,1419.04,Yes,18.01,251.0,77
2026-09-30 13:13,AURUM,Aurum PropTech Limited,232.37,5.47,461823.0,111399.0,4.15,264.64,171.6,-12.19,35.41,264.64,151.9,224.67,195.8,Yes,15.86,251.0,75
2026-09-30 13:13,AURUS,AURUS GEM CORPORATION LIMITED,4.43,-3.06,43033.0,26004.0,1.65,5.88,4.21,-24.66,5.23,6.95,4.1,4.71,4.94,No,-7.28,251.0,38
2026-09-30 13:13,AUSOMENT,Ausom Enterprise Limited,140.68,-2.14,4187.0,6246.0,0.67,166.59,111.0,-15.55,26.74,178.0,93.0,146.03,125.16,Yes,30.33,251.0,86
2026-09-30 13:13,AUSTENG,Austin Engineering Company  Limited,171.52,8.56,54150.0,24351.0,2.22,178.0,110.0,-3.64,55.93,178.0,110.0,,,,,32.0,
2026-09-30 13:13,AUTOAXLES,Automotive Axles Limited,1706.5,0.41,2884.0,5951.0,0.48,1974.3,1625.0,-13.56,5.02,2115.0,1540.2,1748.16,1807.88,No,-3.38,250.0,47
2026-09-30 13:13,AUTOIND,Autoline Industries Limited,82.66,0.82,106738.0,315811.0,0.34,104.0,69.99,-20.52,18.1,104.0,48.35,87.72,78.52,Yes,9.58,251.0,69
2026-09-30 13:13,AVADHSUGAR,Avadh Sugar & Energy Limited,800.2,0.85,100923.0,124688.0,0.81,884.8,428.0,-9.56,86.96,884.8,306.05,714.76,499.6,Yes,74.93,251.0,98
2026-09-30 13:13,AVALON,Avalon Technologies Limited,2296.7,-0.23,2010400.0,740728.0,2.71,2618.0,1234.5,-12.27,86.04,2618.0,777.3,2118.14,1428.27,Yes,89.2,252.0,98
2026-09-30 13:13,AVANCE,Avance Technologies Limited,0.82,-3.53,8121724.0,4945078.0,1.64,0.94,0.77,-12.77,6.49,0.94,0.77,,,,,32.0,
2026-09-30 13:13,AVANTEL,Avantel Limited,154.06,3.24,1744753.0,1908546.0,0.91,197.77,138.8,-22.1,10.99,215.0,117.05,157.3,156.13,No,-3.99,252.0,46
2026-09-30 13:13,AVANTIFEED,Avanti Feeds Limited,717.8,-3.97,468567.0,295150.0,1.59,1380.0,715.0,-47.99,0.39,1593.8,636.0,839.93,1046.64,No,-26.37,251.0,4
2026-09-30 13:13,AVL,Aditya Vision Limited,594.35,1.46,107338.0,195159.0,0.55,705.0,500.75,-15.7,18.69,705.0,436.55,613.14,548.05,Yes,9.51,251.0,69
2026-09-30 13:13,AVONMORE,Avonmore Capital & Management Services Limited,12.94,-0.38,106930.0,270469.0,0.4,14.67,9.05,-11.79,42.98,20.39,9.05,12.51,12.99,No,10.93,250.0,71
2026-09-30 13:13,AVROIND,AVRO INDIA LIMITED,6.83,-2.15,93679.0,370600.0,0.25,12.99,6.8,-47.42,0.44,15.87,6.8,8.44,10.94,No,-36.66,252.0,2
2026-09-30 13:13,AVTNPL,AVT Natural Products Limited,91.29,-0.99,232411.0,595253.0,0.39,102.0,65.31,-10.5,39.78,102.0,53.5,83.23,70.65,Yes,37.45,250.0,89
2026-09-30 13:13,AWFIS,Awfis Space Solutions Limited,244.1,-1.21,196572.0,1707201.0,0.12,424.0,242.6,-42.43,0.62,639.4,229.05,267.68,326.96,No,-24.75,252.0,5
2026-09-30 13:13,AWHCL,Antony Waste Handling Cell Limited,364.55,0.05,68038.0,446240.0,0.15,506.95,337.55,-28.09,8.0,605.0,337.55,389.61,459.2,No,-21.79,252.0,7
2026-09-30 13:13,AWL,AWL Agri Business Limited,177.68,-0.6,908773.0,1892977.0,0.48,204.82,172.6,-13.25,2.94,282.9,171.19,189.3,196.36,No,-10.1,252.0,31
2026-09-30 13:13,AXISBANK,Axis Bank Limited,1226.0,1.15,6178484.0,4700721.0,1.31,1400.1,1175.0,-12.43,4.34,1418.3,1150.3,1241.3,1285.22,No,-5.57,252.0,42
2026-09-30 13:13,AXISCADES,AXISCADES Technologies Limited,2231.2,7.92,1247974.0,288399.0,4.33,2274.1,1416.1,-1.89,57.56,2274.1,1063.3,1692.23,1622.47,Yes,43.38,252.0,92
2026-09-30 13:13,AXITA,Axita Cotton Limited,7.71,-1.28,494920.0,673307.0,0.74,8.58,6.57,-10.14,17.35,12.2,6.57,7.69,8.44,No,-10.56,251.0,30
2026-09-30 13:13,AXTEL,Axtel Industries Limited,440.8,-0.64,5897.0,8226.0,0.72,459.9,385.0,-4.15,14.49,459.9,385.0,,,,,31.0,
2026-09-30 13:13,AYE,Aye Finance Limited,155.89,-2.39,863681.0,891729.0,0.97,197.29,122.0,-20.98,27.78,197.29,88.22,173.81,,,15.88,158.0,75
2026-09-30 13:13,AYMSYNTEX,AYM Syntex Limited,292.15,2.17,44125.0,130811.0,0.34,330.0,202.75,-11.47,44.09,330.0,141.53,270.61,216.99,Yes,36.8,250.0,89
2026-09-30 13:13,AZAD,Azad Engineering Limited,2963.2,1.68,5708490.0,858810.0,6.65,3127.9,1874.8,-5.27,58.05,3127.9,1360.0,2675.02,2050.16,Yes,61.24,252.0,96
2026-09-30 13:13,AZADIND,Azad India Mobility Limited,84.6,4.94,77601.0,45869.0,1.69,98.99,70.41,-14.54,20.15,98.99,70.41,,,,,31.0,
2026-09-30 13:13,BAGFILMS,B.A.G Films and Media Limited,4.1,0.0,61189.0,103714.0,0.59,5.56,3.9,-26.26,5.13,8.0,3.61,4.41,5.0,No,-15.74,252.0,18
2026-09-30 13:13,BAIDFIN,Baid Finserv Limited,10.38,-0.67,74199.0,174653.0,0.42,12.95,9.11,-19.85,13.94,12.98,8.8,10.23,10.66,No,-0.23,249.0,54
2026-09-30 13:13,BAJAJ-AUTO,Bajaj Auto Limited,10874.0,0.58,313711.0,194971.0,1.61,12470.0,9501.0,-12.8,14.45,12470.0,8491.5,11602.99,10227.33,Yes,15.06,252.0,74
2026-09-30 13:13,BAJAJCON,Bajaj Consumer Care Limited,495.55,0.52,260252.0,713229.0,0.36,692.0,447.85,-28.39,10.65,692.0,235.15,508.91,453.85,Yes,20.92,252.0,80
2026-09-30 13:13,BAJAJELEC,Bajaj Electricals Limited,303.4,-2.08,155783.0,116866.0,1.33,407.5,301.0,-25.55,0.8,560.95,301.0,337.51,367.4,No,-16.52,252.0,16
2026-09-30 13:13,BAJAJFINSV,Bajaj Finserv Limited,1731.0,-0.65,1086211.0,662462.0,1.64,2118.5,1640.5,-18.29,5.52,2195.0,1597.0,1945.26,1884.06,No,-7.25,252.0,38
2026-09-30 13:13,BAJAJHCARE,Bajaj Healthcare Limited,327.2,-2.33,84330.0,149740.0,0.56,394.0,272.35,-16.95,20.14,506.45,272.35,329.36,336.88,No,-7.22,252.0,38
2026-09-30 13:13,BAJAJHFL,Bajaj Housing Finance Limited,82.0,0.91,4274554.0,2968307.0,1.44,94.0,81.06,-12.77,1.16,113.45,72.65,84.4,86.75,No,-7.66,252.0,37
2026-09-30 13:13,BAJAJHIND,Bajaj Hindusthan Sugar Limited,19.54,-2.2,12460470.0,19435522.0,0.64,26.0,16.58,-24.85,17.85,26.0,14.85,19.82,18.25,Yes,9.12,252.0,68
2026-09-30 13:13,BAJAJHLDNG,Bajaj Holdings & Investment Limited,10788.0,1.77,40022.0,42297.0,0.95,11644.0,9816.0,-7.35,9.9,13250.0,8588.0,11190.68,10675.45,Yes,2.03,252.0,58
2026-09-30 13:13,BAJAJINDEF,Indef Manufacturing Limited,211.02,-0.98,8436.0,21550.0,0.39,293.6,209.05,-28.13,0.94,442.6,207.25,223.48,262.9,No,-20.74,251.0,8
2026-09-30 13:13,BAJAJST,Bajaj Steel Industries Limited,345.45,0.1,7198.0,7575.0,0.95,378.0,333.25,-8.61,3.66,378.0,333.25,,,,,31.0,
2026-09-30 13:13,BAJEL,Bajel Projects Limited,164.9,-3.11,197586.0,147754.0,1.34,215.5,163.5,-23.48,0.86,219.64,135.1,181.63,175.74,No,-6.16,252.0,41
2026-09-30 13:13,BAJFINANCE,Bajaj Finance Limited,959.4,-1.48,6625358.0,6025138.0,1.1,1176.4,860.45,-18.45,11.5,1176.4,787.9,1059.98,976.59,No,-1.0,252.0,53
2026-09-30 13:13,BALAJEE,Shree Tirupati Balajee Agro Trading Company Limited,25.2,-0.9,36875.0,27043.0,1.36,33.0,24.06,-23.64,4.74,54.48,21.1,26.37,30.39,No,-14.01,250.0,22
2026-09-30 13:13,BALAJITELE,Balaji Telefilms Limited,91.26,-0.52,130351.0,282085.0,0.46,111.95,80.95,-18.48,12.74,133.23,69.52,90.88,93.94,No,-1.94,251.0,50
2026-09-30 13:13,BALAMINES,Balaji Amines Limited,2118.5,-1.1,117127.0,185049.0,0.63,2629.8,1496.0,-19.44,41.61,2629.8,968.1,2218.76,1645.14,Yes,46.44,252.0,93
2026-09-30 13:13,BALAXI,BALAXI PHARMACEUTICALS LIMITED,22.78,-1.04,11994.0,59458.0,0.2,27.76,21.0,-17.94,8.48,45.34,15.2,23.6,23.9,No,-2.45,249.0,49
2026-09-30 13:13,BALKRISHNA,Balkrishna Paper Mills Limited,16.29,2.65,4016.0,10881.0,0.37,21.0,15.5,-22.43,5.1,25.33,12.0,17.05,17.42,No,-4.55,250.0,45
2026-09-30 13:13,BALKRISIND,Balkrishna Industries Limited,2117.0,-0.43,119673.0,226839.0,0.53,2558.0,1970.0,-17.24,7.46,2775.0,1970.0,2283.26,2280.03,No,-3.81,251.0,46
2026-09-30 13:13,BALMLAWRIE,Balmer Lawrie & Company Limited,161.16,-0.27,90931.0,125407.0,0.73,199.41,160.11,-19.18,0.66,212.3,148.36,172.43,176.23,No,-8.75,252.0,34
2026-09-30 13:13,BALPHARMA,Bal Pharma Limited,109.53,-2.3,41420.0,156394.0,0.26,124.6,75.1,-12.09,45.85,124.6,60.0,93.32,80.86,Yes,50.11,249.0,93
2026-09-30 13:13,BALRAMCHIN,Balrampur Chini Mills Limited,662.85,-1.49,1285508.0,1965150.0,0.65,780.95,510.15,-15.12,29.93,780.95,393.55,661.45,537.81,Yes,30.35,252.0,86
2026-09-30 13:13,BALUFORGE,Balu Forge Industries Limited,496.35,-0.96,310853.0,877694.0,0.35,650.0,422.6,-23.64,17.45,678.0,341.05,514.94,487.85,Yes,2.09,252.0,59
2026-09-30 13:13,BANARBEADS,Banaras Beads Limited,120.75,4.77,3539.0,3901.0,0.91,128.8,96.05,-6.25,25.72,164.7,96.05,114.04,113.71,Yes,12.28,249.0,72
2026-09-30 13:13,BANARISUG,Bannari Amman Sugars Limited,3300.2,-0.15,308.0,1326.0,0.23,4338.0,3196.5,-23.92,3.24,4338.0,3105.2,3570.55,3585.64,No,-7.73,250.0,37
2026-09-30 13:13,BANCOINDIA,Banco Products (I) Limited,606.3,1.79,110111.0,84976.0,1.3,708.95,565.2,-14.48,7.27,879.8,502.0,622.85,628.79,No,-4.82,251.0,44
2026-09-30 13:13,BANDHANBNK,Bandhan Bank Limited,178.23,-3.82,13025807.0,13339577.0,0.98,220.76,159.24,-19.27,11.93,220.76,134.25,173.34,176.6,Yes,4.18,252.0,61
2026-09-30 13:13,BANG,Bang Overseas Limited,32.27,1.86,21308.0,45698.0,0.47,40.95,25.84,-21.2,24.88,62.07,25.84,31.7,36.81,No,-5.69,251.0,42
2026-09-30 13:13,BANKA,Banka BioLoo Limited,70.0,-0.74,918.0,3753.0,0.24,96.58,70.0,-27.52,0.0,96.58,41.0,81.12,74.11,No,1.96,249.0,58
2026-09-30 13:13,BANKBARODA,Bank of Baroda,230.55,1.26,10918799.0,6418813.0,1.7,287.2,223.82,-19.72,3.01,325.5,223.82,240.59,269.96,No,-12.62,252.0,25
2026-09-30 13:13,BANKINDIA,Bank of India,130.24,0.1,5016474.0,4896950.0,1.02,151.0,128.55,-13.75,1.31,178.36,122.2,140.61,147.16,No,-9.4,252.0,32
2026-09-30 13:13,BANSALWIRE,Bansal Wire Industries Limited,323.45,-1.28,109581.0,102588.0,1.07,370.0,286.2,-12.58,13.02,370.0,222.5,317.79,300.04,Yes,2.55,251.0,59
2026-09-30 13:13,BANSWRAS,Banswara Syntex Limited,108.61,1.21,7017.0,27265.0,0.26,144.0,105.99,-24.58,2.47,144.0,93.73,117.6,117.42,No,-9.5,250.0,32
2026-09-30 13:13,BASF,BASF India Limited,3447.8,0.36,10894.0,19310.0,0.56,4250.0,3242.5,-18.88,6.33,4829.9,3122.2,3781.89,3654.97,No,-4.99,252.0,44
2026-09-30 13:13,BATAINDIA,Bata India Limited,618.75,-0.26,59995.0,150823.0,0.4,803.3,613.0,-22.97,0.94,1238.0,605.0,680.49,743.14,No,-15.98,252.0,17
2026-09-30 13:13,BATLIBOI,Batliboi Limited,82.95,-2.69,26225.0,35477.0,0.74,106.5,71.21,-22.11,16.49,106.5,15.7,86.21,,,,121.0,
2026-09-30 13:13,BAYERCROP,Bayer Cropscience Limited,3627.6,0.69,21107.0,33298.0,0.63,4686.8,3575.0,-22.6,1.47,5149.9,3575.0,4024.23,4367.38,No,-16.84,252.0,15
2026-09-30 13:13,BBL,Bharat Bijlee Limited,2095.2,-1.34,13884.0,18934.0,0.73,3006.0,2053.1,-30.3,2.05,3411.0,2051.7,2315.39,2571.12,No,-18.79,252.0,11
2026-09-30 13:13,BBOX,Black Box Limited,804.8,-0.98,1137215.0,670465.0,1.7,1103.0,709.15,-27.04,13.49,1103.0,444.3,766.67,702.91,Yes,19.18,252.0,78
2026-09-30 13:13,BBTC,The Bombay Burmah Trading Corporation Limited,1357.4,0.18,24685.0,175694.0,0.14,1639.0,1350.0,-17.18,0.55,2135.0,1314.6,1470.02,1580.95,No,-14.21,251.0,21
2026-09-30 13:13,BBTCL,B&B Triplewall Containers Limited,228.67,0.23,627.0,4512.0,0.14,262.0,187.01,-12.72,22.28,262.0,156.0,229.05,203.39,Yes,13.72,249.0,73
2026-09-30 13:13,BCG,Brightcom Group Limited,9.22,-0.65,3465128.0,10109376.0,0.34,13.1,7.7,-29.62,19.74,15.11,7.7,9.49,9.91,No,-6.37,252.0,40
2026-09-30 13:13,BCLIND,Bcl Industries Limited,31.79,-1.94,223784.0,473084.0,0.47,40.0,31.5,-20.52,0.92,42.08,25.53,35.52,32.92,No,-6.8,251.0,39
2026-09-30 13:13,BCONCEPTS,Brand Concepts Limited,140.66,1.01,6718.0,12215.0,0.55,235.99,136.5,-40.4,3.05,380.0,136.5,165.71,226.36,No,-37.69,249.0,1
2026-09-30 13:13,BCPL,BCPL Railway Infrastructure Limited,68.86,1.09,28331.0,14514.0,1.95,84.8,65.4,-18.8,5.29,92.0,60.0,69.55,,,-2.97,131.0,48
2026-09-30 13:13,BDL,Bharat Dynamics Limited,1110.1,2.3,1192604.0,1044863.0,1.14,1440.5,1085.1,-22.94,2.3,1633.4,1085.1,1254.12,1318.34,No,-18.43,252.0,12
2026-09-30 13:13,BEARDSELL,Beardsell Limited,22.43,-3.82,82174.0,25678.0,3.2,33.05,22.02,-32.13,1.86,37.37,20.02,25.57,26.82,No,-18.76,251.0,11
2026-09-30 13:13,BECTORFOOD,Mrs. Bectors Food Specialities Limited,206.74,-0.94,816874.0,1031012.0,0.79,265.8,165.0,-22.22,25.3,279.9,165.0,228.48,207.28,No,8.41,252.0,67
2026-09-30 13:13,BEDMUTHA,Bedmutha Industries Limited,109.96,2.33,7028.0,5764.0,1.22,122.8,98.2,-10.46,11.98,144.0,94.55,108.83,113.64,No,1.96,249.0,58
2026-09-30 13:13,BEEKAY,Beekay Steel Industries Limited,452.95,4.53,12184.0,3571.0,3.41,480.0,390.2,-5.64,16.08,480.0,390.2,,,,,32.0,
2026-09-30 13:13,BEL,Bharat Electronics Limited,388.3,0.14,9665364.0,9553911.0,1.01,435.15,382.1,-10.77,1.62,473.45,380.45,401.27,418.39,No,-6.54,252.0,39
2026-09-30 13:13,BELLACASA,Bella Casa Fashion & Retail Limited,246.61,-3.48,10056.0,16478.0,0.61,285.0,214.68,-13.47,14.87,497.35,214.68,245.18,274.59,No,-12.81,250.0,25
2026-09-30 13:13,BELRISE,Belrise Industries Limited,240.36,-0.07,1036052.0,2988522.0,0.35,268.2,202.51,-10.38,18.69,268.2,142.59,237.14,210.18,Yes,15.86,252.0,75
2026-09-30 13:13,BEML,BEML Limited,1992.4,1.31,204553.0,428500.0,0.48,2205.0,1668.1,-9.64,19.44,2275.75,1355.0,1932.79,1789.56,Yes,13.2,252.0,73
2026-09-30 13:13,BENARAS,Benares Hotels Limited,10215.0,0.0,24.0,135.0,0.18,11499.0,9965.0,-11.17,2.51,11499.0,9965.0,,,,,31.0,
2026-09-30 13:13,BENGALASM,Bengal & Assam Company Limited,6103.0,-0.95,246.0,911.0,0.27,6700.0,5900.0,-8.91,3.44,6700.0,5900.0,,,,,31.0,
2026-09-30 13:13,BEPL,Bhansali Engineering Polymers Limited,124.4,0.32,743883.0,1396918.0,0.53,138.5,92.46,-10.18,34.54,138.5,74.2,124.17,100.16,Yes,29.79,252.0,86
2026-09-30 13:13,BERGEPAINT,Berger Paints (I) Limited,455.45,1.62,302244.0,389055.0,0.78,565.9,441.1,-19.52,3.25,594.55,391.1,497.2,489.77,No,-8.52,252.0,35
2026-09-30 13:13,BESTAGRO,Best Agrolife Limited,17.53,-1.85,671594.0,861342.0,0.78,22.66,13.0,-22.64,34.85,34.4,12.3,18.42,18.53,No,3.14,252.0,60
2026-09-30 13:13,BETA,Beta Drugs Limited,2053.0,-0.58,7218.0,18749.0,0.38,2807.9,1171.1,-26.88,75.31,2807.9,990.1,2250.52,1694.75,Yes,21.96,250.0,81
2026-09-30 13:13,BFINVEST,BF Investment Limited,434.05,-0.48,13108.0,26623.0,0.49,584.7,387.5,-25.77,12.01,584.7,315.0,453.03,422.19,Yes,4.88,251.0,62
2026-09-30 13:13,BFUTILITIE,BF Utilities Limited,507.75,-0.23,73540.0,316746.0,0.23,694.55,495.35,-26.9,2.5,834.0,368.7,538.82,552.05,No,-6.54,252.0,39
2026-09-30 13:13,BHAGCHEM,Bhagiradha Chemicals & Industries Limited,238.55,-0.71,78136.0,68511.0,1.14,316.9,232.5,-24.72,2.6,316.9,170.6,268.29,242.91,No,-1.17,249.0,52
2026-09-30 13:13,BHAGERIA,Bhageria Industries Limited,406.45,7.57,364594.0,273571.0,1.33,413.5,148.51,-1.7,173.69,413.5,127.51,263.59,196.16,Yes,117.68,250.0,99
2026-09-30 13:13,BHAGYANGR,Bhagyanagar India Limited,411.15,0.75,87639.0,199590.0,0.44,467.9,264.1,-12.13,55.68,467.9,92.55,398.5,276.36,Yes,87.17,252.0,98
2026-09-30 13:13,BHANDARI,Bhandari Hosiery Exports Limited,2.89,-0.34,96957.0,126502.0,0.77,3.86,2.8,-25.13,3.21,5.13,2.0,2.95,3.23,No,-7.84,251.0,36
2026-09-30 13:13,BHARATCOAL,Bharat Coking Coal Limited,32.8,-2.09,4483251.0,4404311.0,1.02,44.4,31.81,-26.13,3.11,45.09,29.74,33.6,,,-10.69,177.0,30
2026-09-30 13:13,BHARATFORG,Bharat Forge Limited,1926.0,-0.82,1059210.0,902183.0,1.17,2295.0,1827.6,-16.08,5.38,2295.0,1179.4,2052.03,1859.54,Yes,6.99,251.0,65
2026-09-30 13:13,BHARATRAS,Bharat Rasayan Limited,1003.9,-0.18,28002.0,20860.0,1.34,1547.8,998.5,-35.14,0.54,2987.5,998.5,1231.47,1501.42,No,-33.51,251.0,2
2026-09-30 13:13,BHARATSE,Bharat Seats Limited,212.38,-0.58,50392.0,155655.0,0.32,263.18,171.0,-19.3,24.2,263.18,133.6,221.91,191.85,Yes,8.52,252.0,67
2026-09-30 13:13,BHARATWIRE,Bharat Wire Ropes Limited,164.36,-1.69,98883.0,121080.0,0.82,247.75,162.5,-33.66,1.14,262.0,148.01,183.69,190.8,No,-13.17,252.0,24
2026-09-30 13:13,BHARTIARTL,Bharti Airtel Limited,1757.0,-0.8,8079280.0,5340369.0,1.51,2031.0,1753.7,-13.49,0.19,2174.5,1740.5,1887.3,1908.55,No,-8.65,252.0,34
2026-09-30 13:13,BHARTIHEXA,Bharti Hexacom Limited,1424.5,1.07,102437.0,85268.0,1.2,1678.1,1398.0,-15.11,1.9,1955.6,1398.0,1550.32,1577.07,No,-8.0,252.0,36
2026-09-30 13:13,BHEL,Bharat Heavy Electricals Limited,415.5,0.52,8150387.0,5992775.0,1.36,446.5,367.6,-6.94,13.03,446.5,229.54,419.61,347.96,Yes,32.58,252.0,88
2026-09-30 13:13,BIGBLOC,Bigbloc Construction Limited,39.79,2.98,23838.0,35905.0,0.66,60.0,38.0,-33.68,4.71,80.0,38.0,43.11,51.75,No,-24.79,251.0,5
2026-09-30 13:13,BIKAJI,Bikaji Foods International Limited,521.8,-1.76,174430.0,376292.0,0.46,689.0,516.0,-24.27,1.12,768.5,516.0,597.91,645.97,No,-22.62,251.0,6
2026-09-30 13:13,BIL,Bhartiya International Limited,995.1,-0.56,7093.0,21518.0,0.33,1150.0,665.0,-13.47,49.64,1150.0,602.0,889.16,783.51,Yes,32.31,250.0,87
2026-09-30 13:13,BIMETAL,Bimetal Bearings Limited,648.95,2.09,250.0,560.0,0.45,750.75,537.9,-13.56,20.65,750.75,470.9,642.06,,,,119.0,
2026-09-30 13:13,BIOCON,Biocon Limited,370.3,-1.78,1847779.0,3168802.0,0.58,447.15,370.3,-17.19,0.0,447.15,337.7,407.5,395.34,No,-7.04,252.0,39
2026-09-30 13:13,BIOFILCHEM,Biofil Chemicals & Pharmaceuticals Limited,30.38,-3.62,18416.0,53759.0,0.34,39.99,29.6,-24.03,2.64,46.34,25.6,32.4,33.13,No,-6.38,251.0,40
2026-09-30 13:13,BIRLACABLE,Birla Cable Limited,381.15,3.31,654364.0,534193.0,1.22,418.8,149.15,-8.99,155.55,418.8,104.0,304.54,193.83,Yes,152.91,251.0,99
2026-09-30 13:13,BIRLACORPN,Birla Corporation Limited,840.05,-1.16,20629.0,49826.0,0.41,1066.4,789.9,-21.23,6.35,1346.1,769.6,874.02,959.13,No,-13.85,251.0,22
2026-09-30 13:13,BIRLAMONEY,Aditya Birla Money Limited,114.78,0.43,18729.0,27923.0,0.67,163.49,112.01,-29.79,2.47,179.85,95.0,126.59,132.73,No,-14.17,251.0,21
2026-09-30 13:13,BIRLANU,BirlaNu Limited,1400.1,-0.42,6538.0,8727.0,0.75,1724.0,1237.6,-18.79,13.13,1999.0,1190.1,1451.39,1464.81,No,0.19,249.0,55
2026-09-30 13:13,BLACKBUCK,BLACKBUCK LIMITED,607.9,-2.33,471500.0,873391.0,0.54,659.7,496.0,-7.85,22.56,748.0,496.0,586.67,583.74,Yes,4.39,252.0,62
2026-09-30 13:13,BLACKROSE,Black Rose Inds. Limited,115.79,2.24,54924.0,29404.0,1.87,121.0,102.8,-4.31,12.64,121.0,102.8,,,,,31.0,
2026-09-30 13:13,BLAL,BEML Land Assets Limited,160.26,-2.07,23226.0,21629.0,1.07,215.0,158.0,-25.46,1.43,221.21,155.5,167.44,182.9,No,-15.39,252.0,18
2026-09-30 13:13,BLBLIMITED,BLB Limited,16.73,-0.65,47517.0,171423.0,0.28,17.9,14.41,-6.54,16.1,22.47,12.0,16.2,15.92,Yes,5.1,252.0,63
2026-09-30 13:13,BLEL,Behari Lal Engineering Limited,485.6,8.62,15601198.0,1615102.0,9.66,548.0,415.0,-11.39,17.01,548.0,415.0,,,,,31.0,
2026-09-30 13:13,BLIL,Balmer Lawrie Investments Limited,65.23,0.49,45154.0,88701.0,0.51,73.4,64.72,-11.13,0.79,73.4,64.72,,,,,31.0,
2026-09-30 13:13,BLKASHYAP,B. L. Kashyap and Sons Limited,50.36,-1.06,420844.0,540643.0,0.78,62.45,49.3,-19.36,2.15,63.79,40.32,54.02,52.76,No,-2.94,252.0,48
2026-09-30 13:13,BLS,BLS International Services Limited,218.26,-0.59,602247.0,741349.0,0.81,286.95,217.23,-23.94,0.47,359.0,217.23,242.45,265.57,No,-19.64,252.0,10
2026-09-30 13:13,BLSE,BLS E-Services Limited,328.6,2.34,445280.0,321719.0,1.38,339.8,185.15,-3.3,77.48,339.8,124.3,313.46,223.39,Yes,54.03,252.0,94
2026-09-30 13:13,BLUECLOUDS,Blue Cloud Softech Solutions Limited,19.9,-1.63,4388289.0,6179120.0,0.71,23.99,18.85,-17.05,5.57,23.99,18.85,,,,,32.0,
2026-09-30 13:13,BLUECOAST,Blue Coast Hotels Limited,22.07,-2.78,3112.0,1774.0,1.75,33.65,19.56,-34.41,12.83,66.81,18.57,23.38,26.82,No,-17.14,249.0,14
2026-09-30 13:13,BLUEDART,Blue Dart Express Limited,4629.0,1.16,14406.0,11627.0,1.24,5745.0,4523.0,-19.43,2.34,7036.0,4523.0,4985.04,5168.42,No,-8.22,251.0,35
2026-09-30 13:13,BLUEJET,Blue Jet Healthcare Limited,538.05,-2.1,399669.0,415923.0,0.96,647.8,408.9,-16.94,31.58,692.9,325.0,581.51,489.49,Yes,10.84,252.0,71
2026-09-30 13:13,BLUESTARCO,Blue Star Limited,1518.0,-0.75,615589.0,665955.0,0.92,1763.2,1432.3,-13.91,5.98,2032.9,1432.3,1542.26,1698.54,No,-5.89,252.0,42
2026-09-30 13:13,BLUESTONE,BlueStone Jewellery and Lifestyle Limited,794.85,-1.39,805819.0,1788086.0,0.45,969.9,458.65,-18.05,73.3,969.9,399.8,827.16,580.42,Yes,58.05,251.0,95
2026-09-30 13:13,BLUSPRING,Bluspring Enterprises Limited,141.74,-0.96,149661.0,496656.0,0.3,152.5,64.91,-7.06,118.36,152.5,43.98,123.96,85.11,Yes,68.1,251.0,97
2026-09-30 13:13,BMWVENTLTD,BMW Ventures Limited,51.5,0.02,27565.0,119886.0,0.23,64.9,49.95,-20.65,3.1,73.2,48.0,55.63,57.83,No,-8.01,251.0,36
2026-09-30 13:13,BNAGROCHEM,BN Agrochem Limited,217.6,5.0,102349.0,7394.0,13.84,249.0,192.23,-12.61,13.2,249.0,192.23,,,,,31.0,
2026-09-30 13:13,BOHRAIND,Bohra Industries Limited,15.51,3.33,26872.0,18133.0,1.48,20.4,11.6,-23.97,33.71,23.89,11.6,13.92,16.55,No,3.9,250.0,61
2026-09-30 13:13,BOMDYEING,Bombay Dyeing & Mfg Company Limited,105.62,-1.01,316497.0,445520.0,0.71,141.0,105.0,-25.09,0.59,180.75,92.0,114.24,118.75,No,-13.82,252.0,22
2026-09-30 13:13,BONLON,Bonlon Industries Limited,40.21,0.12,38309.0,12001.0,3.19,52.48,35.0,-23.38,14.89,57.0,34.51,40.57,,,-0.78,152.0,53
2026-09-30 13:13,BORANA,Borana Weaves Limited,278.2,-6.14,66407.0,32802.0,2.02,353.95,275.0,-21.4,1.16,420.0,215.35,313.33,329.5,No,-8.19,250.0,35
2026-09-30 13:13,BOROLTD,Borosil Limited,293.38,6.22,1095684.0,384508.0,2.85,300.0,215.03,-2.21,36.44,363.4,213.73,250.49,247.36,Yes,16.12,252.0,76
2026-09-30 13:13,BORORENEW,BOROSIL RENEWABLES LIMITED,458.15,1.25,522883.0,441607.0,1.18,669.9,439.3,-31.61,4.29,721.0,374.4,520.72,516.17,No,-14.54,252.0,20
2026-09-30 13:13,BOROSCI,Borosil Scientific Limited,113.91,-0.81,54494.0,82941.0,0.66,180.8,113.0,-37.0,0.81,180.8,96.64,131.54,127.17,No,-15.8,251.0,18
2026-09-30 13:13,BOSCH-HCIL,BOSCH HOME COMFORT INDIA LIMITED,1876.7,-2.98,72864.0,51637.0,1.41,1979.0,1243.0,-5.17,50.98,1979.0,1021.3,1658.85,1438.17,Yes,42.6,252.0,91
2026-09-30 13:13,BOSCHLTD,Bosch Limited,47100.0,3.06,30385.0,25218.0,1.2,50000.0,34825.0,-5.8,35.25,50000.0,28610.0,46141.8,39000.2,Yes,28.21,250.0,85
2026-09-30 13:13,BPCL,Bharat Petroleum Corporation Limited,303.2,1.29,5524756.0,3998272.0,1.38,329.95,276.6,-8.11,9.62,391.65,266.6,313.51,323.82,No,-3.87,252.0,46
2026-09-30 13:13,BPL,BPL Limited,45.59,-1.96,37390.0,52681.0,0.71,64.0,44.11,-28.77,3.36,82.7,37.61,49.74,53.87,No,-14.43,252.0,21
2026-09-30 13:13,BPLPHARMA,Bharat Parenterals Limited,1792.8,-6.92,15981.0,14895.0,1.07,2277.6,1201.1,-21.29,49.26,2277.6,1201.1,,,,,31.0,
2026-09-30 13:13,BRAHMINFRA,Brahmaputra Infrastructure Limited,148.08,-0.79,41533.0,18903.0,2.2,184.0,142.01,-19.52,4.27,184.0,142.01,,,,,31.0,
2026-09-30 13:13,BRIGADE,Brigade Enterprises Limited,575.25,2.17,566667.0,650529.0,0.87,735.0,477.45,-21.73,20.48,802.01,450.75,612.03,569.7,Yes,5.4,252.0,63
2026-09-30 13:13,BRIGHOTEL,Brigade Hotel Ventures Limited,56.96,1.46,282041.0,106571.0,2.65,67.2,55.0,-15.24,3.56,87.79,54.36,58.68,62.1,No,-11.1,250.0,29
2026-09-30 13:13,BRIGHTBR,Bright Brothers Limited,252.9,1.63,1978.0,2704.0,0.73,270.0,221.0,-6.33,14.43,270.0,221.0,,,,,31.0,
2026-09-30 13:13,BRITANNIA,Britannia Industries Limited,4830.0,-0.1,485629.0,250381.0,1.94,5689.5,4758.0,-15.11,1.51,6271.0,4758.0,5252.91,5554.89,No,-13.27,252.0,24
2026-09-30 13:13,BRNL,Bharat Road Network Limited,15.84,-3.71,33783.0,24385.0,1.39,22.0,15.67,-28.0,1.08,26.5,15.67,17.13,19.28,No,-17.05,250.0,15
2026-09-30 13:13,BROOKS,Brooks Laboratories Limited,55.8,-1.26,46299.0,39763.0,1.16,79.69,44.56,-29.98,25.22,138.34,36.3,62.02,65.33,No,-22.29,251.0,7
2026-09-30 13:13,BSE,BSE Limited,3092.0,-3.37,6406614.0,5333920.0,1.2,4446.8,3075.0,-30.47,0.55,4446.8,2050.0,3369.12,3324.2,No,-4.21,252.0,46
2026-09-30 13:13,BSHSL,Bombay Super Hybrid Seeds Limited,86.1,0.23,3551.0,7240.0,0.49,101.0,81.53,-14.75,5.61,130.0,59.16,88.05,92.18,No,-2.86,249.0,48
2026-09-30 13:13,BSL,BSL Limited,118.28,0.1,909.0,6271.0,0.14,147.85,116.8,-20.0,1.27,205.0,98.0,122.7,129.12,No,-11.0,249.0,29
2026-09-30 13:13,BSOFT,BIRLASOFT LIMITED,271.7,0.98,1727310.0,1446729.0,1.19,356.8,267.4,-23.85,1.61,474.0,267.4,295.0,347.88,No,-17.62,252.0,14
2026-09-30 13:13,BTML,Bodhi Tree Multimedia Limited,6.97,-0.85,91799.0,539177.0,0.17,9.15,5.25,-23.83,32.76,10.12,5.06,7.7,7.13,No,8.25,250.0,67
2026-09-30 13:13,BUILDPRO,Shankara Buildpro Limited,1231.0,-1.06,84613.0,87995.0,0.96,1380.0,972.0,-10.8,26.65,1380.0,636.0,1267.44,,,21.47,182.0,81
2026-09-30 13:13,BUTTERFLY,Butterfly Gandhimathi Appliances Limited,552.75,-1.51,12112.0,18805.0,0.64,788.95,551.55,-29.94,0.22,823.85,551.55,640.89,641.83,No,-17.12,251.0,15
2026-09-30 13:13,BVCL,Barak Valley Cements Limited,43.02,5.26,72324.0,32475.0,2.23,49.1,39.25,-12.38,9.61,54.9,31.2,41.83,42.29,Yes,0.71,250.0,55
2026-09-30 13:13,BYKE,The Byke Hospitality Ltd,29.12,0.66,40573.0,35101.0,1.16,39.41,28.08,-26.11,3.7,73.06,26.25,31.8,38.83,No,-17.25,249.0,14
2026-09-30 13:13,CAMLINFINE,Camlin Fine Sciences Limited,93.15,-0.02,368080.0,696480.0,0.53,146.5,92.75,-36.42,0.43,211.95,92.75,109.23,127.9,No,-27.65,251.0,3
2026-09-30 13:13,CAMPUS,Campus Activewear Limited,208.83,-0.44,196106.0,327699.0,0.6,260.5,207.2,-19.83,0.79,287.8,207.2,218.71,239.45,No,-13.45,252.0,23
2026-09-30 13:13,CAMS,Computer Age Management Services Limited,671.0,0.75,1798373.0,1094387.0,1.64,836.0,665.05,-19.74,0.89,844.9,611.4,748.66,740.51,No,-10.23,252.0,30
2026-09-30 13:13,CANBK,Canara Bank,119.44,-0.06,12569244.0,11510212.0,1.09,138.26,118.03,-13.61,1.19,162.89,118.03,126.42,136.28,No,-10.89,252.0,29
2026-09-30 13:13,CANFINHOME,Can Fin Homes Limited,719.2,-1.71,235321.0,258507.0,0.91,940.85,715.0,-23.56,0.59,971.5,715.0,797.34,856.76,No,-18.63,252.0,11
2026-09-30 13:13,CANHLIFE,Canara HSBC Life Insurance Company Limited,148.51,-0.74,225185.0,845031.0,0.27,166.69,132.2,-10.91,12.34,166.69,106.0,151.26,145.33,Yes,2.88,240.0,60
2026-09-30 13:13,CANTABIL,Cantabil Retail India Limited,231.22,-0.55,69587.0,115159.0,0.6,278.0,208.5,-16.83,10.9,321.5,208.5,238.96,249.45,No,-9.34,249.0,32
2026-09-30 13:13,CAPACITE,Capacit'e Infraprojects Limited,182.89,0.15,95277.0,277548.0,0.34,287.0,180.5,-36.28,1.32,314.25,180.0,206.73,229.14,No,-23.94,252.0,6
2026-09-30 13:13,CAPILLARY,Capillary Technologies India Limited,560.45,-1.34,69744.0,427245.0,0.16,608.8,438.15,-7.94,27.91,798.95,438.15,511.34,541.51,Yes,4.0,217.0,61
2026-09-30 13:13,CAPITALSFB,Capital Small Finance Bank Limited,288.6,3.2,137225.0,27710.0,4.95,307.0,263.9,-5.99,9.36,323.7,206.55,286.23,271.81,Yes,9.95,249.0,69
2026-09-30 13:13,CAPLIPOINT,Caplin Point Laboratories Limited,2716.4,-1.01,156186.0,231428.0,0.67,2990.0,1803.0,-9.15,50.66,2990.0,1500.3,2633.83,2120.1,Yes,34.81,251.0,89
2026-09-30 13:13,CARBORUNIV,Carborundum Universal Limited,1252.5,4.33,475034.0,620523.0,0.77,1368.9,990.1,-8.5,26.5,1368.9,735.2,1121.49,977.29,Yes,30.58,251.0,86
2026-09-30 13:13,CARERATING,CARE Ratings Limited,1616.7,-1.29,51390.0,57148.0,0.9,1838.0,1570.5,-12.04,2.94,1838.0,1392.7,1684.13,1636.02,No,1.01,251.0,56
2026-09-30 13:13,CARRARO,Carraro India Limited,527.5,1.29,352593.0,113209.0,3.11,667.4,492.25,-20.96,7.16,667.55,416.0,531.7,532.53,No,1.15,250.0,56
2026-09-30 13:13,CARTRADE,Cartrade Tech Limited,2899.8,-0.26,191457.0,324597.0,0.59,3254.0,1690.1,-10.89,71.58,3290.5,1600.0,2923.76,2381.2,Yes,21.04,252.0,80
2026-09-30 13:13,CARYSIL,CARYSIL LIMITED,1036.1,-1.93,149174.0,94534.0,1.58,1280.9,882.6,-19.11,17.39,1280.9,732.1,1143.73,1001.47,Yes,5.45,252.0,64
2026-09-30 13:13,CASTROLIND,Castrol India Limited,200.52,0.35,2564666.0,3683034.0,0.7,203.4,180.5,-1.42,11.09,207.2,170.1,189.37,185.77,Yes,8.4,252.0,67
2026-09-30 13:13,CCAVENUE,AvenuesAI Limited,15.12,-1.56,7352105.0,14997399.0,0.49,18.75,13.2,-19.36,14.55,20.5,12.92,15.87,15.62,No,-7.8,252.0,37
2026-09-30 13:13,CCCL,Consolidated Construction Consortium Limited,13.95,3.56,353951.0,169490.0,2.09,20.55,13.0,-32.12,7.31,27.6,12.76,14.76,15.98,No,-14.09,249.0,22
2026-09-30 13:13,CCHHL,Country Club Hospitality & Holidays Limited,13.0,0.78,12278.0,26946.0,0.46,14.19,11.03,-8.39,17.86,18.0,10.03,12.73,13.28,No,1.79,249.0,58
2026-09-30 13:13,CCL,CCL Products (India) Limited,1019.5,1.32,146543.0,136881.0,1.07,1242.2,991.4,-17.93,2.83,1242.2,815.5,1106.3,1076.44,No,-6.73,252.0,39
2026-09-30 13:13,CDSL,Central Depository Services (India) Limited,1264.0,0.17,871335.0,1127239.0,0.77,1453.1,1152.7,-13.01,9.66,1673.7,1116.3,1351.59,1322.79,No,-5.1,252.0,43
2026-09-30 13:13,CEATLTD,CEAT Limited,3264.4,0.75,46666.0,54263.0,0.86,3986.0,3061.2,-18.1,6.64,4438.0,3061.2,3463.52,3550.43,No,-11.25,252.0,28
2026-09-30 13:13,CEIGALL,Ceigall India Limited,382.75,1.38,305558.0,525824.0,0.58,405.7,302.3,-5.66,26.61,405.7,222.61,348.89,320.64,Yes,22.88,251.0,81
2026-09-30 13:13,CEINSYS,Ceinsys Tech Limited,666.85,-2.2,44600.0,63826.0,0.7,1044.95,665.0,-36.18,0.28,1249.9,665.0,752.05,,,-30.05,155.0,3
2026-09-30 13:13,CELEBRITY,Celebrity Fashions Limited,6.66,3.1,13125.0,19086.0,0.69,9.03,6.21,-26.25,7.25,11.79,5.65,6.83,7.59,No,-13.52,250.0,23
2026-09-30 13:13,CELLO,Cello World Limited,325.55,-2.34,173981.0,319597.0,0.54,410.95,314.6,-20.78,3.48,673.8,314.6,347.74,412.85,No,-20.46,250.0,9
2026-09-30 13:13,CEMPRO,Cemindia Projects Limited,1192.2,-2.54,242398.0,229223.0,1.06,1649.2,825.0,-27.71,44.51,1649.2,503.3,1285.08,964.1,Yes,32.81,252.0,88
2026-09-30 13:13,CENTENKA,Century Enka Limited,554.6,0.93,24863.0,144393.0,0.17,671.65,430.1,-17.43,28.95,671.65,371.2,578.68,487.71,Yes,18.93,251.0,78
2026-09-30 13:13,CENTEXT,Century Extrusions Limited,18.62,2.53,121168.0,347811.0,0.35,24.0,17.98,-22.42,3.56,34.75,15.67,20.55,20.51,No,-7.06,251.0,39
2026-09-30 13:13,CENTRALBK,Central Bank of India,30.46,1.4,4972120.0,6997809.0,0.71,35.0,29.32,-12.97,3.89,40.92,29.32,30.97,34.03,No,-10.76,252.0,30
2026-09-30 13:13,CENTRUM,Centrum Capital Limited,19.61,-4.62,765144.0,246458.0,3.1,27.7,19.0,-29.21,3.21,35.9,19.0,23.03,24.42,No,-27.84,252.0,3
2026-09-30 13:13,CENTUM,Centum Electronics Limited,4797.9,-2.5,90208.0,144185.0,0.63,4999.5,2682.0,-4.03,78.89,4999.5,2044.2,3899.12,3132.82,Yes,59.55,250.0,96
2026-09-30 13:13,CENTURYPLY,Century Plyboards (India) Limited,681.85,2.53,64959.0,93952.0,0.69,828.0,655.05,-17.65,4.09,859.0,618.5,746.43,758.4,No,-11.2,251.0,28
2026-09-30 13:13,CERA,Cera Sanitaryware Limited,5088.0,-0.71,25536.0,8552.0,2.99,6740.0,5037.0,-24.51,1.01,6740.0,4461.1,5787.44,5505.33,No,-9.4,251.0,32
2026-09-30 13:13,CESC,CESC Limited,133.85,-0.01,1539690.0,1943960.0,0.79,188.7,132.5,-29.07,1.02,204.5,132.5,153.02,162.34,No,-18.86,252.0,11
2026-09-30 13:13,CEWATER,Concord Enviro Systems Limited,259.6,0.0,28177.0,134608.0,0.21,394.45,243.05,-34.19,6.81,516.5,235.0,273.09,321.64,No,-23.62,251.0,6
2026-09-30 13:13,CGCL,Capri Global Capital Limited,247.45,0.22,1406891.0,3892596.0,0.36,287.45,180.73,-13.92,36.92,287.45,151.1,247.17,204.37,Yes,24.13,252.0,82
2026-09-30 13:13,CGPOWER,CG Power and Industrial Solutions Limited,854.2,-0.45,2404183.0,2241878.0,1.07,980.9,804.6,-12.92,6.16,980.9,525.5,880.88,796.52,Yes,11.88,252.0,72
2026-09-30 13:13,CGVAK,CG Vak Software & Exports Limited,145.69,-2.2,1492.0,2235.0,0.67,163.7,136.62,-11.0,6.64,163.7,136.62,,,,,31.0,
2026-09-30 13:13,CHALET,Chalet Hotels Limited,845.2,0.53,132305.0,165750.0,0.8,939.95,720.35,-10.08,17.33,989.45,691.35,860.09,821.81,Yes,3.77,252.0,61
2026-09-30 13:13,CHAMBLFERT,Chambal Fertilizers & Chemicals Limited,409.25,-1.04,384434.0,458174.0,0.84,497.8,401.4,-17.79,1.96,522.0,399.75,429.03,446.42,No,-13.39,252.0,23
2026-09-30 13:13,CHEMBOND,Chembond Material Technologies Limited,182.73,-0.08,12149.0,34588.0,0.35,236.8,148.5,-22.83,23.05,236.8,105.15,182.12,164.57,Yes,11.09,251.0,71
2026-09-30 13:13,CHEMCON,Chemcon Speciality Chemicals Limited,217.28,1.62,27742.0,53187.0,0.52,235.0,157.3,-7.54,38.13,288.3,125.0,200.03,182.44,Yes,24.26,250.0,82
2026-09-30 13:13,CHEMCRUX,Chemcrux Enterprises Limited,78.62,0.78,6413.0,5083.0,1.26,89.29,76.3,-11.95,3.04,89.29,76.3,,,,,31.0,
2026-09-30 13:13,CHEMFAB,Chemfab Alkalis Limited,335.9,-2.21,4370.0,5015.0,0.87,439.45,334.45,-23.56,0.43,703.0,290.35,365.59,387.46,No,-7.04,249.0,39
2026-09-30 13:13,CHEMPLASTS,Chemplast Sanmar Limited,185.92,-3.34,278500.0,1608821.0,0.17,254.9,161.0,-27.06,15.48,412.65,161.0,183.98,226.95,No,-18.44,252.0,12
2026-09-30 13:13,CHENNPETRO,Chennai Petroleum Corporation Limited,1436.3,-0.04,1707145.0,1942344.0,0.88,1677.5,973.1,-14.38,47.6,1677.5,716.8,1378.79,1094.49,Yes,43.34,252.0,91
2026-09-30 13:13,CHEVIOT,Cheviot Company Limited,1183.2,0.61,642.0,1905.0,0.34,1280.0,1044.0,-7.56,13.33,1370.5,898.0,1163.08,1100.2,Yes,10.53,251.0,70
2026-09-30 13:13,CHOICEIN,Choice International Limited,726.25,-2.01,392993.0,391294.0,1.0,854.3,632.05,-14.99,14.9,860.5,568.7,784.2,743.66,No,-4.15,251.0,46
2026-09-30 13:13,CHOLAFIN,Cholamandalam Investment and Finance Company Limited,1620.0,-0.45,1860424.0,1481520.0,1.26,1952.5,1444.6,-17.03,12.14,1952.5,1299.4,1820.33,1682.87,No,-1.88,252.0,50
2026-09-30 13:13,CHOLAHLDNG,Cholamandalam Financial Holdings Limited,1386.2,1.05,272246.0,176394.0,1.54,1721.4,1341.0,-19.47,3.37,2064.0,1305.0,1523.27,1609.6,No,-15.21,252.0,19
2026-09-30 13:13,CIEINDIA,CIE Automotive India Limited,386.3,2.62,288914.0,249215.0,1.16,483.5,366.9,-20.1,5.29,526.0,366.9,397.22,436.64,No,-12.89,250.0,24
2026-09-30 13:13,CIFL,Capital India Finance Limited,21.34,-0.09,72960.0,246370.0,0.3,29.0,18.56,-26.41,14.98,39.69,18.56,20.77,26.49,No,-14.39,249.0,21
2026-09-30 13:13,CINELINE,Cineline India Limited,86.96,-1.33,22839.0,52461.0,0.44,104.4,75.42,-16.7,15.3,104.4,73.35,88.84,85.03,Yes,3.93,250.0,61
2026-09-30 13:13,CINEVISTA,Cinevista Limited,13.83,1.39,5653.0,16993.0,0.33,18.96,13.4,-27.06,3.21,20.9,12.16,14.5,15.29,No,-12.64,250.0,25
2026-09-30 13:13,CIPLA,Cipla Limited,1346.0,-2.41,1063950.0,955339.0,1.11,1491.2,1341.1,-9.74,0.37,1673.0,1165.7,1415.63,1379.59,No,-3.56,252.0,47
2026-09-30 13:13,CLEAN,Clean Science and Technology Limited,794.35,2.4,245655.0,325561.0,0.75,874.8,715.5,-9.2,11.02,1108.0,652.0,807.83,791.8,Yes,2.62,252.0,59
2026-09-30 13:13,CLEANMAX,Clean Max Enviro Energy Solutions Limited,1327.2,-3.99,851355.0,1192297.0,0.71,1536.0,1060.3,-13.59,25.17,1536.0,727.1,1322.89,,,24.98,147.0,83
2026-09-30 13:13,CLEDUCATE,CL Educate Limited,57.01,2.85,31888.0,13389.0,2.38,66.41,38.7,-14.15,47.31,94.88,35.48,58.82,57.46,No,1.34,249.0,57
2026-09-30 13:13,CLSEL,Chaman Lal Setia Exports Limited,284.15,0.67,68524.0,63685.0,1.08,324.8,253.25,-12.52,12.2,324.8,203.75,290.87,273.13,Yes,7.14,249.0,66
2026-09-30 13:13,CMLL,Caliber Mining and Logistics Limited,532.05,-2.0,314732.0,367613.0,0.86,624.4,460.0,-14.79,15.66,624.4,460.0,,,,,49.0,
2026-09-30 13:13,CMPDI,Central Mine Planning & Design Institute Limited,209.21,-1.83,726858.0,1879479.0,0.39,283.69,199.99,-26.25,4.61,283.69,150.16,230.71,,,-3.95,130.0,46
2026-09-30 13:13,CMRGREEN,CMR Green Technologies Limited,224.83,-1.35,395376.0,481509.0,0.82,268.96,205.25,-16.41,9.54,268.96,205.25,220.9,,,,81.0,
2026-09-30 13:13,CMSINFO,CMS Info Systems Limited,221.45,-3.37,632640.0,874464.0,0.72,314.0,220.99,-29.47,0.21,393.3,220.99,249.05,291.26,No,-24.16,252.0,5
2026-09-30 13:13,CNL,Creative Newtech Limited,1082.2,-1.41,6433.0,19825.0,0.32,1328.0,613.0,-18.51,76.54,1328.0,525.0,1130.53,795.22,Yes,58.26,249.0,95
2026-09-30 13:13,COALINDIA,Coal India Limited,425.0,0.0,7435441.0,7839150.0,0.95,484.45,395.8,-12.27,7.38,491.25,369.6,415.42,433.92,No,-1.81,252.0,51
2026-09-30 13:13,COASTCORP,Coastal Corporation Limited,36.97,3.99,85971.0,74100.0,1.16,66.7,35.2,-44.57,5.03,66.7,34.25,41.87,47.72,No,-24.76,251.0,5
2026-09-30 13:13,COCHINSHIP,Cochin Shipyard Limited,1315.0,-3.26,985129.0,1130732.0,0.87,1671.9,1290.0,-21.35,1.94,1890.0,1187.0,1444.98,1489.77,No,-11.92,252.0,27
2026-09-30 13:13,COCKERILL,John Cockerill India Limited,7966.5,1.06,3410.0,6432.0,0.53,10871.5,5180.0,-26.72,53.79,10871.5,5015.25,8430.51,,,,116.0,
2026-09-30 13:13,COFFEEDAY,Coffee Day Enterprises Limited,30.14,-1.21,310628.0,761386.0,0.41,43.26,23.6,-30.33,27.71,44.8,21.0,30.73,30.45,No,-0.95,252.0,53
2026-09-30 13:13,COFORGE,Coforge Limited,1749.1,1.57,3113247.0,2333954.0,1.33,2021.2,1249.8,-13.46,39.95,2021.2,1008.1,1809.9,1517.45,Yes,21.87,252.0,81
2026-09-30 13:13,COHANCE,Cohance Lifesciences Limited,444.0,-3.04,1480045.0,1226501.0,1.21,486.3,391.05,-8.7,13.54,917.85,266.7,445.29,415.55,Yes,6.64,252.0,65
2026-09-30 13:13,COLPAL,Colgate Palmolive (India) Limited,1763.3,-1.22,275997.0,418854.0,0.66,2223.7,1763.3,-20.7,0.0,2329.9,1763.3,1922.55,2036.95,No,-11.6,252.0,28
2026-09-30 13:13,COMFINTE,Comfort Intech Limited,6.36,-5.5,1231847.0,473588.0,2.6,7.4,5.6,-14.05,13.57,7.4,5.6,,,,,31.0,
2026-09-30 13:13,COMPEAU,Competent Automobiles Company Limited,368.45,-0.34,224.0,1340.0,0.17,420.0,318.0,-12.27,15.86,420.0,318.0,,,,,31.0,
2026-09-30 13:13,COMPUSOFT,Compucom Software Limited,13.48,0.9,24794.0,36625.0,0.68,15.0,12.31,-10.13,9.5,20.5,12.0,13.26,13.85,No,-3.62,251.0,47
2026-09-30 13:13,COMSYN,Commercial Syn Bags Limited,269.7,2.96,610615.0,693114.0,0.88,315.4,151.5,-14.49,78.02,315.4,136.44,268.36,187.78,Yes,58.79,251.0,95
2026-09-30 13:13,CONCOR,Container Corporation of India Limited,447.5,0.9,1094654.0,1113555.0,0.98,543.7,437.45,-17.69,2.3,557.0,421.45,502.02,492.72,No,-8.02,252.0,36
2026-09-30 13:13,CONCORDBIO,Concord Biotech Limited,1373.6,-2.63,100951.0,157860.0,0.64,1615.0,1022.2,-14.95,34.38,1647.8,987.0,1448.47,1269.22,Yes,12.74,252.0,73
2026-09-30 13:13,CONFIPET,Confidence Petroleum India Limited,88.13,1.08,1810895.0,3758364.0,0.48,93.2,56.76,-5.44,55.27,93.2,28.06,81.43,57.89,Yes,57.93,252.0,95
2026-09-30 13:13,CONTROLPR,Control Print Limited,607.35,-0.19,13322.0,28700.0,0.46,727.95,560.0,-16.57,8.46,829.7,517.0,586.56,631.56,No,-7.34,250.0,38
2026-09-30 13:13,CORALFINAC,Coral India Finance & Housing Limited,31.55,-1.93,10305.0,13434.0,0.77,37.6,30.0,-16.09,5.17,47.19,25.01,32.92,33.76,No,-3.77,250.0,47
2026-09-30 13:13,CORDELIA,Waterways Leisure Tourism Limited,102.59,0.03,629761.0,1727649.0,0.36,118.53,62.31,-13.45,64.64,118.53,62.31,96.8,,,,66.0,
2026-09-30 13:13,COROMANDEL,Coromandel International Limited,1758.2,-1.94,612559.0,149995.0,4.08,2129.9,1706.5,-17.45,3.03,2499.0,1706.5,1985.36,2058.34,No,-14.16,252.0,21
2026-09-30 13:13,CORONA,CORONA Remedies Limited,2093.4,0.72,23940.0,58563.0,0.41,2292.4,1656.3,-8.68,26.39,2292.4,1336.6,2119.26,1765.12,Yes,24.05,200.0,82
2026-09-30 13:13,COSMOFIRST,COSMO FIRST LIMITED,845.6,1.29,43705.0,44132.0,0.99,996.0,706.0,-15.1,19.77,996.0,560.8,901.92,755.28,Yes,14.7,251.0,74
2026-09-30 13:13,CPCAP,CP Capital Limited,141.59,-5.83,19440.0,56075.0,0.35,160.5,89.0,-11.78,59.09,160.5,73.51,127.41,106.38,Yes,40.2,251.0,91
2026-09-30 13:13,CPEDU,Career Point Edutech Limited,177.45,-1.2,4608.0,4334.0,1.06,225.88,170.0,-21.44,4.38,338.75,141.0,192.69,200.94,No,-9.81,250.0,31
2026-09-30 13:13,CPL,Captain Polyplast Limited,63.27,1.79,27672.0,75376.0,0.37,75.74,61.3,-16.46,3.21,75.74,61.3,,,,,49.0,
2026-09-30 13:13,CPPLUS,Aditya Infotech Limited,3846.5,0.76,237555.0,254983.0,0.93,4094.0,2304.9,-6.05,66.88,4094.0,1304.0,3606.09,2589.96,Yes,71.08,252.0,97
2026-09-30 13:13,CRAFTSMAN,Craftsman Automation Limited,10417.0,-0.84,46073.0,50846.0,0.91,11999.0,8242.5,-13.18,26.38,11999.0,6324.0,10662.62,8699.75,Yes,32.51,250.0,88
2026-09-30 13:13,CRAMC,Canara Robeco Asset Management Company Limited,224.7,0.51,247677.0,408658.0,0.61,294.0,222.15,-23.57,1.15,353.4,214.2,249.89,256.54,No,-14.5,241.0,20
2026-09-30 13:13,CRAVATEX,Cravatex Limited,359.85,4.62,56.0,1683.0,0.03,410.0,300.0,-12.23,19.95,410.0,300.0,,,,,31.0,
2026-09-30 13:13,CREATIVEYE,Creative Eye Limited,6.12,1.49,3930.0,27107.0,0.14,7.29,5.16,-16.05,18.6,8.82,5.16,6.09,6.55,No,-4.84,250.0,44
2026-09-30 13:13,CREDITACC,CREDITACCESS GRAMEEN LIMITED,1272.0,4.58,364278.0,163048.0,2.23,1634.0,1209.1,-22.15,5.2,1634.0,1113.0,1454.24,1349.31,No,-7.26,252.0,38
2026-09-30 13:13,CREST,Crest Ventures Limited,366.85,2.79,4058.0,3676.0,1.1,414.0,336.3,-11.39,9.08,418.0,298.15,366.8,364.06,Yes,-0.39,250.0,54
2026-09-30 13:13,CRESTO,CRESTO TECHNO LIMITED,23.21,-1.61,53671.0,87002.0,0.62,24.42,14.35,-4.95,61.74,28.45,14.35,16.9,17.6,Yes,37.25,250.0,89
2026-09-30 13:13,CRISIL,Crisil Limited,4450.8,-0.3,36915.0,52172.0,0.71,4872.0,3775.0,-8.65,17.9,5064.9,3686.0,4559.69,4328.48,Yes,11.1,251.0,71
2026-09-30 13:13,CRIZAC,Crizac Limited,170.12,0.62,100903.0,337764.0,0.3,246.38,159.95,-30.95,6.36,333.0,159.95,178.82,212.99,No,-20.48,252.0,9
2026-09-30 13:13,CROMPTON,Crompton Greaves Consumer Electricals Limited,208.67,-1.28,1953649.0,2334762.0,0.84,310.5,208.67,-32.8,0.0,310.5,208.67,239.33,254.45,No,-18.61,252.0,12
2026-09-30 13:13,CROWN,Crown Lifters Limited,115.27,-0.4,17028.0,37106.0,0.46,138.99,100.11,-17.07,15.14,163.86,100.11,111.57,119.88,No,-2.54,250.0,49
2026-09-30 13:13,CSBBANK,CSB Bank Limited,311.0,-1.64,283281.0,927152.0,0.31,377.95,295.0,-17.71,5.42,574.4,295.0,326.67,375.79,No,-18.11,252.0,13
2026-09-30 13:13,CSLFINANCE,CSL Finance Limited,210.85,-0.26,14376.0,49618.0,0.29,258.0,208.81,-18.28,0.98,324.7,208.81,223.09,243.18,No,-14.92,250.0,19
2026-09-30 13:13,CSM,CSM Technologies Limited,98.17,0.01,132729.0,1245999.0,0.11,114.9,76.26,-14.56,28.73,114.9,76.26,98.78,,,,65.0,
2026-09-30 13:13,CUB,City Union Bank Limited,226.05,5.18,8157307.0,2447370.0,3.33,248.85,179.25,-9.16,26.11,248.85,157.91,222.28,207.83,Yes,8.21,252.0,67
2026-09-30 13:13,CUMMINSIND,Cummins India Limited,4760.0,-0.83,573752.0,374003.0,1.53,6100.0,4741.0,-21.97,0.4,6100.0,3833.0,5208.96,5015.75,No,-4.39,252.0,45
2026-09-30 13:13,CUPID,Cupid Limited,311.65,8.21,64899126.0,21784770.0,2.98,312.0,111.71,-0.11,178.98,312.0,41.82,268.22,154.78,Yes,141.54,252.0,99
2026-09-30 13:13,CYIENT,Cyient Limited,1100.7,4.3,2323141.0,457728.0,5.08,1219.0,814.45,-9.7,35.15,1222.0,750.3,980.37,960.1,Yes,20.27,252.0,80
2026-09-30 13:13,CYIENTDLM,Cyient DLM Limited,914.1,-0.77,203031.0,612578.0,0.33,1009.0,392.25,-9.41,133.04,1009.0,265.2,797.89,498.71,Yes,123.46,252.0,99
2026-09-30 13:13,DABUR,Dabur India Limited,380.1,-0.08,1956560.0,2350111.0,0.83,471.5,368.05,-19.38,3.27,534.0,368.05,397.1,448.45,No,-15.39,252.0,18
2026-09-30 13:13,DALBHARAT,Dalmia Bharat Limited,1683.7,2.83,111642.0,88059.0,1.27,1925.0,1605.0,-12.54,4.9,2319.9,1605.0,1790.61,1887.79,No,-9.06,251.0,33
2026-09-30 13:13,DALMIASUG,Dalmia Bharat Sugar and Industries Limited,408.8,-0.82,130130.0,238627.0,0.55,520.0,322.0,-21.38,26.96,520.0,261.4,422.05,351.69,Yes,22.07,250.0,81
2026-09-30 13:13,DAMCAPITAL,Dam Capital Advisors Limited,151.08,-3.0,623732.0,1299594.0,0.48,174.49,134.39,-13.42,12.42,286.0,119.22,147.03,158.64,No,-4.97,252.0,44
2026-09-30 13:13,DANGEE,Dangee Dums Limited,2.92,4.66,102068.0,499862.0,0.2,3.61,2.54,-19.11,14.96,5.08,2.54,2.88,3.17,No,-11.45,250.0,28
2026-09-30 13:13,DATAMATICS,Datamatics Global Services Limited,805.55,-1.93,146035.0,166749.0,0.88,918.0,713.7,-12.25,12.87,1010.0,632.0,807.2,773.33,Yes,2.76,252.0,60
2026-09-30 13:13,DATAPATTNS,Data Patterns (India) Limited,4286.9,1.55,336370.0,603044.0,0.56,5000.0,3565.6,-14.26,20.23,5000.0,2131.0,4538.68,3756.66,Yes,22.53,252.0,81
2026-09-30 13:13,DAVANGERE,Davangere Sugar Company Limited,2.31,-1.28,6763373.0,24122813.0,0.28,4.59,1.74,-49.67,32.76,5.5,1.74,2.61,3.59,No,-36.81,252.0,2
2026-09-30 13:13,DBCORP,D.B.Corp Limited,175.38,-0.2,195863.0,69541.0,2.82,227.95,174.01,-23.06,0.79,280.55,174.01,199.1,215.62,No,-16.08,251.0,17
2026-09-30 13:13,DBEIL,Deepak Builders & Engineers India Limited,6.68,2.14,157480.0,432444.0,0.36,9.43,6.01,-29.16,11.15,17.82,5.15,6.93,8.14,No,-19.44,252.0,10
2026-09-30 13:13,DBL,Dilip Buildcon Limited,406.2,-1.14,63814.0,523537.0,0.12,480.7,381.55,-15.5,6.46,538.2,381.55,416.56,436.8,No,-7.28,250.0,38
2026-09-30 13:13,DBOL,Dhampur Bio Organics Limited,126.1,1.29,321088.0,196100.0,1.64,139.0,97.01,-9.28,29.99,139.0,69.0,117.75,106.6,Yes,23.77,251.0,82
2026-09-30 13:13,DBREALTY,Valor Estate Limited,96.52,-1.33,1028146.0,988806.0,1.04,131.57,93.6,-26.64,3.12,164.6,83.5,105.37,110.49,No,-11.29,252.0,28
2026-09-30 13:13,DCAL,Dishman Carbogen Amcis Limited,157.47,-2.43,228749.0,199758.0,1.15,224.4,156.35,-29.83,0.72,306.0,128.5,176.92,189.99,No,-17.08,251.0,15
2026-09-30 13:13,DCBBANK,DCB Bank Limited,203.54,0.58,781971.0,1406243.0,0.56,234.8,169.0,-13.31,20.44,234.8,127.41,205.13,188.15,Yes,13.15,252.0,73
2026-09-30 13:13,DCI,Dc Infotech And Communication Limited,335.0,2.86,162842.0,516717.0,0.32,464.0,251.15,-27.8,33.39,475.0,208.98,328.87,285.01,Yes,20.45,250.0,80
2026-09-30 13:13,DCM,DCM  Limited,74.0,-1.33,18795.0,13270.0,1.42,104.3,73.41,-29.05,0.8,104.3,55.0,80.39,83.23,No,-11.98,249.0,27
2026-09-30 13:13,DCMFINSERV,DCM Financial Services Limited,5.07,2.84,23460.0,11728.0,2.0,6.41,4.7,-20.9,7.87,8.55,3.7,5.21,5.19,No,-3.72,249.0,47
2026-09-30 13:13,DCMNVL,DCM Nouvelle Limited,172.6,-1.44,4894.0,12851.0,0.38,198.58,135.0,-13.08,27.85,198.58,95.6,171.1,145.12,Yes,26.17,252.0,84
2026-09-30 13:13,DCMSHRIRAM,DCM Shriram Limited,915.6,0.86,58580.0,64819.0,0.9,1187.5,903.0,-22.9,1.4,1409.0,903.0,1012.58,1089.95,No,-16.79,251.0,15
2026-09-30 13:13,DCMSIL,DCM Shriram International Limited,82.25,6.05,216984.0,131315.0,1.65,88.0,58.0,-6.53,41.81,105.27,49.5,75.92,,,18.44,155.0,78
2026-09-30 13:13,DCMSRIND,DCM Shriram Industries Limited,39.57,0.58,202835.0,335076.0,0.61,55.75,36.01,-29.02,9.89,180.0,31.9,42.97,45.47,No,-5.48,252.0,43
2026-09-30 13:13,DCW,DCW Limited,45.62,-0.78,926827.0,1965821.0,0.47,51.94,42.5,-12.17,7.34,72.3,37.11,46.18,47.87,No,-7.71,252.0,37
2026-09-30 13:13,DCXINDIA,DCX Systems Limited,161.18,1.49,345905.0,381215.0,0.91,217.85,156.12,-26.01,3.24,252.01,153.3,172.36,182.97,No,-15.65,252.0,18
2026-09-30 13:13,DDEVPLSTIK,Ddev Plastiks Industries Limited,249.5,0.3,55327.0,84035.0,0.66,315.0,233.5,-20.79,6.85,360.0,185.15,271.41,266.1,No,-6.32,251.0,40
2026-09-30 13:13,DECCANCE,Deccan Cements Limited,566.5,4.89,102737.0,36057.0,2.85,654.45,525.0,-13.44,7.9,1128.3,525.0,561.33,626.87,No,-8.16,250.0,36
2026-09-30 13:13,DECNGOLD,Deccan Gold Mines Limited,200.76,-0.32,933664.0,1187892.0,0.79,250.8,198.06,-19.95,1.36,250.8,198.06,,,,,32.0,
2026-09-30 13:13,DEEDEV,DEE Development Engineers Limited,676.9,3.58,93263.0,211308.0,0.44,760.0,429.95,-10.93,57.44,760.0,183.0,651.41,464.16,Yes,87.99,251.0,98
2026-09-30 13:13,DEEPA,Deepa Jewellers Limited,195.48,3.49,2947868.0,8092215.0,0.36,222.0,164.79,-11.95,18.62,222.0,164.79,,,,,17.0,
2026-09-30 13:13,DEEPAKFERT,Deepak Fertilizers and Petrochemicals Corporation Limited,1351.0,3.22,520082.0,240747.0,2.16,1681.0,1252.8,-19.63,7.84,1681.0,866.4,1444.21,1295.09,Yes,1.54,252.0,57
2026-09-30 13:13,DEEPAKNTR,Deepak Nitrite Limited,1529.8,0.05,141237.0,218754.0,0.65,1877.9,1512.3,-18.54,1.16,1897.9,1280.0,1681.22,1634.56,No,-1.1,251.0,52
2026-09-30 13:13,DEEPINDS,Deep Industries Limited,755.95,-3.39,186896.0,491532.0,0.38,825.0,432.0,-8.37,74.99,825.0,330.0,686.51,498.35,Yes,65.04,252.0,96
2026-09-30 13:13,DELHIVERY,Delhivery Limited,409.7,-1.84,5573031.0,2741511.0,2.03,524.0,400.35,-21.81,2.34,524.0,374.45,451.9,445.2,No,-10.77,252.0,30
2026-09-30 13:13,DELTACORP,Delta Corp Limited,80.51,2.31,84957517.0,10261463.0,8.28,87.9,51.66,-8.41,55.85,87.9,48.3,61.51,64.61,Yes,26.11,252.0,84
2026-09-30 13:13,DELTAMAGNT,Delta Manufacturing Limited,57.19,0.21,2227.0,2933.0,0.76,67.46,52.2,-15.22,9.56,86.0,45.51,57.31,60.45,No,-4.29,250.0,45
2026-09-30 13:13,DEN,Den Networks Limited,25.93,0.08,269929.0,234031.0,1.15,34.39,25.25,-24.6,2.69,35.95,22.52,27.27,28.16,No,-9.6,250.0,32
2026-09-30 13:13,DENORA,De Nora India Limited,736.5,-0.65,10095.0,3972.0,2.54,960.35,685.65,-23.31,7.42,960.35,560.25,828.35,755.49,No,-4.72,250.0,44
2026-09-30 13:13,DENTA,Denta Water and Infra Solutions Limited,265.75,-0.32,46015.0,103903.0,0.44,372.0,239.0,-28.56,11.19,479.6,222.0,298.74,287.74,No,-15.81,252.0,17
2026-09-30 13:13,DEVIT,Dev Information Technology Limited,21.86,1.25,72158.0,38267.0,1.89,31.3,21.06,-30.16,3.8,44.44,21.06,25.04,28.54,No,-26.27,250.0,4
2026-09-30 13:13,DEVX,Dev Accelerator Limited,36.07,-0.14,41456.0,112484.0,0.37,42.0,31.21,-14.12,15.57,54.0,29.95,34.22,37.52,No,1.13,251.0,56
2026-09-30 13:13,DEVYANI,Devyani International Limited,130.29,-0.33,1090016.0,1646168.0,0.66,155.95,105.42,-16.45,23.59,172.4,91.55,134.81,122.85,Yes,11.64,252.0,71
2026-09-30 13:13,DGCONTENT,Digicontent Limited,25.43,0.75,84649.0,28947.0,2.92,30.8,21.61,-17.44,17.68,39.57,21.61,24.52,27.1,No,-5.04,249.0,44
2026-09-30 13:13,DHAMPURSUG,Dhampur Sugar Mills Limited,171.42,-0.22,653441.0,676152.0,0.97,199.92,127.15,-14.26,34.82,199.92,110.0,162.83,140.45,Yes,25.08,252.0,83
2026-09-30 13:13,DHANBANK,Dhanlaxmi Bank Limited,27.52,-3.0,832996.0,401217.0,2.08,36.85,27.1,-25.32,1.55,36.85,19.45,31.68,28.88,No,-2.73,252.0,48
2026-09-30 13:13,DHANUKA,Dhanuka Agritech Limited,928.35,-0.24,21838.0,20633.0,1.06,1248.0,922.0,-25.61,0.69,1568.8,889.6,992.64,1054.32,No,-14.13,250.0,21
2026-09-30 13:13,DHARMAJ,Dharmaj Crop Guard Limited,264.35,-5.17,100610.0,49293.0,2.04,306.0,253.1,-13.61,4.44,325.05,210.65,271.83,257.8,Yes,4.95,250.0,62
2026-09-30 13:13,DHATRE,Dhatre Udyog Limited,3.98,0.25,17934.0,52763.0,0.34,5.17,3.8,-23.02,4.74,5.17,3.8,,,,,32.0,
2026-09-30 13:13,DHOOTTRANS,Dhoot Transmission Limited,1488.8,-1.05,580170.0,2220631.0,0.26,1735.3,1131.0,-14.21,31.64,1735.3,1131.0,,,,,33.0,
2026-09-30 13:13,DHRUV,Dhruv Consultancy Services Limited,20.08,-3.88,8040.0,6788.0,1.18,32.97,19.96,-39.1,0.6,56.99,19.96,23.38,31.03,No,-36.69,250.0,2
2026-09-30 13:13,DHUNINV,Dhunseri Investments Limited,955.65,-1.72,621.0,586.0,1.06,1151.75,760.0,-17.03,25.74,1573.1,667.1,966.67,949.92,Yes,5.02,249.0,63
2026-09-30 13:13,DIAMINESQ,Diamines & Chemicals Limited,238.5,-0.58,1955.0,4340.0,0.45,296.2,229.5,-19.48,3.92,339.3,208.01,246.47,249.89,No,-8.57,250.0,35
2026-09-30 13:13,DIAMONDYD,Prataap Snacks Limited,1108.5,5.46,164680.0,20009.0,8.23,1245.0,965.0,-10.96,14.87,1245.0,858.9,1140.25,1090.93,Yes,-1.31,249.0,52
2026-09-30 13:13,DICIND,DIC India Limited,635.3,2.48,5230.0,7542.0,0.69,675.0,480.0,-5.88,32.35,675.0,450.5,577.32,530.52,Yes,25.69,249.0,83
2026-09-30 13:13,DIFFNKG,Diffusion Engineers Limited,438.75,-2.1,78332.0,267120.0,0.29,519.9,296.8,-15.61,47.83,519.9,216.8,421.41,338.41,Yes,25.21,249.0,83
2026-09-30 13:13,DIGIDRIVE,Digidrive Distributors Limited,17.89,0.45,18503.0,16355.0,1.13,22.97,17.0,-22.12,5.24,31.5,16.1,17.7,20.67,No,-10.83,251.0,29
2026-09-30 13:13,DIGISPICE,DiGiSPICE Technologies Limited,14.96,-2.54,94415.0,113055.0,0.84,20.89,14.86,-28.39,0.67,28.98,14.82,17.0,19.32,No,-23.73,251.0,6
2026-09-30 13:13,DIGITIDE,Digitide Solutions Limited,72.85,-3.02,366319.0,219159.0,1.67,122.66,72.2,-40.61,0.9,185.92,69.9,94.05,98.86,No,-27.91,251.0,3
2026-09-30 13:13,DISAQ,Disa India Limited,11796.0,-0.07,158.0,200.0,0.79,12864.0,10851.0,-8.3,8.71,12864.0,10851.0,11932.86,,,,113.0,
2026-09-30 13:13,DISHTV,Dish TV India Limited,2.06,-4.19,4882465.0,2152836.0,2.27,3.55,2.05,-41.97,0.49,5.03,1.82,2.66,3.11,No,-35.01,252.0,2
2026-09-30 13:13,DIVGIITTS,Divgi Torqtransfer Systems Limited,1181.8,-2.56,161381.0,128014.0,1.26,1329.8,641.3,-11.13,84.28,1329.8,573.7,1136.87,829.79,Yes,53.17,250.0,94
2026-09-30 13:13,DIVISLAB,Divi's Laboratories Limited,9291.5,-1.48,541221.0,478303.0,1.13,9740.0,6450.5,-4.6,44.04,9740.0,5647.5,8809.13,7042.78,Yes,44.94,251.0,92
2026-09-30 13:13,DIXON,Dixon Technologies (India) Limited,13100.0,-1.13,273555.0,326883.0,0.84,15000.0,10570.0,-12.67,23.94,17505.0,9600.0,13975.32,12097.7,Yes,12.37,252.0,72
2026-09-30 13:13,DJML,DJ Mediaprint & Logistics Limited,71.82,0.28,96040.0,116481.0,0.82,124.8,67.57,-42.45,6.29,124.8,52.0,91.25,90.98,No,-22.4,250.0,7
2026-09-30 13:13,DLF,DLF Limited,674.0,3.22,5805171.0,3848857.0,1.51,692.0,553.8,-2.6,21.7,786.5,489.4,662.41,627.05,Yes,6.21,252.0,64
2026-09-30 13:13,DLINKINDIA,D-Link (India) Limited,411.85,-0.57,40003.0,50781.0,0.79,549.2,403.0,-25.01,2.2,549.2,367.65,435.82,439.88,No,-10.7,252.0,30
2026-09-30 13:13,DMART,Avenue Supermarts Limited,3801.4,1.37,620769.0,428868.0,1.45,4429.4,3650.0,-14.18,4.15,4644.0,3600.0,3867.57,4004.18,No,-6.41,252.0,40
2026-09-30 13:13,DMCC,DMCC SPECIALITY CHEMICALS LIMITED,311.7,-0.87,250284.0,98168.0,2.55,332.0,237.5,-6.11,31.24,332.9,191.35,286.88,259.37,Yes,29.37,250.0,86
2026-09-30 13:13,DNAMEDIA,Diligent Media Corporation Limited,2.44,1.24,24871.0,40742.0,0.61,3.35,2.17,-27.16,12.44,5.09,2.17,2.63,3.1,No,-20.48,250.0,9
2026-09-30 13:13,DODLA,Dodla Dairy Limited,1019.4,0.82,22111.0,21292.0,1.04,1179.6,980.0,-13.58,4.02,1400.0,964.1,1068.27,1109.3,No,-8.91,249.0,33
2026-09-30 13:13,DOLATALGO,Dolat Algotech Limited,64.94,-0.87,79533.0,113545.0,0.7,81.0,64.52,-19.83,0.65,95.76,64.52,69.77,75.66,No,-13.78,250.0,23
2026-09-30 13:13,DOLLAR,Dollar Industries Limited,277.25,-1.07,210742.0,90317.0,2.33,297.85,243.05,-6.92,14.07,385.0,220.5,269.27,284.58,No,-1.63,250.0,51
2026-09-30 13:13,DOLLEX,Dollex Agrotech Limited,38.0,-2.31,17634.0,60824.0,0.29,40.0,28.0,-5.0,35.71,42.95,26.0,34.08,33.28,Yes,22.03,250.0,81
2026-09-30 13:13,DOLPHIN,Dolphin Offshore Enterprises (India) Limited,637.4,-2.05,70661.0,82578.0,0.86,749.5,358.45,-14.96,77.82,749.5,322.0,567.65,450.06,Yes,56.64,252.0,95
2026-09-30 13:13,DOMS,DOMS Industries Limited,2107.0,2.66,46645.0,36082.0,1.29,2403.0,2020.0,-12.32,4.31,2755.0,2020.0,2194.37,2303.75,No,-11.72,250.0,27
2026-09-30 13:13,DONEAR,Donear Industries Limited,81.4,0.35,4317.0,24212.0,0.18,97.49,80.71,-16.5,0.85,116.51,77.6,84.92,88.57,No,-7.87,251.0,36
2026-09-30 13:13,DPABHUSHAN,D. P. Abhushan Limited,1788.8,7.38,869850.0,111750.0,7.78,1815.7,866.1,-1.48,106.54,1815.7,866.1,1430.96,1212.24,Yes,68.69,251.0,97
2026-09-30 13:13,DRAGARWQ,Dr Agarwals Eye Hospital Limited,5130.0,0.01,2190.0,2129.0,1.03,5500.0,5061.0,-6.73,1.36,5500.0,5061.0,,,,,31.0,
2026-09-30 13:13,DRCSYSTEMS,DRC Systems India Limited,13.15,6.82,111611.0,53844.0,2.07,16.5,11.52,-20.3,14.15,21.49,11.5,13.02,14.73,No,-12.86,249.0,25
2026-09-30 13:13,DREAMFOLKS,Dreamfolks Services Limited,61.66,-0.4,28862.0,47554.0,0.61,81.69,61.3,-24.52,0.59,160.0,56.0,66.66,78.45,No,-18.65,251.0,11
2026-09-30 13:13,DREDGECORP,Dredging Corporation of India Limited,920.2,-1.36,61114.0,73898.0,0.83,1286.0,834.2,-28.44,10.31,1286.0,538.0,1061.76,1017.82,No,-7.31,252.0,38
2026-09-30 13:13,DRREDDY,Dr. Reddy's Laboratories Limited,1233.0,-1.51,4025662.0,1814132.0,2.22,1414.9,1101.0,-12.86,11.99,1414.9,1101.0,1175.44,1247.76,No,-5.58,252.0,42
2026-09-30 13:13,DSFCL,DCM Shriram Fine Chemicals Limited,28.94,-0.55,45070.0,77097.0,0.58,32.21,22.13,-10.15,30.77,52.5,17.28,26.79,,,31.38,156.0,87
2026-09-30 13:13,DSSL,Dynacons Systems & Solutions Limited,983.2,-0.99,22519.0,27791.0,0.81,1924.8,981.1,-48.92,0.21,1924.8,781.0,1113.11,1122.26,No,-9.03,250.0,33
2026-09-30 13:13,DUCON,Ducon Infratechnologies Limited,1.36,-4.23,3809077.0,4122088.0,0.92,3.97,1.15,-65.74,18.26,5.77,1.15,2.26,3.07,No,-59.2,251.0,1
2026-09-30 13:13,DVL,Dhunseri Ventures Limited,282.95,-1.63,8519.0,13235.0,0.64,308.9,222.78,-8.4,27.01,375.9,186.99,274.01,253.31,Yes,17.41,250.0,77
2026-09-30 13:13,DWARKESH,Dwarikesh Sugar Industries Limited,42.66,-1.55,1341472.0,2475665.0,0.54,59.9,36.07,-28.78,18.27,59.9,32.13,44.71,41.86,Yes,0.9,251.0,56
2026-09-30 13:13,DYCL,Dynamic Cables Limited,437.15,0.75,215981.0,567603.0,0.38,560.0,278.0,-21.94,57.25,560.0,236.8,445.98,354.64,Yes,33.37,252.0,88
2026-09-30 13:13,DYNAMATECH,Dynamatic Technologies Limited,13611.0,4.18,49032.0,24875.0,1.97,13650.0,9769.0,-0.29,39.33,13650.0,6765.0,11546.98,10421.23,Yes,38.55,251.0,90
2026-09-30 13:13,DYNPRO,Dynemic Products Limited,223.58,0.44,5756.0,14447.0,0.4,277.9,218.0,-19.55,2.56,364.0,190.8,237.87,234.66,No,-5.34,251.0,43
2026-09-30 13:13,EASEMYTRIP,Easy Trip Planners Limited,5.86,-0.34,8997605.0,14078439.0,0.64,9.14,5.71,-35.89,2.63,10.6,5.71,6.18,7.1,No,-16.09,252.0,17
2026-09-30 13:13,EASTWEST,East West Freight Carriers Limited,2.33,2.64,34577.0,57243.0,0.6,2.68,2.05,-13.06,13.66,2.68,2.05,,,,,31.0,
2026-09-30 13:13,EBGNG,GNG Electronics Limited,686.75,1.77,905969.0,848349.0,1.07,730.0,390.0,-5.92,76.09,730.0,239.0,612.72,453.88,Yes,56.44,251.0,95
2026-09-30 13:13,ECLERX,eClerx Services Limited,1819.9,2.84,177436.0,152959.0,1.16,2062.0,1320.0,-11.74,37.87,2497.5,1320.0,1886.64,1773.34,Yes,10.76,252.0,70
2026-09-30 13:13,ECORECO,Eco Recycling Limited,395.5,-1.93,9028.0,10526.0,0.86,493.6,386.0,-19.87,2.46,493.6,386.0,,,,,31.0,
2026-09-30 13:13,ECOSMOBLTY,Ecos (India) Mobility & Hospitality Limited,104.73,-0.32,35333.0,71727.0,0.49,162.8,104.1,-35.67,0.61,260.05,103.94,117.65,143.58,No,-26.83,251.0,4
2026-09-30 13:13,EDELWEISS,Edelweiss Financial Services Limited,142.73,3.6,10828381.0,10421031.0,1.04,146.0,103.7,-2.24,37.64,146.0,98.0,127.03,117.04,Yes,23.67,252.0,82
2026-09-30 13:13,EFCIL,EFC (I) Limited,172.21,-1.19,206429.0,187635.0,1.1,211.5,171.42,-18.58,0.46,335.85,171.42,188.4,212.98,No,-21.63,252.0,8
2026-09-30 13:13,EICHERMOT,Eicher Motors Limited,7150.0,-0.4,418125.0,347768.0,1.2,8165.0,6752.5,-12.43,5.89,8230.0,6442.0,7770.31,7414.26,No,0.25,252.0,55
2026-09-30 13:13,EIDPARRY,EID Parry India Limited,685.9,-1.49,467660.0,331329.0,1.41,865.4,681.0,-20.74,0.72,1118.0,681.0,762.12,823.03,No,-15.93,251.0,17
2026-09-30 13:13,EIEL,Enviro Infra Engineers Limited,189.62,-0.97,435761.0,1560472.0,0.28,247.4,175.5,-23.35,8.05,257.66,134.71,204.06,193.63,No,-8.33,252.0,35
2026-09-30 13:13,EIHAHOTELS,EIH Associated Hotels Limited,297.15,1.64,18403.0,15905.0,1.16,334.9,278.1,-11.27,6.85,403.45,266.65,299.43,318.64,No,-8.21,251.0,35
2026-09-30 13:13,EIHOTEL,EIH Limited,301.1,-0.25,1001712.0,424746.0,2.36,352.75,280.3,-14.64,7.42,413.95,271.15,303.95,320.17,No,-9.06,252.0,33
2026-09-30 13:13,EIMCOELECO,Eimco Elecon (India) Limited,2269.2,-0.4,14679.0,25285.0,0.58,2348.8,1485.0,-3.39,52.81,2380.0,1405.5,2091.27,1742.76,Yes,35.2,249.0,89
2026-09-30 13:13,EKC,Everest Kanto Cylinder Limited,108.9,1.08,199123.0,1396786.0,0.14,134.0,96.49,-18.73,12.86,154.55,90.25,107.81,112.44,No,-4.55,251.0,45
2026-09-30 13:13,EKI,EKI Energy Services Limited,94.99,-3.63,82122.0,111956.0,0.73,108.94,67.0,-12.81,41.78,108.94,67.0,,,,,31.0,
2026-09-30 13:13,ELANTAS,Elantas Beck India Limited,13839.0,1.39,1294.0,5003.0,0.26,15150.0,8900.0,-8.65,55.49,15150.0,8900.0,12112.82,,,,115.0,
2026-09-30 13:13,ELCIDIN,EL CID Investments Limited,102665.0,0.0,2.0,9.0,0.22,124940.0,101500.0,-17.83,1.15,137000.0,101500.0,108399.6,,,,114.0,
2026-09-30 13:13,ELDEHSG,Eldeco Housing And Industries Limited,751.05,-0.09,691.0,459.0,1.5,870.2,701.55,-13.69,7.06,1044.1,701.55,780.59,832.6,No,-9.88,250.0,31
2026-09-30 13:13,ELECON,Elecon Engineering Company Limited,461.8,-3.87,811809.0,2634355.0,0.31,576.0,402.4,-19.83,14.76,626.0,352.0,432.18,456.15,Yes,-2.7,252.0,48
2026-09-30 13:13,ELECTCAST,Electrosteel Castings Limited,74.37,-2.82,3309529.0,3721540.0,0.89,87.78,69.0,-15.28,7.78,99.0,60.15,75.08,76.03,No,-4.89,252.0,44
2026-09-30 13:13,ELECTHERM,Electrotherm (India) Limited,774.25,-0.53,8860.0,25235.0,0.35,1277.0,680.1,-39.37,13.84,1277.0,551.0,976.22,874.87,No,-9.07,250.0,33
2026-09-30 13:13,ELEVATE,Elevate Campuses Limited,,,,,,,,,,,,,,,,,
2026-09-30 13:13,ELGIEQUIP,Elgi Equipments Limited,608.85,2.35,316722.0,371716.0,0.85,653.4,508.0,-6.82,19.85,653.4,408.25,605.23,545.11,Yes,16.47,252.0,76
2026-09-30 13:13,ELGIRUBCO,Elgi Rubber Company Limited,53.42,0.98,21168.0,57641.0,0.37,66.66,43.0,-19.86,24.23,70.0,32.72,58.62,49.39,Yes,10.51,252.0,70
2026-09-30 13:13,ELIN,Elin Electronics Limited,86.3,-0.4,57220.0,136406.0,0.42,125.5,83.97,-31.24,2.77,222.99,83.97,96.51,119.54,No,-25.53,250.0,4
2026-09-30 13:13,ELITECON,Elitecon International Limited,7.98,-2.68,13834007.0,8885694.0,1.56,17.25,7.08,-53.74,12.71,17.25,7.08,,,,,32.0,
2026-09-30 13:13,ELLEN,Ellenbarrie Industrial Gases Limited,356.9,-3.37,2143969.0,1514828.0,1.42,394.95,241.05,-9.63,48.06,480.0,175.0,325.46,280.69,Yes,39.38,251.0,90
2026-09-30 13:13,ELPROINTL,Elpro International Limited,174.0,2.07,2626.0,11434.0,0.23,180.89,159.87,-3.81,8.84,180.89,102.0,174.82,,,,114.0,
2026-09-30 13:13,EMAMILTD,Emami Limited,379.05,-0.52,1942870.0,2601700.0,0.75,438.0,361.15,-13.46,4.96,560.0,361.15,390.06,434.03,No,-13.27,252.0,24
2026-09-30 13:13,EMAMIREAL,Emami Realty Limited,67.43,0.73,5618.0,14993.0,0.37,99.12,65.25,-31.97,3.34,115.3,48.2,71.96,76.36,No,-11.36,250.0,28
2026-09-30 13:13,EMBDL,Embassy Developments Limited,58.51,3.87,2039611.0,2636726.0,0.77,75.97,53.2,-22.98,9.98,99.21,39.46,60.15,59.64,No,3.32,252.0,60
2026-09-30 13:13,EMCURE,Emcure Pharmaceuticals Limited,1943.0,-0.82,71084.0,208237.0,0.34,2100.7,1659.9,-7.51,17.06,2100.7,1299.7,1927.41,1688.77,Yes,19.72,252.0,79
2026-09-30 13:13,EMIL,Electronics Mart India Limited,205.36,7.12,14304584.0,4179281.0,3.42,208.98,100.45,-1.73,104.44,208.98,84.9,174.56,124.17,Yes,76.43,252.0,98
2026-09-30 13:13,EMKAY,Emkay Global Financial Services Limited,278.2,-1.56,41912.0,55293.0,0.76,325.98,193.3,-14.66,43.92,370.9,186.0,249.52,247.87,Yes,15.12,250.0,75
2026-09-30 13:13,EMMVEE,Emmvee Photovoltaic Power Limited,315.9,0.43,1295481.0,2419161.0,0.54,371.55,247.05,-14.98,27.87,371.55,171.51,325.25,270.82,Yes,20.36,220.0,80
2026-09-30 13:13,EMPIND,Empire Industries Limited,1057.1,1.04,2549.0,4919.0,0.52,1248.0,1002.1,-15.3,5.49,1248.0,1002.1,,,,,31.0,
2026-09-30 13:13,EMPOWER,Empower India Limited,1.62,-4.71,3851274.0,14780856.0,0.26,2.56,1.62,-36.72,0.0,2.56,1.62,,,,,31.0,
2026-09-30 13:13,EMSLIMITED,EMS Limited,337.2,-0.09,113287.0,196623.0,0.58,464.7,286.1,-27.44,17.86,576.9,256.05,381.66,359.8,No,-12.14,252.0,27
2026-09-30 13:13,EMUDHRA,eMudhra Limited,596.5,-4.89,713551.0,2294813.0,0.31,681.6,430.0,-12.49,38.72,688.35,364.55,543.52,498.5,Yes,30.16,251.0,86
2026-09-30 13:13,ENDURANCE,Endurance Technologies Limited,2656.5,0.06,137533.0,83093.0,1.66,3072.0,2427.5,-13.53,9.43,3072.0,2142.8,2812.25,2596.56,Yes,6.11,252.0,64
2026-09-30 13:13,ENERGYDEV,Energy Development Company Limited,14.39,-1.44,30784.0,23492.0,1.31,18.5,14.0,-22.22,2.79,29.69,13.15,15.88,16.74,No,-13.29,249.0,24
2026-09-30 13:13,ENGINERSIN,Engineers India Limited,309.6,-0.19,3125250.0,5906006.0,0.53,321.4,213.0,-3.67,45.35,321.4,163.55,258.61,227.47,Yes,41.91,252.0,91
2026-09-30 13:13,ENIL,Entertainment Network (India) Limited,95.59,0.27,12115.0,21293.0,0.57,124.0,95.05,-22.91,0.57,160.9,95.05,102.38,108.9,No,-10.71,251.0,30
2026-09-30 13:13,ENKEIWHEL,Enkei Wheels (India) Limited,396.55,-0.31,253.0,2008.0,0.13,425.0,372.0,-6.69,6.6,425.0,372.0,,,,,31.0,
2026-09-30 13:13,ENRIN,Siemens Energy India Limited,3200.0,0.03,664313.0,373353.0,1.78,3968.0,2968.0,-19.35,7.82,3968.0,2115.0,3286.72,3087.52,Yes,10.54,252.0,70
2026-09-30 13:13,ENTERO,Entero Healthcare Solutions Limited,1708.9,-3.17,78336.0,227427.0,0.34,1920.0,1082.0,-10.99,57.94,1920.0,944.0,1563.12,1252.62,Yes,50.82,250.0,94
2026-09-30 13:13,EPACK,EPACK Durable Limited,175.35,-1.45,178496.0,298147.0,0.6,269.77,174.01,-35.0,0.77,360.0,174.01,202.27,236.19,No,-27.97,252.0,3
2026-09-30 13:13,EPACKPEB,EPack Prefab Technologies Limited,243.2,-0.05,149107.0,626445.0,0.24,281.08,176.63,-13.48,37.69,344.0,132.17,239.44,219.04,Yes,8.67,249.0,68
2026-09-30 13:13,EPIGRAL,Epigral Limited,1012.5,-0.55,37180.0,32771.0,1.13,1283.0,969.0,-21.08,4.49,1771.0,807.0,1133.19,1107.99,No,-2.11,251.0,50
2026-09-30 13:13,EPL,EPL Limited,237.0,1.69,3029109.0,2591917.0,1.17,274.03,203.91,-13.51,16.23,274.03,176.4,241.17,223.14,Yes,5.1,251.0,63
2026-09-30 13:13,EQUITASBNK,Equitas Small Finance Bank Limited,68.93,2.77,1798270.0,1770886.0,1.02,83.9,64.63,-17.84,6.65,83.9,51.25,73.83,69.16,No,3.87,252.0,61
2026-09-30 13:13,ERIS,Eris Lifesciences Limited,1191.9,-2.25,97094.0,88806.0,1.09,1530.0,1180.1,-22.1,1.0,1740.0,1180.1,1332.35,1388.64,No,-16.46,250.0,16
2026-09-30 13:13,ESABINDIA,Esab India Limited,5530.0,0.36,1062.0,3674.0,0.29,7169.5,5447.0,-22.87,1.52,7319.5,4710.0,5850.06,5846.09,No,-3.57,250.0,47
2026-09-30 13:13,ESCORTS,Escorts Kubota Limited,2715.2,0.33,45046.0,64386.0,0.7,3173.1,2700.0,-14.43,0.56,3987.8,2700.0,2975.51,3168.64,No,-12.5,252.0,26
2026-09-30 13:13,ESDS,ESDS Software Solution Limited,1509.5,-5.0,35540.0,3606287.0,0.01,1859.2,756.0,-18.81,99.67,1859.2,756.0,,,,,19.0,
2026-09-30 13:13,ESSARSHPNG,Essar Shipping Limited,18.89,11.45,6789302.0,524292.0,12.95,25.11,15.43,-24.77,22.42,43.26,15.43,17.66,23.22,No,-22.33,250.0,7
2026-09-30 13:13,ESSENTIA,Integra Essentia Limited,1.0,0.0,769450.0,2368624.0,0.32,1.77,1.0,-43.5,0.0,2.08,1.0,1.12,1.34,No,-24.26,250.0,5
2026-09-30 13:13,ESTER,Ester Industries Limited,101.22,19.72,3656554.0,233001.0,15.69,107.9,83.0,-6.19,21.95,132.45,68.55,91.58,93.59,Yes,12.74,251.0,73
2026-09-30 13:13,ETERNAL,ETERNAL LIMITED,320.0,-2.39,28839497.0,18325047.0,1.57,344.4,233.61,-7.08,36.98,368.45,212.6,320.1,276.25,Yes,20.03,252.0,79
2026-09-30 13:13,ETHOSLTD,Ethos Limited,2537.2,1.9,22966.0,46685.0,0.49,3090.4,2220.0,-17.9,14.29,3245.9,1919.4,2727.9,2555.91,No,0.69,250.0,55
2026-09-30 13:13,EUREKAFORB,Eureka Forbes Limited,361.0,-0.54,311295.0,183784.0,1.69,525.0,350.0,-31.24,3.14,668.3,350.0,419.03,479.74,No,-27.82,252.0,3
2026-09-30 13:13,EUROBOND,Euro Panel Products Limited,146.25,-0.59,1174.0,2906.0,0.4,195.0,144.01,-25.0,1.56,225.89,126.3,155.22,167.58,No,-10.81,249.0,30
2026-09-30 13:13,EUROPRATIK,Euro Pratik Sales Limited,192.3,-4.83,693046.0,226825.0,3.06,333.0,190.1,-42.25,1.16,390.0,190.1,265.97,264.59,No,-31.42,251.0,2
2026-09-30 13:13,EUROTEXIND,Eurotex Industries and Exports Limited,14.3,10.0,4554.0,1895.0,2.4,23.8,11.07,-39.92,29.18,23.8,11.07,13.2,14.3,Yes,-1.25,249.0,52
2026-09-30 13:13,EVEREADY,Eveready Industries India Limited,323.2,1.35,38598.0,139588.0,0.28,379.2,309.95,-14.77,4.27,394.0,259.65,342.9,331.02,No,-2.39,251.0,50
2026-09-30 13:13,EXCELINDUS,Excel Industries Limited,945.2,2.21,33101.0,10986.0,3.01,1148.55,876.0,-17.7,7.9,1168.0,800.05,1003.48,946.77,No,4.16,250.0,61
2026-09-30 13:13,EXCELSOFT,Excelsoft Technologies Limited,81.17,-2.66,532184.0,2260731.0,0.24,101.0,66.9,-19.63,21.33,142.59,66.4,76.47,81.36,No,-3.06,214.0,47
2026-09-30 13:13,EXICOM,Exicom Tele-Systems Limited,152.11,-0.56,522129.0,1546203.0,0.34,189.17,107.98,-19.59,40.87,189.17,75.6,162.4,131.09,Yes,17.57,252.0,77
2026-09-30 13:13,EXIDEIND,Exide Industries Limited,412.6,1.38,2723491.0,2008870.0,1.36,496.4,333.5,-16.88,23.72,496.4,287.0,441.61,376.48,Yes,12.52,252.0,72
2026-09-30 13:13,EXPLEOSOL,Expleo Solutions Limited,857.85,-0.05,5181.0,20090.0,0.26,977.7,763.35,-12.26,12.38,1175.1,640.0,863.47,851.62,Yes,4.26,250.0,61
2026-09-30 13:13,EXXARO,Exxaro Tiles Limited,6.07,-0.33,93351.0,328748.0,0.28,8.18,5.99,-25.79,1.34,10.33,5.99,6.31,6.85,No,-11.67,250.0,27
2026-09-30 13:13,FABTECH,Fabtech Technologies Limited,145.04,-1.65,43962.0,70164.0,0.63,176.8,141.61,-17.96,2.42,262.8,132.7,147.68,158.82,No,-12.87,247.0,24
2026-09-30 13:13,FACT,Fertilizers and Chemicals Travancore Limited,757.95,0.1,99907.0,201718.0,0.5,1058.6,740.05,-28.4,2.42,1058.6,652.1,803.93,836.97,No,-12.36,252.0,26
2026-09-30 13:13,FAZE3Q,Faze Three Limited,442.15,4.73,402154.0,35842.0,11.22,650.05,416.2,-31.98,6.23,650.05,322.1,497.11,485.34,No,-11.16,250.0,29
2026-09-30 13:13,FCL,Fineotex Chemical Limited,57.45,-0.85,16161438.0,26229565.0,0.62,62.4,25.24,-7.93,127.61,62.4,19.1,48.7,33.47,Yes,95.96,252.0,99
2026-09-30 13:13,FCSSOFT,FCS Software Solutions Limited,1.4,0.72,2540459.0,1675726.0,1.52,1.87,1.33,-25.13,5.26,2.53,1.05,1.45,1.59,No,-11.18,252.0,29
2026-09-30 13:13,FDC,FDC Limited,339.4,-3.06,103102.0,139119.0,0.74,442.0,328.8,-23.21,3.22,476.4,312.95,360.47,377.74,No,-14.68,251.0,20
2026-09-30 13:13,FEDDERSHOL,Fedders Holding Limited,61.51,1.35,2046469.0,8764233.0,0.23,72.77,39.0,-15.47,57.72,72.77,39.0,,,,,32.0,
2026-09-30 13:13,FEDERALBNK,The Federal Bank  Limited,317.4,-0.87,5484900.0,5385595.0,1.02,371.7,277.55,-14.61,14.36,371.7,191.8,347.25,304.57,Yes,7.41,252.0,66
2026-09-30 13:13,FEDFINA,Fedbank Financial Services Limited,150.96,1.41,578917.0,861910.0,0.67,174.4,144.33,-13.44,4.59,178.48,119.07,154.08,149.18,Yes,3.55,251.0,61
2026-09-30 13:13,FERMENTA,Fermenta Biotech Limited,549.7,-0.3,521425.0,393951.0,1.32,575.1,426.3,-4.42,28.95,575.1,426.3,,,,,32.0,
2026-09-30 13:13,FIBERWEB,Fiberweb (India) Limited,27.41,2.31,23194.0,17007.0,1.36,37.6,25.07,-27.1,9.33,46.95,25.07,27.56,33.23,No,-15.69,249.0,18
2026-09-30 13:13,FIEMIND,Fiem Industries Limited,1877.6,-2.26,91763.0,58031.0,1.58,2674.8,1870.0,-29.8,0.41,2674.8,1870.0,2167.12,2209.71,No,-14.54,252.0,20
2026-09-30 13:13,FILATEX,Filatex India Limited,107.76,-3.79,2227313.0,6848671.0,0.33,113.94,40.31,-5.42,167.33,113.94,36.26,84.07,56.93,Yes,118.45,251.0,99
2026-09-30 13:13,FILATFASH,Filatex Fashions Limited,0.18,0.0,10317065.0,19080066.0,0.54,0.25,0.17,-28.0,5.88,0.58,0.14,0.18,0.23,No,-9.49,252.0,32
2026-09-30 13:13,FINCABLES,Finolex Cables Limited,1450.3,1.03,452939.0,1237388.0,0.37,1498.0,956.2,-3.18,51.67,1498.0,700.8,1246.87,1003.32,Yes,59.09,252.0,96
2026-09-30 13:13,FINEORG,Fine Organic Industries Limited,5124.5,-0.3,24136.0,18956.0,1.27,5407.0,4424.1,-5.22,15.83,5407.0,3856.0,5089.82,4697.63,Yes,10.12,251.0,70
2026-09-30 13:13,FINKURVE,Finkurve Financial Services Limited,67.92,-2.09,42160.0,127068.0,0.33,83.1,56.0,-18.27,21.29,134.9,48.02,68.75,72.93,No,0.09,247.0,55
2026-09-30 13:13,FINOPB,Fino Payments Bank Limited,127.21,-1.56,135642.0,179324.0,0.76,189.47,113.39,-32.86,12.19,339.0,110.03,146.48,166.33,No,-15.61,252.0,18
2026-09-30 13:13,FINPIPE,Finolex Industries Limited,151.48,0.22,238128.0,326170.0,0.73,200.4,148.05,-24.41,2.32,206.69,147.54,158.88,170.38,No,-10.73,250.0,30
2026-09-30 13:13,FIRSTCRY,Brainbees Solutions Limited,179.94,-2.4,2624514.0,9374667.0,0.28,245.0,163.37,-26.56,10.14,389.65,163.37,192.28,228.54,No,-23.44,252.0,6
2026-09-30 13:13,FISCHER,Fischer Medical Ventures Limited,33.55,-0.39,284090.0,1012236.0,0.28,42.37,31.05,-20.82,8.05,121.7,31.05,36.39,37.78,No,-16.62,252.0,16
2026-09-30 13:13,FIVESTAR,Five-Star Business Finance Limited,516.85,3.94,601810.0,681174.0,0.88,575.6,413.55,-10.21,24.98,666.0,338.15,535.28,486.94,Yes,6.72,251.0,65
2026-09-30 13:13,FLAIR,Flair Writing Industries Limited,229.32,-0.46,67611.0,103947.0,0.65,344.7,228.0,-33.47,0.58,345.0,228.0,245.99,286.92,No,-17.84,251.0,13
2026-09-30 13:13,FLUOROCHEM,Gujarat Fluorochemicals Limited,4405.3,-0.02,68351.0,118436.0,0.58,4958.9,3451.2,-11.16,27.65,4958.9,2916.6,4589.98,3802.27,Yes,20.06,252.0,79
2026-09-30 13:13,FMGOETZE,Federal-Mogul Goetze (India) Limited.,445.65,-3.14,267314.0,434483.0,0.62,641.1,417.1,-30.49,6.84,641.1,358.0,487.83,451.3,No,0.19,250.0,55
2026-09-30 13:13,FMNL,Future Market Networks Limited,8.35,4.77,43409.0,71074.0,0.61,12.95,7.61,-35.52,9.72,13.29,6.74,9.22,9.17,No,-9.5,249.0,32
2026-09-30 13:13,FOODSIN,Foods & Inns Limited,50.92,-1.05,48116.0,83511.0,0.58,64.5,49.15,-21.05,3.6,88.9,44.0,54.26,58.66,No,-18.25,251.0,12
2026-09-30 13:13,FORCEMOT,FORCE MOTORS LTD,17054.0,0.88,56783.0,62324.0,0.91,21100.0,16761.0,-19.18,1.75,26450.0,14911.0,17739.32,19597.92,No,-13.8,252.0,22
2026-09-30 13:13,FORTIS,Fortis Healthcare Limited,770.0,-6.33,5817456.0,1375660.0,4.23,1010.1,757.45,-23.77,1.66,1104.3,757.45,907.76,911.68,No,-14.9,252.0,20
2026-09-30 13:13,FOSECOIND,Foseco India Limited,6462.5,2.01,22696.0,35823.0,0.63,7389.5,4612.5,-12.54,40.11,7389.5,4300.0,5869.03,5144.24,Yes,29.97,251.0,86
2026-09-30 13:13,FRACTAL,Fractal Analytics Limited,740.2,-1.72,134934.0,285345.0,0.47,1059.0,735.0,-30.1,0.71,1118.0,733.7,798.74,,,-12.78,158.0,25
2026-09-30 13:13,FREDUN,Fredun Pharmaceuticals Limited,1404.5,0.87,35676.0,70877.0,0.5,1536.0,1195.2,-8.56,17.51,1536.0,1195.2,,,,,31.0,
2026-09-30 13:13,FRONTSP,Frontier Springs Limited,1460.2,4.74,55952.0,123497.0,0.45,1569.8,1150.5,-6.98,26.92,1569.8,1150.5,,,,,32.0,
2026-09-30 13:13,FSL,Firstsource Solutions Limited,255.8,2.77,6657485.0,2721502.0,2.45,341.9,225.1,-25.18,13.64,371.75,202.0,272.53,264.07,No,0.87,252.0,56
2026-09-30 13:13,FUSION,Fusion Finance Limited,175.08,1.03,555656.0,578365.0,0.96,243.0,162.76,-27.95,7.57,243.0,136.5,197.31,184.71,No,-4.79,251.0,44
2026-09-30 13:13,GABRIEL,Gabriel India Limited,1341.8,2.91,243408.0,643969.0,0.38,1600.0,975.6,-16.14,37.54,1600.0,795.7,1402.2,1127.5,Yes,25.44,252.0,83
2026-09-30 13:13,GAEL,Gujarat Ambuja Exports Limited,160.21,-0.95,270995.0,576974.0,0.47,184.99,137.7,-13.4,16.35,184.99,101.2,167.31,151.29,Yes,5.09,252.0,63
2026-09-30 13:13,GAIL,GAIL (India) Limited,170.55,0.3,12185634.0,6197825.0,1.97,182.38,151.41,-6.49,12.64,186.87,134.36,173.75,166.22,Yes,3.52,252.0,61
2026-09-30 13:13,GAJA,Gaja Alternative Asset Management Limited,140.05,-0.26,308477.0,1710474.0,0.18,191.65,137.5,-26.92,1.85,191.65,137.5,,,,,26.0,
2026-09-30 13:13,GALAPREC,Gala Precision Engineering Limited,1197.2,3.41,103371.0,40940.0,2.52,1260.0,825.95,-4.98,44.95,1260.0,671.2,1064.44,903.25,Yes,30.9,251.0,87
2026-09-30 13:13,GALAXYSURF,Galaxy Surfactants Limited,2332.8,1.37,110086.0,40624.0,2.71,2648.0,1642.6,-11.9,42.02,2648.0,1510.0,2173.24,1947.4,Yes,22.95,249.0,81
2026-09-30 13:13,GALLANTT,Gallantt Ispat Limited,537.5,-0.3,51095.0,94283.0,0.54,816.7,513.1,-34.19,4.76,948.0,496.25,569.49,622.12,No,-11.71,251.0,27
2026-09-30 13:13,GANDHAR,Gandhar Oil Refinery (India) Limited,278.85,1.94,742268.0,647220.0,1.15,303.17,138.44,-8.02,101.42,303.17,115.0,255.76,179.78,Yes,74.4,252.0,97
2026-09-30 13:13,GANDHITUBE,Gandhi Special Tubes Limited,951.55,-1.55,5516.0,23441.0,0.24,1046.6,811.05,-9.08,17.32,1046.6,681.05,903.63,843.83,Yes,15.71,249.0,75
2026-09-30 13:13,GANECOS,Ganesha Ecosphere Limited,1000.6,-0.99,39514.0,102795.0,0.38,1268.0,851.25,-21.09,17.54,1268.0,653.55,1067.4,945.24,Yes,6.51,251.0,65
2026-09-30 13:13,GANESHCP,Ganesh Consumer Products Limited,151.41,-1.09,97953.0,165579.0,0.59,223.33,150.72,-32.2,0.46,309.95,150.72,166.09,188.42,No,-22.77,250.0,6
2026-09-30 13:13,GANESHHOU,GANESH HOUSING LIMITED,719.0,1.75,25145.0,23900.0,1.05,889.25,647.25,-19.15,11.09,899.7,500.0,775.1,730.53,No,1.45,250.0,57
2026-09-30 13:13,GANGAFORGE,Ganga Forging Limited,1.54,4.76,1174893.0,3608654.0,0.33,2.79,1.35,-44.8,14.07,4.15,1.35,1.82,2.56,No,-42.74,250.0,1
2026-09-30 13:13,GANGESSECU,Ganges Securities Limited,112.4,-0.35,26.0,1371.0,0.02,144.0,112.0,-21.94,0.36,178.15,103.31,117.21,122.5,No,-7.28,249.0,38
2026-09-30 13:13,GARFIBRES,Garware Technical Fibres Limited,770.85,2.26,18057.0,40598.0,0.44,863.4,608.2,-10.72,26.74,863.4,579.75,784.1,694.5,Yes,12.53,251.0,72
2026-09-30 13:13,GARUDA,Garuda Construction and Engineering Limited,174.67,-1.07,213373.0,1096167.0,0.19,200.5,158.76,-12.88,10.02,249.3,130.0,178.6,176.52,No,0.76,251.0,56
2026-09-30 13:13,GATEWAY,Gateway Distriparks Limited,52.04,0.91,515000.0,525309.0,0.98,63.25,51.42,-17.72,1.21,65.42,48.1,54.6,57.07,No,-12.32,252.0,26
2026-09-30 13:13,GAUDIUMIVF,Gaudium IVF and Women Health Limited,111.15,-2.41,201656.0,204202.0,0.99,163.18,98.4,-31.89,12.96,163.18,69.18,123.23,,,10.11,149.0,70
2026-09-30 13:13,GAYAHWS,Gayatri Highways Limited,1.76,-4.35,312692.0,178758.0,1.75,2.5,1.72,-29.6,2.33,4.76,1.72,1.92,2.23,No,-21.55,251.0,8
2026-09-30 13:13,GAYAPROJ,Gayatri Projects Limited,22.68,1.07,652974.0,1361021.0,0.48,27.33,16.02,-17.01,41.57,27.33,10.99,21.94,17.7,Yes,39.14,252.0,90
2026-09-30 13:13,GCSL,Gretex Corporate Services Limited,675.85,1.44,247015.0,689810.0,0.36,682.5,363.95,-0.97,85.7,682.5,213.15,559.3,420.4,Yes,71.53,249.0,97
2026-09-30 13:13,GEEKAYWIRE,Geekay Wires Limited,31.19,2.26,82492.0,344721.0,0.24,35.0,21.0,-10.89,48.52,36.8,18.51,26.37,26.13,Yes,23.02,252.0,82
2026-09-30 13:13,GEMAROMA,Gem Aromatics Limited,161.0,2.05,123338.0,88743.0,1.39,228.0,145.0,-29.39,11.03,263.68,133.0,170.12,170.75,No,-5.11,250.0,43
2026-09-30 13:13,GENCON,Generic Engineering Construction and Projects Limited,39.54,6.52,834310.0,320683.0,2.6,47.85,36.35,-17.37,8.78,59.96,36.35,40.7,42.89,No,-8.7,251.0,34
2026-09-30 13:13,GENESYS,Genesys International Corporation Limited,273.43,-1.53,392406.0,1708791.0,0.23,377.0,168.5,-27.47,62.27,612.0,168.5,238.19,289.76,No,-14.95,252.0,19
2026-09-30 13:13,GENUSPAPER,Genus Paper & Boards Limited,10.64,3.8,156399.0,188342.0,0.83,14.2,9.25,-25.07,15.03,17.89,8.67,11.85,12.26,No,-9.23,249.0,32
2026-09-30 13:13,GENUSPOWER,Genus Power Infrastructures Limited,288.65,-1.7,2195984.0,1618152.0,1.36,358.95,282.1,-19.58,2.32,363.0,206.36,317.73,296.25,No,-0.86,252.0,53
2026-09-30 13:13,GEOJITFSL,Geojit Financial Services Limited,76.59,-0.22,205625.0,338561.0,0.61,86.5,69.07,-11.46,10.89,86.5,50.86,79.48,72.67,Yes,7.35,250.0,66
2026-09-30 13:13,GESHIP,The Great Eastern Shipping Company Limited,1560.0,1.44,938185.0,997599.0,0.94,1798.0,1261.0,-13.24,23.71,1798.0,1000.3,1381.05,1368.39,Yes,15.35,252.0,75
2026-09-30 13:13,GFLLIMITED,GFL Limited,54.94,-1.36,29988.0,123241.0,0.24,63.99,43.0,-14.14,27.77,81.0,37.25,53.35,49.44,Yes,17.99,249.0,77
2026-09-30 13:13,GHCL,GHCL Limited,405.5,0.23,106356.0,120326.0,0.88,486.0,396.0,-16.56,2.4,667.2,396.0,431.38,471.54,No,-12.47,252.0,26
2026-09-30 13:13,GHCLTEXTIL,GHCL Textiles Limited,128.9,-2.55,528612.0,518866.0,1.02,144.59,84.51,-10.85,52.53,144.59,65.26,125.67,95.21,Yes,48.05,251.0,93
2026-09-30 13:13,GICHSGFIN,GIC Housing Finance Limited,133.87,0.12,80679.0,71403.0,1.13,168.99,132.63,-20.78,0.93,184.0,130.05,141.72,152.64,No,-14.35,251.0,21
2026-09-30 13:13,GICRE,General Insurance Corporation of India,331.15,3.4,771968.0,893082.0,0.86,402.0,319.0,-17.62,3.81,417.95,319.0,350.88,370.6,No,-10.91,252.0,29
2026-09-30 13:13,GILLANDERS,Gillanders Arbuthnot & Company Limited,114.8,3.66,117179.0,11628.0,10.08,119.5,83.8,-3.93,36.99,129.4,76.0,98.07,93.77,Yes,24.6,250.0,83
2026-09-30 13:13,GILLETTE,Gillette India Limited,7000.0,0.52,36059.0,20931.0,1.72,8433.5,6870.0,-17.0,1.89,9714.0,6870.0,7439.09,7855.35,No,-9.74,252.0,31
2026-09-30 13:13,GIPCL,Gujarat Industries Power Company Limited,179.68,-1.04,195771.0,378666.0,0.52,211.71,142.2,-15.13,26.36,211.71,119.9,181.42,157.66,Yes,18.01,252.0,77
2026-09-30 13:13,GKB,GKB Ophthalmics Limited,64.33,-2.43,4797.0,8883.0,0.54,88.4,60.3,-27.23,6.68,88.4,60.3,,,,,37.0,
2026-09-30 13:13,GKENERGY,GK Energy Limited,119.88,0.4,1278101.0,423783.0,3.02,154.9,118.2,-22.61,1.42,239.6,87.2,128.44,128.2,No,-4.06,251.0,46
2026-09-30 13:13,GKSL,Gujarat Kidney And Super Speciality Limited,179.05,1.8,537362.0,597390.0,0.9,186.99,122.24,-4.25,46.47,186.99,98.36,154.43,,,54.33,190.0,94
2026-09-30 13:13,GKWLIMITED,GKW Limited,1550.0,0.52,46.0,1823.0,0.03,1930.0,1501.8,-19.69,3.21,1985.4,1375.0,1601.26,1662.02,No,-6.42,249.0,40
2026-09-30 13:13,GLAND,Gland Pharma Limited,2899.4,-3.02,528537.0,614441.0,0.86,3042.0,1822.2,-4.69,59.12,3042.0,1573.6,2804.67,2154.19,Yes,44.98,251.0,92
2026-09-30 13:13,GLASSWALL,Glass Wall Systems (India) Limited,282.0,-1.59,10083365.0,39298959.0,0.26,317.9,185.2,-11.29,52.27,317.9,185.2,,,,,11.0,
2026-09-30 13:13,GLAXO,GlaxoSmithKline Pharmaceuticals Limited,2769.3,-0.52,45784.0,75535.0,0.61,3120.7,2088.1,-11.26,32.62,3120.7,2088.1,2802.6,2507.32,Yes,15.29,252.0,75
2026-09-30 13:13,GLENMARK,Glenmark Pharmaceuticals Limited,2334.7,-4.37,1261802.0,526878.0,2.39,2537.6,2101.0,-8.0,11.12,2537.6,1792.6,2355.66,2206.38,Yes,9.21,252.0,68
2026-09-30 13:13,GLFL,Gujarat Lease Financing Limited,5.39,2.28,11862.0,8504.0,1.39,7.49,4.78,-28.04,12.76,9.34,3.66,5.5,5.64,No,3.64,250.0,61
2026-09-30 13:13,GLOBAL,Global Education Limited,132.8,-0.16,145032.0,243603.0,0.6,143.0,81.6,-7.13,62.75,143.0,55.3,114.73,102.1,Yes,33.9,251.0,88
2026-09-30 13:13,GLOBALE,Globale Tessile Limited,10.31,-3.1,16320.0,4946.0,3.3,14.2,10.03,-27.39,2.79,15.4,9.2,11.07,11.79,No,-10.05,251.0,31
2026-09-30 13:13,GLOBALVECT,Global Vectra Helicorp Limited,127.58,-3.33,7330.0,6787.0,1.08,181.98,123.0,-29.89,3.72,248.0,123.0,146.85,166.44,No,-23.66,249.0,6
2026-09-30 13:13,GLOBE,GLOBE ENTERPRISES (INDIA) LIMITED,2.14,0.0,406477.0,950264.0,0.43,2.52,1.75,-15.08,22.29,3.29,1.75,2.02,2.38,No,-7.75,251.0,37
2026-09-30 13:13,GLOBECIVIL,Globe Civil Projects Limited,41.53,-1.26,30345.0,42458.0,0.71,49.48,37.3,-16.07,11.34,80.0,33.5,43.13,46.48,No,-5.2,250.0,43
2026-09-30 13:13,GLOBUSSPR,Globus Spirits Limited,786.45,-2.28,136794.0,79490.0,1.72,1009.0,782.6,-22.06,0.49,1252.8,782.6,873.14,919.93,No,-14.08,251.0,22
2026-09-30 13:13,GLOSTERLTD,Gloster Limited,546.1,1.27,238.0,1278.0,0.19,756.45,536.2,-27.81,1.85,756.45,495.0,615.35,621.38,No,-16.82,250.0,15
2026-09-30 13:13,GLOTTIS,Glottis Limited,62.88,3.05,97164.0,94761.0,1.03,73.92,56.5,-14.94,11.29,93.0,37.0,63.65,58.85,Yes,8.12,248.0,67
2026-09-30 13:13,GMBREW,GM Breweries Limited,966.95,0.42,39273.0,39787.0,0.99,1020.65,852.55,-5.26,13.42,1328.8,728.8,911.6,967.22,No,-7.73,252.0,37
2026-09-30 13:13,GMDCLTD,Gujarat Mineral Development Corporation Limited,507.7,-1.07,688198.0,932399.0,0.74,708.2,506.0,-28.31,0.34,771.9,466.4,564.68,593.78,No,-15.45,252.0,18
2026-09-30 13:13,GMMPFAUDLR,GMM Pfaudler Limited,1466.7,-0.7,164405.0,577415.0,0.28,1533.6,735.0,-4.36,99.55,1533.6,735.0,1120.41,956.12,Yes,70.72,251.0,97
2026-09-30 13:13,GMRAIRPORT,GMR AIRPORTS LIMITED,95.15,1.49,16279387.0,10868032.0,1.5,115.64,91.99,-17.72,3.44,115.64,84.11,100.32,99.93,No,-8.95,252.0,33
2026-09-30 13:13,GMRP&UI,GMR Power and Urban Infra Limited,105.38,4.63,3679117.0,1684857.0,2.18,117.9,86.8,-10.62,21.41,136.3,86.8,96.25,103.61,Yes,2.98,252.0,60
2026-09-30 13:13,GNA,GNA Axles Limited,598.35,0.77,510021.0,893021.0,0.57,648.0,347.2,-7.66,72.34,648.0,295.0,549.07,438.1,Yes,53.6,252.0,94
2026-09-30 13:13,GNFC,Gujarat Narmada Valley Fertilizers and Chemicals Limited,604.4,-1.16,973988.0,1284913.0,0.76,636.0,484.0,-4.97,24.88,636.0,365.0,568.83,501.68,Yes,25.01,252.0,83
2026-09-30 13:13,GNRL,Gujarat Natural Resources Limited,98.26,0.1,853565.0,545698.0,1.56,119.4,94.21,-17.71,4.3,119.4,94.21,,,,,32.0,
2026-09-30 13:13,GOACARBON,Goa Carbon Limited,404.95,-0.95,17841.0,119184.0,0.15,484.0,347.0,-16.33,16.7,494.9,272.85,381.36,377.55,Yes,10.25,251.0,70
2026-09-30 13:13,GOCLCORP,GOCL Corporation Limited,362.45,-0.33,64481.0,559652.0,0.12,461.4,285.9,-21.45,26.78,461.4,223.35,409.4,338.97,Yes,9.36,251.0,68
2026-09-30 13:13,GOCOLORS,Go Fashion (India) Limited,300.75,-1.17,74451.0,71488.0,1.04,440.0,249.5,-31.65,20.54,715.45,237.05,324.3,340.32,No,-14.09,251.0,22
2026-09-30 13:13,GODAVARIB,Godavari Biorefineries Limited,232.01,-1.89,112434.0,604802.0,0.19,332.0,224.0,-30.12,3.58,353.0,224.0,247.43,277.63,No,-18.15,251.0,12
2026-09-30 13:13,GODFRYPHLP,Godfrey Phillips India Limited,1891.8,1.6,240762.0,161287.0,1.49,2491.7,1862.0,-24.08,1.6,3486.0,1832.1,2079.54,2173.66,No,-14.74,252.0,20
2026-09-30 13:13,GODIGIT,Go Digit General Insurance Limited,260.05,2.71,1467677.0,1061104.0,1.38,333.9,231.65,-22.12,12.26,374.0,231.65,257.52,304.53,No,-19.32,251.0,10
2026-09-30 13:13,GODREJAGRO,Godrej Agrovet Limited,623.55,-1.29,114002.0,236233.0,0.48,698.4,534.3,-10.72,16.7,701.15,506.1,611.95,585.58,Yes,10.21,252.0,70
2026-09-30 13:13,GODREJCP,Godrej Consumer Products Limited,850.0,-0.58,1632550.0,1381388.0,1.18,1118.0,848.0,-23.97,0.24,1273.9,848.0,940.54,1064.34,No,-21.94,252.0,7
2026-09-30 13:13,GODREJIND,Godrej Industries Limited,1039.4,-1.54,37142.0,84839.0,0.44,1443.0,1005.0,-27.97,3.42,1443.0,744.2,1195.88,1073.95,No,-0.28,252.0,54
2026-09-30 13:13,GODREJPROP,Godrej Properties Limited,1628.5,-0.36,832434.0,674309.0,1.23,2180.0,1610.1,-25.3,1.14,2352.0,1434.0,1933.0,1834.64,No,-13.21,252.0,24
2026-09-30 13:13,GOKEX,Gokaldas Exports Limited,687.8,1.36,231742.0,281579.0,0.82,894.7,650.25,-23.13,5.77,954.9,531.0,772.08,724.87,No,-9.16,252.0,33
2026-09-30 13:13,GOKUL,Gokul Refoils and Solvent Limited,39.42,0.03,142762.0,173728.0,0.82,46.8,38.15,-15.77,3.33,46.8,31.0,40.58,39.83,No,-1.0,249.0,53
2026-09-30 13:13,GOKULAGRO,Gokul Agro Resources Limited,212.98,-1.05,116742.0,306156.0,0.38,259.8,200.0,-18.02,6.49,259.8,151.0,228.79,205.08,Yes,7.77,252.0,66
2026-09-30 13:13,GOLDIAM,Goldiam International Limited,313.45,-2.91,330859.0,448431.0,0.74,398.2,270.34,-21.28,15.95,398.2,198.75,347.4,301.14,Yes,7.04,252.0,65
2026-09-30 13:13,GOODLUCK,Goodluck India Limited,508.05,-3.89,291136.0,570175.0,0.51,557.37,417.33,-8.85,21.74,557.37,305.0,490.51,428.75,Yes,22.43,252.0,81
2026-09-30 13:13,GOODYEAR,Goodyear India Limited,703.15,0.09,2577.0,4030.0,0.64,876.0,697.55,-19.73,0.8,1273.7,697.55,760.22,,,,121.0,
2026-09-30 13:13,GOPAL,Gopal Snacks Limited,250.95,-0.81,66870.0,106643.0,0.63,330.95,247.6,-24.17,1.35,364.4,247.55,267.53,285.39,No,-10.83,250.0,29
2026-09-30 13:13,GOYALALUM,Goyal Aluminiums Limited,5.86,-0.34,68542.0,80188.0,0.85,7.28,5.3,-19.51,10.57,11.37,5.3,6.27,6.8,No,-9.74,249.0,31
2026-09-30 13:13,GPIL,Godawari Power And Ispat limited,222.34,0.45,919914.0,1336521.0,0.69,320.0,220.1,-30.52,1.02,320.0,220.1,240.72,261.98,No,-15.24,252.0,19
2026-09-30 13:13,GPPL,Gujarat Pipavav Port Limited,166.75,3.87,1900037.0,1360835.0,1.4,173.8,146.6,-4.06,13.74,200.09,141.55,159.12,162.03,Yes,5.16,252.0,63
2026-09-30 13:13,GPTHEALTH,GPT Healthcare Limited,150.74,-1.99,71224.0,125432.0,0.57,175.0,137.5,-13.86,9.63,175.0,115.0,158.53,142.56,Yes,7.42,249.0,66
2026-09-30 13:13,GPTINFRA,GPT Infraprojects Limited,118.34,2.26,162220.0,304720.0,0.53,150.0,106.41,-21.11,11.21,150.0,96.22,114.83,114.26,Yes,1.87,251.0,58
2026-09-30 13:13,GRANDOAK,Grand Oak Canyons Distillery Limited,34.19,-4.28,1400.0,3013.0,0.46,40.99,32.57,-16.59,4.97,40.99,32.57,,,,,32.0,
2026-09-30 13:13,GRANULES,Granules India Limited,846.55,-2.33,819165.0,1492167.0,0.55,923.65,721.15,-8.35,17.39,923.65,522.7,855.1,720.59,Yes,18.99,251.0,78
2026-09-30 13:13,GRAPHITE,Graphite India Limited,764.8,-4.58,2394153.0,3864067.0,0.62,874.35,570.0,-12.53,34.18,874.35,516.2,739.25,677.61,Yes,20.72,252.0,80
2026-09-30 13:13,GRASIM,Grasim Industries Limited,3061.9,-1.23,448055.0,809016.0,0.55,3411.1,2880.6,-10.24,6.29,3411.1,2502.5,3231.02,2979.96,Yes,4.47,252.0,62
2026-09-30 13:13,GRAUWEIL,Grauer & Weil India Limited,82.77,-0.01,394032.0,1313118.0,0.3,88.75,62.09,-6.74,33.31,115.6,62.09,73.82,,,,121.0,
2026-09-30 13:13,GRAVITA,Gravita India Limited,1447.4,0.03,221054.0,201660.0,1.1,1870.0,1439.7,-22.6,0.53,1913.6,1266.9,1693.93,1655.8,No,-12.36,252.0,26
2026-09-30 13:13,GREAVESCOT,Greaves Cotton Limited,230.28,-2.0,2033575.0,2401364.0,0.85,271.9,157.57,-15.31,46.14,271.9,119.99,205.61,183.68,Yes,23.28,252.0,82
2026-09-30 13:13,GREENLAM,Greenlam Industries Limited,212.85,-0.68,64895.0,46462.0,1.4,278.55,207.1,-23.59,2.78,278.55,197.59,243.29,240.12,No,-14.04,250.0,22
2026-09-30 13:13,GREENPANEL,Greenpanel Industries Limited,160.32,0.8,811571.0,442878.0,1.83,213.8,148.51,-25.01,7.95,314.0,148.51,170.43,197.53,No,-18.91,252.0,11
2026-09-30 13:13,GREENPLY,Greenply Industries Limited,299.95,7.03,859668.0,250602.0,3.43,334.4,243.61,-10.3,23.13,334.4,176.42,289.77,260.46,Yes,14.07,252.0,74
2026-09-30 13:13,GREENPOWER,Orient Green Power Company Limited,8.83,-0.23,1424370.0,4271014.0,0.33,11.92,8.58,-25.92,2.91,14.93,7.98,9.44,10.35,No,-15.1,252.0,19
2026-09-30 13:13,GRINDWELL,Grindwell Norton Limited,1994.1,4.04,62997.0,26304.0,2.39,2455.0,1744.2,-18.77,14.33,2455.0,1329.0,2012.66,1792.73,Yes,14.88,251.0,74
2026-09-30 13:13,GRINFRA,G R Infraprojects Limited,800.6,-1.92,12867.0,29144.0,0.44,980.2,789.15,-18.32,1.45,1309.8,785.0,863.67,911.42,No,-12.06,252.0,27
2026-09-30 13:13,GRMOVER,GRM Overseas Limited,78.92,0.2,943352.0,1038580.0,0.91,175.6,78.06,-55.06,1.1,185.45,78.06,86.79,131.87,No,-35.69,252.0,2
2026-09-30 13:13,GROBTEA,The Grob Tea Company Limited,909.1,1.12,123.0,139.0,0.88,1060.0,850.0,-14.24,6.95,1225.0,805.0,932.2,927.82,No,-0.22,251.0,54
2026-09-30 13:13,GROWW,Billionbrains Garage Ventures Limited,183.91,0.21,24543062.0,29561308.0,0.83,220.98,179.35,-16.78,2.54,227.2,112.0,193.55,184.25,No,1.23,224.0,57
2026-09-30 13:13,GRPLTD,GRP Limited,1898.6,-0.04,628.0,2060.0,0.3,2143.4,1502.1,-11.42,26.4,2300.1,1500.0,1992.31,1853.04,Yes,4.38,249.0,62
2026-09-30 13:13,GRSE,Garden Reach Shipbuilders & Engineers Limited,2181.9,-1.1,377180.0,315203.0,1.2,2934.7,2175.0,-25.65,0.32,3339.0,1963.7,2511.71,2546.31,No,-13.85,252.0,22
2026-09-30 13:13,GRWRHITECH,Garware Hi-Tech Films Limited,7015.5,-0.01,84119.0,59960.0,1.4,7990.0,5180.6,-12.2,35.42,7990.0,2690.7,6970.84,5208.16,Yes,54.77,252.0,94
2026-09-30 13:13,GSFC,Gujarat State Fertilizers & Chemicals Limited,150.79,-0.57,768458.0,999690.0,0.77,180.59,147.15,-16.5,2.47,199.99,138.83,158.04,165.53,No,-8.19,252.0,35
2026-09-30 13:13,GSLSU,Global Surfaces Limited,31.0,0.85,34789.0,79288.0,0.44,59.0,23.06,-47.46,34.43,139.67,23.06,29.2,58.21,No,-37.87,249.0,1
2026-09-30 13:13,GSPCROP,GSP Crop Science Limited,467.15,-0.49,261043.0,443320.0,0.59,667.95,366.9,-30.06,27.32,667.95,328.0,559.39,,,21.08,132.0,80
2026-09-30 13:13,GSS,GSS Infotech Limited,10.37,1.17,20250.0,56175.0,0.36,14.88,9.6,-30.31,8.02,27.5,8.68,11.91,13.42,No,-21.63,251.0,8
2026-09-30 13:13,GTECJAINX,G-TEC JAINX EDUCATION LIMITED,32.62,9.98,3654.0,8131.0,0.45,38.35,16.2,-14.94,101.36,38.35,15.54,28.77,24.0,Yes,35.4,249.0,89
2026-09-30 13:13,GTL,GTL Limited,6.88,1.93,129833.0,175838.0,0.74,9.32,6.65,-26.18,3.46,9.7,4.91,7.25,7.39,No,-5.58,251.0,42
2026-09-30 13:13,GTLINFRA,GTL Infrastructure Limited,1.08,0.0,28681491.0,30755841.0,0.93,1.67,1.07,-35.33,0.93,1.67,0.96,1.19,1.22,No,-11.49,252.0,28
2026-09-30 13:13,GTPL,GTPL Hathway Limited,54.86,1.39,23329.0,50047.0,0.47,69.0,50.85,-20.49,7.89,118.25,50.85,56.92,67.44,No,-18.88,252.0,11
2026-09-30 13:13,GUFICBIO,Gufic Biosciences Limited,432.0,-1.03,150453.0,124670.0,1.21,467.8,273.15,-7.65,58.15,467.8,268.0,417.29,345.57,Yes,25.82,251.0,84
2026-09-30 13:13,GUJALKALI,Gujarat Alkalies and Chemicals Limited,618.85,-1.32,58667.0,112494.0,0.52,760.0,578.05,-18.57,7.06,815.0,409.15,681.59,604.13,Yes,8.5,251.0,67
2026-09-30 13:13,GUJAPOLLO,Gujarat Apollo Industries Limited,330.0,-0.2,12761.0,19610.0,0.65,424.3,300.5,-22.22,9.82,494.0,300.5,347.44,384.42,No,-13.86,250.0,22
2026-09-30 13:13,GUJENERGY,GUJARAT ENERGY LIMITED,237.58,0.41,950934.0,1611045.0,0.59,423.9,229.4,-43.95,3.57,443.75,229.4,258.48,345.67,No,-26.26,251.0,4
2026-09-30 13:13,GUJRAFFIA,Gujarat Raffia Industries Limited,40.69,1.19,2496.0,2884.0,0.87,50.01,35.11,-18.64,15.89,88.0,35.1,40.54,41.63,No,-1.39,247.0,52
2026-09-30 13:13,GUJTHEM,Gujarat Themis Biosyn Limited,387.6,-4.65,187150.0,589526.0,0.32,470.05,336.9,-17.54,15.05,479.0,225.05,391.88,362.74,Yes,9.26,252.0,68
2026-09-30 13:13,GULFOILLUB,Gulf Oil Lubricants India Limited,1125.4,1.77,61978.0,53030.0,1.17,1230.4,886.0,-8.53,27.02,1289.4,865.0,1111.33,1051.42,Yes,8.45,252.0,67
2026-09-30 13:13,GULPOLY,Gulshan Polyols Limited,165.86,0.43,44432.0,107235.0,0.41,227.63,162.0,-27.14,2.38,227.63,121.5,186.06,172.01,No,-0.68,251.0,53
2026-09-30 13:13,GVPIL,GE Power India Limited,678.4,-0.81,263684.0,175457.0,1.5,1084.0,597.75,-37.42,13.49,1084.0,270.9,693.83,601.31,Yes,31.16,252.0,87
2026-09-30 13:13,GVT&D,GE Vernova T&D India Limited,4201.0,1.71,623972.0,756659.0,0.82,5650.0,3962.2,-25.65,6.03,5650.0,2523.2,4316.44,4083.42,Yes,9.46,252.0,69
2026-09-30 13:13,GYFTR,Gyftr Limited,159.16,1.79,146651.0,73035.0,2.01,193.9,139.69,-17.92,13.94,193.9,139.69,165.49,,,,58.0,
2026-09-30 13:13,HAL,Hindustan Aeronautics Limited,4668.0,2.61,1233410.0,835790.0,1.48,5149.9,4148.8,-9.36,12.51,5149.9,3479.1,4820.89,4411.04,Yes,10.39,252.0,70
2026-09-30 13:13,HALDER,Halder Venture Limited,245.75,1.97,318.0,21306.0,0.01,319.0,210.0,-22.96,17.02,319.0,210.0,271.69,,,3.85,175.0,61
2026-09-30 13:13,HALDYNGL,Haldyn Glass Limited,154.46,0.2,182272.0,63806.0,2.86,163.78,124.0,-5.69,24.56,163.78,124.0,,,,,31.0,
2026-09-30 13:13,HALEOSLABS,HALEOS LABS LIMITED,1501.4,0.91,776.0,1075.0,0.72,1759.9,1312.1,-14.69,14.43,1774.0,1091.1,1490.19,1404.93,Yes,6.02,249.0,64
2026-09-30 13:13,HAMPTON,Hampton Sky Realty Limited,8.08,1.0,13378.0,140111.0,0.1,9.65,7.02,-16.27,15.1,9.65,7.02,,,,,31.0,
2026-09-30 13:13,HAPPSTMNDS,Happiest Minds Technologies Limited,310.6,0.62,477688.0,810821.0,0.59,457.3,303.3,-32.08,2.41,534.5,303.3,371.46,383.95,No,-18.62,252.0,12
2026-09-30 13:13,HAPPYFORGE,Happy Forgings Limited,2067.2,-0.37,57820.0,70909.0,0.82,2470.0,1323.2,-16.31,56.23,2470.0,888.75,2058.76,1489.71,Yes,56.4,252.0,95
2026-09-30 13:13,HARDWYN,Hardwyn India Limited,9.21,-0.54,302662.0,967709.0,0.31,20.2,7.61,-54.41,21.02,20.2,7.61,9.95,13.56,No,-39.0,251.0,1
2026-09-30 13:13,HARIOMPIPE,Hariom Pipe Industries Limited,340.95,-1.2,38845.0,92758.0,0.42,448.9,291.0,-24.05,17.16,490.5,268.05,365.35,365.8,No,-4.33,252.0,45
2026-09-30 13:13,HARRMALAYA,Harrisons  Malayalam Limited,179.13,2.0,16131.0,8674.0,1.86,230.0,165.55,-22.12,8.2,237.9,153.66,197.35,191.73,No,-5.63,252.0,42
2026-09-30 13:13,HARSHA,Harsha Engineers International Limited,470.3,1.13,95149.0,163739.0,0.58,476.8,385.0,-1.36,22.16,476.8,313.3,435.07,399.25,Yes,23.23,251.0,82
2026-09-30 13:13,HATHWAY,Hathway Cable & Datacom Limited,9.45,-0.42,1655209.0,1532922.0,1.08,12.89,9.21,-26.69,2.61,14.38,8.76,10.42,10.89,No,-15.72,252.0,18
2026-09-30 13:13,HATSUN,Hatsun Agro Product Limited,1099.0,-0.06,15584.0,98371.0,0.16,1349.7,864.5,-18.57,27.13,1349.7,855.3,1055.43,961.93,Yes,19.76,251.0,79
2026-09-30 13:13,HAVELLS,Havells India Limited,1016.0,-2.62,1394166.0,794127.0,1.76,1315.0,1015.1,-22.74,0.09,1520.0,1015.1,1199.43,1264.59,No,-18.11,252.0,13
2026-09-30 13:13,HAVISHA,Sri Havisha Hospitality and Infrastructure Limited,1.34,1.52,33131.0,43180.0,0.77,1.64,1.07,-18.29,25.23,2.42,1.03,1.35,1.48,No,-6.45,251.0,40
2026-09-30 13:13,HAWKINCOOK,Hawkins Cookers Limited,8007.5,1.31,1137.0,3499.0,0.32,9600.0,7109.0,-16.59,12.64,9600.0,7109.0,8303.43,,,,113.0,
2026-09-30 13:13,HAZOOR,Hazoor Multi Projects Limited,18.65,-0.96,145041.0,576508.0,0.25,22.49,17.44,-17.07,6.94,22.49,17.44,,,,,29.0,
2026-09-30 13:13,HBESD,HB Estate Developers Limited,71.63,-3.18,200.0,669.0,0.3,81.99,60.51,-12.64,18.38,81.99,60.51,,,,,31.0,
2026-09-30 13:13,HBLENGINE,HBL Engineering Limited,794.5,-1.71,1235057.0,2861459.0,0.43,875.0,648.0,-9.2,22.61,1122.0,613.0,715.24,759.17,Yes,-0.56,252.0,53
2026-09-30 13:13,HBPOR,HB Portfolio Limited,59.3,-1.8,295.0,700.0,0.42,65.0,48.6,-8.77,22.02,65.0,48.6,,,,,31.0,
2026-09-30 13:13,HBSL,HB Stockholdings Limited,55.89,1.1,993.0,2939.0,0.34,64.89,46.25,-13.87,20.84,108.8,42.63,53.68,57.65,No,3.79,250.0,61
2026-09-30 13:13,HCC,Hindustan Construction Company Limited,20.41,-1.45,9924190.0,17803857.0,0.56,28.5,19.63,-28.39,3.97,29.5,13.65,21.8,20.7,No,0.75,252.0,56
2026-09-30 13:13,HCG,Healthcare Global Enterprises Limited,666.05,-5.34,204421.0,132614.0,1.54,775.0,590.6,-14.06,12.78,804.65,513.3,698.65,633.14,Yes,6.83,252.0,65
2026-09-30 13:13,HCL-INSYS,HCL Infosystems Limited,10.1,-0.1,206235.0,306995.0,0.67,14.39,9.9,-29.81,2.02,16.5,9.01,10.84,12.08,No,-17.96,252.0,13
2026-09-30 13:13,HCLTECH,HCL Technologies Limited,1230.0,0.65,4242611.0,2448940.0,1.73,1379.8,1030.0,-10.86,19.42,1780.1,1030.0,1298.57,1347.6,No,-5.15,252.0,43
2026-09-30 13:13,HDBFS,HDB Financial Services Limited,621.3,-1.52,420529.0,428410.0,0.98,786.55,613.2,-21.01,1.32,796.7,555.3,678.09,691.49,No,-11.73,252.0,27
2026-09-30 13:13,HDFCAMC,HDFC Asset Management Company Limited,2280.7,2.58,908780.0,600326.0,1.51,2838.4,2223.3,-19.65,2.58,2967.25,2205.6,2496.3,2592.38,No,-14.05,252.0,22
2026-09-30 13:13,HDFCBANK,HDFC Bank Limited,708.7,-1.94,39304359.0,27907639.0,1.41,843.0,681.9,-15.93,3.93,1020.5,681.9,725.09,813.26,No,-14.91,252.0,19
2026-09-30 13:13,HDFCLIFE,HDFC Life Insurance Company Limited,521.2,-0.45,5062140.0,4833540.0,1.05,624.05,508.7,-16.48,2.46,788.5,508.7,541.34,619.81,No,-14.27,252.0,21
2026-09-30 13:13,HEADSUP,Heads UP Ventures Limited,6.75,4.65,2539.0,15674.0,0.16,8.35,6.0,-19.16,12.5,12.95,5.69,6.86,7.46,No,-8.84,249.0,34
2026-09-30 13:13,HEALTHX,Health X Platform Limited,285.05,0.0,741.0,5833.0,0.13,347.85,274.2,-18.05,3.96,363.0,252.5,300.56,297.06,No,-4.68,249.0,44
2026-09-30 13:13,HECPROJECT,HEC Infra Projects Limited,113.0,-1.59,385.0,13782.0,0.03,149.9,108.0,-24.62,4.63,160.5,92.1,124.01,122.19,No,-7.62,250.0,37
2026-09-30 13:13,HEGAM,HEG Advanced Materials Limited,237.65,-0.25,1338372.0,1706062.0,0.78,753.9,214.1,-68.48,11.0,753.9,214.1,529.66,554.19,No,-57.15,252.0,1
2026-09-30 13:13,HEIDELBERG,HeidelbergCement India Limited,132.6,1.77,115655.0,225941.0,0.51,166.0,129.01,-20.12,2.78,206.7,129.01,153.07,158.33,No,-16.11,252.0,17
2026-09-30 13:13,HEMIPROP,Hemisphere Properties India Limited,114.07,-0.76,198553.0,271820.0,0.73,155.57,113.11,-26.68,0.85,190.69,111.2,128.09,134.11,No,-15.29,252.0,19
2026-09-30 13:13,HERANBA,Heranba Industries Limited,176.53,-1.14,40668.0,201188.0,0.2,216.0,158.23,-18.27,11.57,327.0,155.38,173.02,195.89,No,-8.81,251.0,34
2026-09-30 13:13,HERITGFOOD,Heritage Foods Limited,402.0,0.2,179464.0,690092.0,0.26,429.9,311.6,-6.49,29.01,503.8,292.55,374.52,361.05,Yes,13.76,252.0,73
2026-09-30 13:13,HEROMOTOCO,Hero MotoCorp Limited,5241.0,0.63,567678.0,451641.0,1.26,5937.0,4671.5,-11.72,12.19,6388.5,4671.5,5448.55,5332.05,No,2.38,252.0,59
2026-09-30 13:13,HEROMOTORS,Hero Motors Limited,152.55,9.98,107193009.0,121155984.0,0.88,155.85,80.5,-2.12,89.5,155.85,80.5,,,,,6.0,
2026-09-30 13:13,HESTERBIO,Hester Biosciences Limited,2175.8,0.5,2531.0,8197.0,0.31,2683.6,1665.0,-18.92,30.68,2683.6,1239.3,2342.17,1866.15,Yes,22.87,250.0,81
2026-09-30 13:13,HEXATRADEX,Hexa Tradex Limited,156.85,1.0,843.0,1978.0,0.43,172.0,153.7,-8.81,2.05,182.4,147.26,158.23,160.94,No,-1.16,249.0,52
2026-09-30 13:13,HEXT,Hexaware Technologies Limited,494.1,2.49,140752.0,299835.0,0.47,622.8,469.95,-20.66,5.14,807.75,400.2,540.31,549.87,No,-11.16,251.0,29
2026-09-30 13:13,HGINFRA,H.G. Infra Engineering Limited,432.75,-1.25,125939.0,738262.0,0.17,625.85,431.0,-30.85,0.41,976.45,429.5,500.05,577.04,No,-25.73,252.0,4
2026-09-30 13:13,HGM,HandsOn Global Management (HGM) Limited,42.56,-0.68,347.0,10682.0,0.03,67.8,40.0,-37.23,6.4,81.0,40.0,47.12,54.53,No,-22.23,250.0,7
2026-09-30 13:13,HGS,Hinduja Global Solutions Limited,370.05,1.09,14545.0,13852.0,1.05,477.6,363.65,-22.52,1.76,545.0,342.05,400.11,407.39,No,-9.39,251.0,32
2026-09-30 13:13,HIKAL,Hikal Limited,217.89,-0.07,411597.0,3822809.0,0.11,257.0,174.97,-15.22,24.53,261.0,146.25,219.94,206.06,Yes,6.44,251.0,64
2026-09-30 13:13,HILINFRA,Highway Infrastructure Limited,42.75,-1.18,81532.0,93229.0,0.87,51.0,40.1,-16.18,6.61,86.35,40.1,44.55,49.58,No,-12.78,251.0,25
2026-09-30 13:13,HILTON,Hilton Metal Forging Limited,16.34,-0.67,93970.0,111901.0,0.84,25.4,16.06,-35.67,1.74,50.16,13.43,19.23,23.09,No,-33.58,251.0,2
2026-09-30 13:13,HIMATSEIDE,Himatsingka Seide Limited,66.4,2.31,718112.0,641177.0,1.12,94.95,61.09,-30.07,8.69,129.49,61.09,72.21,87.46,No,-28.46,252.0,3
2026-09-30 13:13,HINDADH,Hindustan Adhesives Limited,385.4,0.04,3288.0,2509.0,1.31,402.65,342.0,-4.28,12.69,402.65,342.0,,,,,31.0,
2026-09-30 13:13,HINDALCO,Hindalco Industries Limited,941.8,-1.4,4419479.0,3424832.0,1.29,1176.0,935.1,-19.91,0.72,1176.0,754.45,1005.05,981.88,No,1.34,252.0,57
2026-09-30 13:13,HINDALUMI,Hind Aluminium Industries Limited,92.69,2.82,1416.0,2096.0,0.68,107.5,86.3,-13.78,7.4,107.5,86.3,,,,,32.0,
2026-09-30 13:13,HINDCOMPOS,Hindustan Composites Limited,381.3,1.01,3937.0,3928.0,1.0,493.0,365.1,-22.66,4.44,550.0,347.1,403.48,418.48,No,-9.82,250.0,31
2026-09-30 13:13,HINDCON,Hindcon Chemicals Limited,35.05,4.97,296482.0,70408.0,4.21,35.05,19.66,0.0,78.28,37.75,15.66,23.8,22.69,Yes,60.26,251.0,96
2026-09-30 13:13,HINDCOPPER,Hindustan Copper Limited,472.65,-0.36,5879685.0,7534878.0,0.78,618.1,469.0,-23.53,0.78,760.05,308.5,517.43,528.08,No,-6.39,252.0,40
2026-09-30 13:13,HINDOILEXP,Hindustan Oil Exploration Company Limited,171.55,-1.36,262893.0,2707422.0,0.1,201.44,149.92,-14.84,14.43,201.44,117.5,168.15,156.72,Yes,15.11,252.0,75
2026-09-30 13:13,HINDPETRO,Hindustan Petroleum Corporation Limited,350.35,0.33,2518508.0,3530717.0,0.71,420.0,337.2,-16.58,3.9,508.45,316.2,369.37,396.99,No,-11.87,252.0,27
2026-09-30 13:13,HINDUNILVR,Hindustan Unilever Limited,1879.1,0.82,1430233.0,1281321.0,1.12,2298.9,1863.8,-18.26,0.82,2667.2,1863.8,2012.66,2185.52,No,-14.5,252.0,20
2026-09-30 13:13,HINDWAREAP,Hindware Home Innovation Limited,169.97,-0.14,83588.0,96425.0,0.87,272.99,165.0,-37.74,3.01,392.7,165.0,193.73,221.53,No,-28.59,251.0,3
2026-09-30 13:13,HINDZINC,Hindustan Zinc Limited,566.0,0.48,2880334.0,4165187.0,0.69,678.25,514.95,-16.55,9.91,733.0,453.5,578.07,588.07,No,2.75,252.0,60
2026-09-30 13:13,HIRECT,Hirect Limited,1147.2,-2.07,33673.0,51846.0,0.65,1399.0,797.55,-18.0,43.84,1399.0,565.2,1254.81,960.2,Yes,30.05,251.0,86
2026-09-30 13:13,HISARMETAL,Hisar Metal Industries Limited,148.97,-1.6,716.0,1250.0,0.57,168.94,140.8,-11.82,5.8,192.4,124.99,153.03,154.88,No,-2.46,249.0,49
2026-09-30 13:13,HITECH,Hi-Tech Pipes Limited,72.61,-0.79,332376.0,719691.0,0.46,97.17,70.74,-25.28,2.64,123.8,70.14,79.14,84.33,No,-16.92,252.0,15
2026-09-30 13:13,HLEGLAS,HLE Glascoat Limited,439.4,1.09,124671.0,499915.0,0.25,485.0,292.95,-9.4,49.99,661.95,250.0,382.77,366.88,Yes,23.03,252.0,82
2026-09-30 13:13,HLVLTD,HLV LIMITED,6.41,0.31,124451.0,189515.0,0.66,8.64,6.15,-25.81,4.23,11.94,5.6,6.73,7.83,No,-20.55,251.0,9
2026-09-30 13:13,HMAAGRO,HMA Agro Industries Limited,23.92,0.5,978980.0,4250432.0,0.23,26.5,19.09,-9.74,25.3,34.24,19.09,21.83,24.13,No,-0.01,251.0,54
2026-09-30 13:13,HNDFDS,Hindustan Foods Limited,574.75,-3.7,134253.0,91120.0,1.47,677.75,509.1,-15.2,12.9,677.75,442.0,607.58,535.92,Yes,8.72,251.0,68
2026-09-30 13:13,HOMEFIRST,Home First Finance Company India Limited,1104.8,0.95,255848.0,271466.0,0.94,1289.6,1018.5,-14.33,8.47,1317.7,893.7,1184.11,1132.84,No,-0.35,251.0,54
2026-09-30 13:13,HONASA,Honasa Consumer Limited,431.35,-2.33,1589024.0,1805387.0,0.88,509.8,340.55,-15.39,26.66,509.8,248.4,468.64,372.34,Yes,20.34,250.0,80
2026-09-30 13:13,HONAUT,Honeywell Automation India Limited,33460.0,-1.53,1761.0,4214.0,0.42,41495.0,28000.0,-19.36,19.5,41495.0,26220.0,36209.0,33791.85,No,-1.7,249.0,51
2026-09-30 13:13,HONDAPOWER,Honda India Power Products Limited,1874.5,-0.61,1685.0,2808.0,0.6,2424.0,1828.1,-22.67,2.54,2783.0,1816.6,2030.06,2149.14,No,-13.18,249.0,24
2026-09-30 13:13,HORIZONIND,Horizon Industrial Parks Limited,50.28,-1.45,1960048.0,3372438.0,0.58,60.25,50.0,-16.55,0.56,60.25,50.0,,,,,28.0,
2026-09-30 13:13,HPAL,HP Adhesives Limited,33.83,-1.77,36913.0,72657.0,0.51,42.6,32.11,-20.59,5.36,53.0,26.52,35.01,36.53,No,-5.58,251.0,42
2026-09-30 13:13,HPIL,Hindprakash Industries Limited,115.37,-0.03,363.0,590.0,0.61,142.0,114.2,-18.75,1.02,154.45,107.0,123.52,127.72,No,-7.65,249.0,37
2026-09-30 13:13,HPL,HPL Electric & Power Limited,269.05,-0.41,57641.0,86877.0,0.66,405.0,266.65,-33.57,0.9,479.9,255.55,308.42,339.06,No,-23.19,252.0,6
2026-09-30 13:13,HRYNSHP,Hariyana Ship Breakers Limited,96.0,-0.01,331.0,780.0,0.42,104.05,91.0,-7.74,5.49,104.05,91.0,,,,,31.0,
2026-09-30 13:13,HSCL,Himadri Speciality Chemical Limited,677.8,1.53,2038496.0,2245762.0,0.91,819.5,539.6,-17.29,25.61,819.5,418.5,707.03,584.16,Yes,22.06,252.0,81
2026-09-30 13:13,HTEL,Hy-Tech Engineers Limited,72.29,3.98,4643870.0,2119720.0,2.19,86.45,62.91,-16.38,14.91,86.45,62.91,,,,,22.0,
2026-09-30 13:13,HTMEDIA,HT Media Limited,23.02,-1.88,52468.0,109930.0,0.48,31.3,20.5,-26.45,12.29,31.3,17.52,25.56,23.26,No,4.69,249.0,62
2026-09-30 13:13,HUBTOWN,Hubtown Limited,182.28,9.54,1619040.0,457410.0,3.54,228.39,165.55,-20.19,10.11,339.0,165.55,183.49,204.49,No,-15.06,252.0,19
2026-09-30 13:13,HUDCO,Housing & Urban Development Corporation Limited,166.58,0.61,2273655.0,1784141.0,1.27,226.99,164.0,-26.61,1.57,246.85,159.0,184.6,197.44,No,-18.54,252.0,12
2026-09-30 13:13,HUHTAMAKI,Huhtamaki India Limited,237.35,0.7,87872.0,200218.0,0.44,330.0,158.15,-28.08,50.08,330.0,148.6,268.41,206.62,Yes,18.55,252.0,78
2026-09-30 13:13,HYBRIDFIN,Hybrid Financial Services Limited,17.94,0.67,3054.0,5274.0,0.58,27.0,15.55,-33.56,15.37,33.62,14.5,17.37,18.64,No,-6.02,250.0,41
2026-09-30 13:13,HYUNDAI,Hyundai Motor India Limited,2031.0,-3.29,644252.0,600466.0,1.07,2281.0,1760.0,-10.96,15.4,2591.9,1658.0,2157.42,2058.93,No,3.06,252.0,60
2026-09-30 13:13,IBULLSLTD,Indiabulls Limited,29.61,-1.07,7752580.0,18546223.0,0.42,32.5,16.82,-8.89,76.04,32.5,8.9,27.7,19.8,Yes,61.87,252.0,96
2026-09-30 13:13,ICEMAKE,Ice Make Refrigeration Limited,629.55,-0.7,21934.0,25138.0,0.87,920.0,623.0,-31.57,1.05,920.0,623.0,752.33,771.68,No,-18.32,251.0,12
2026-09-30 13:13,ICICIAMC,ICICI Prudential Asset Management Company Limited,3136.7,-2.98,372769.0,384851.0,0.97,3611.0,2933.3,-13.13,6.93,3611.0,2530.0,3113.57,,,3.49,197.0,61
2026-09-30 13:13,ICICIBANK,ICICI Bank Limited,1321.7,2.28,14093632.0,8799572.0,1.6,1480.0,1213.7,-10.7,8.9,1480.0,1187.6,1402.69,1353.5,No,-1.74,252.0,51
2026-09-30 13:13,ICICIGI,ICICI Lombard General Insurance Company Limited,1590.0,4.95,1952143.0,842040.0,2.32,1893.5,1423.1,-16.03,11.73,2064.9,1423.1,1574.99,1766.29,No,-11.69,252.0,27
2026-09-30 13:13,ICICIPRULI,ICICI Prudential Life Insurance Company Limited,443.8,-0.17,839426.0,1578458.0,0.53,550.75,442.8,-19.42,0.23,706.8,442.8,493.69,551.94,No,-16.04,252.0,17
2026-09-30 13:13,ICIL,Indo Count Industries Limited,460.4,5.85,1020851.0,548934.0,1.86,485.95,277.95,-5.26,65.64,485.95,216.9,429.7,332.45,Yes,40.01,252.0,90
2026-09-30 13:13,ICRA,ICRA Limited,4232.0,-1.53,71632.0,28167.0,2.54,5630.0,4198.2,-24.83,0.81,6620.0,4198.2,4831.69,5371.67,No,-22.19,250.0,7
2026-09-30 13:13,IDBI,IDBI Bank Limited,82.2,-1.34,4430779.0,15253611.0,0.29,96.25,68.2,-14.6,20.53,118.38,61.01,84.95,87.25,No,-1.69,252.0,51
2026-09-30 13:13,IDEA,Vodafone Idea Limited,12.95,-4.5,640205762.0,400830274.0,1.6,15.79,12.45,-17.99,4.02,15.79,8.13,13.95,12.27,Yes,12.48,252.0,72
2026-09-30 13:13,IDEAFORGE,Ideaforge Technology Limited,730.95,1.56,237892.0,237688.0,1.0,992.25,684.0,-26.33,6.86,992.25,366.0,796.65,649.96,Yes,29.1,252.0,86
2026-09-30 13:13,IDFCFIRSTB,IDFC First Bank Limited,81.44,2.49,23331456.0,22599354.0,1.03,89.61,66.16,-9.12,23.1,89.61,58.08,84.98,77.61,Yes,7.72,252.0,66
2026-09-30 13:13,IEX,Indian Energy Exchange Limited,107.0,0.57,3889029.0,3625522.0,1.07,134.76,106.35,-20.6,0.61,160.27,106.35,120.83,125.47,No,-15.7,252.0,18
2026-09-30 13:13,IFBAGRO,IFB Agro Industries Limited,891.65,-1.52,3890.0,3513.0,1.11,1096.75,842.0,-18.7,5.9,1790.0,679.15,939.68,1000.37,No,-6.82,251.0,39
2026-09-30 13:13,IFBIND,IFB Industries Limited,1201.0,0.0,20360.0,29691.0,0.69,1476.1,1030.2,-18.64,16.58,2019.8,883.2,1319.5,1247.74,No,-2.84,252.0,48
2026-09-30 13:13,IFCI,IFCI Limited,68.77,-3.1,25745647.0,110221147.0,0.23,107.5,60.6,-36.03,13.48,107.5,46.23,79.78,66.82,Yes,10.28,252.0,70
2026-09-30 13:13,IFGLEXPOR,IFGL Refractories Limited,191.45,0.97,23218.0,55112.0,0.42,247.9,151.25,-22.77,26.58,338.0,119.68,207.61,189.1,Yes,-0.36,252.0,54
2026-09-30 13:13,IGARASHI,Igarashi Motors India Limited,403.4,-1.98,42537.0,720103.0,0.06,537.9,360.35,-25.0,11.95,558.0,271.05,435.84,402.2,Yes,-2.87,252.0,48
2026-09-30 13:13,IGCL,Indogulf Cropsciences Limited,56.8,-0.61,95296.0,119267.0,0.8,80.8,54.61,-29.7,4.01,111.4,49.46,70.56,67.77,No,-18.52,250.0,12
2026-09-30 13:13,IGIL,International Gemological Institute Limited,315.9,-2.59,579142.0,553572.0,1.05,388.3,307.05,-18.65,2.88,388.3,287.0,335.7,337.68,No,-7.97,252.0,36
2026-09-30 13:13,IGL,Indraprastha Gas Limited,145.61,2.53,3090979.0,1770471.0,1.75,175.6,139.2,-17.08,4.6,223.5,139.2,150.34,162.85,No,-9.55,252.0,32
2026-09-30 13:13,IGPL,IG Petrochemicals Limited,579.75,-0.78,37036.0,94328.0,0.39,609.9,408.75,-4.94,41.83,609.9,315.0,518.82,430.52,Yes,41.62,250.0,91
2026-09-30 13:13,IIFL,IIFL Finance Limited,600.75,-1.11,1193581.0,2490426.0,0.48,705.0,445.65,-14.79,34.8,705.0,409.1,619.43,539.97,Yes,16.55,252.0,76
2026-09-30 13:13,IIFLCAPS,IIFL Capital Services Limited,346.0,0.3,1333721.0,590006.0,2.26,356.4,332.05,-2.92,4.2,411.3,240.4,338.24,329.94,Yes,7.3,252.0,66
2026-09-30 13:13,IITL,Industrial Investment Trust Limited,133.26,6.06,113106.0,109705.0,1.03,182.09,117.81,-26.82,13.11,216.0,108.0,144.75,144.72,No,-3.94,250.0,46
2026-09-30 13:13,IKIO,IKIO Technologies Limited,196.85,-0.23,144490.0,548669.0,0.26,238.8,147.1,-17.57,33.82,238.8,103.53,205.32,169.45,Yes,15.88,252.0,75
2026-09-30 13:13,IKS,Inventurus Knowledge Solutions Limited,1747.5,-1.79,152838.0,222848.0,0.69,1970.0,1519.5,-11.29,15.0,1970.0,1262.0,1789.51,1657.26,Yes,5.03,251.0,63
2026-09-30 13:13,IMAGICAA,Imagicaaworld Entertainment Limited,51.08,-0.43,280982.0,915665.0,0.31,62.0,40.06,-17.61,27.51,62.0,36.84,50.8,47.21,Yes,12.45,251.0,72
2026-09-30 13:13,IMFA,Indian Metals & Ferro Alloys Limited,1190.9,-1.29,61282.0,84463.0,0.73,1552.5,1184.1,-23.29,0.57,1679.9,1064.1,1344.23,1356.16,No,-13.65,252.0,23
2026-09-30 13:13,IMPAL,India Motor Parts and Accessories Limited,1037.5,-0.49,1754.0,3022.0,0.58,1238.9,1002.0,-16.26,3.54,1238.9,928.0,1089.95,1058.13,No,-1.93,250.0,50
2026-09-30 13:13,INA,Insolation Energy Limited,87.5,-0.15,609109.0,585010.0,1.04,150.0,84.2,-41.67,3.92,161.81,79.75,97.59,,,-17.75,144.0,13
2026-09-30 13:13,INCREDIBLE,INCREDIBLE INDUSTRIES LIMITED,32.61,3.2,6216.0,4640.0,1.34,39.0,30.51,-16.38,6.88,48.85,28.1,32.75,34.7,No,-2.42,249.0,49
2026-09-30 13:13,INDBANK,Indbank Merchant Banking Services Limited,25.36,1.2,17440.0,89724.0,0.19,37.3,24.21,-32.01,4.75,47.15,24.21,29.99,33.15,No,-24.09,252.0,5
2026-09-30 13:13,INDGN,Indegene Limited,590.75,-2.38,389918.0,503729.0,0.77,627.0,481.95,-5.78,22.57,627.0,414.0,569.22,515.82,Yes,17.89,252.0,77
2026-09-30 13:13,INDHOTEL,The Indian Hotels Company Limited,728.65,2.0,3733535.0,2945647.0,1.27,757.4,633.4,-3.8,15.04,757.4,565.0,727.54,688.1,Yes,5.25,252.0,63
2026-09-30 13:13,INDIACEM,The India Cements Limited,301.85,-0.61,337059.0,176091.0,1.91,416.4,300.15,-27.51,0.57,485.8,300.15,365.32,396.86,No,-22.53,252.0,6
2026-09-30 13:13,INDIAGLYCO,India Glycols Limited,307.4,0.95,320953.0,703055.0,0.46,1219.0,217.0,-74.78,41.66,1222.0,217.0,775.65,922.33,No,-69.63,252.0,1
2026-09-30 13:13,INDIAMART,Indiamart Intermesh Limited,1629.0,1.0,101413.0,113966.0,0.89,2175.0,1600.0,-25.1,1.81,2525.9,1600.0,1724.54,1998.71,No,-18.65,252.0,11
2026-09-30 13:13,INDIANB,Indian Bank,805.9,1.34,1068199.0,954541.0,1.12,906.7,769.25,-11.12,4.76,1000.9,742.0,857.51,862.79,No,-3.11,252.0,47
2026-09-30 13:13,INDIANCARD,Indian Card Clothing Company Limited,186.13,1.31,4029.0,2451.0,1.64,258.0,180.0,-27.86,3.41,278.25,153.0,213.39,215.63,No,-10.79,249.0,30
2026-09-30 13:13,INDIANHUME,Indian Hume Pipe Company Limited,352.8,-0.84,25758.0,62654.0,0.41,432.0,279.8,-18.33,26.09,432.0,279.8,377.27,356.65,No,2.37,250.0,59
2026-09-30 13:13,INDIASHLTR,India Shelter Finance Corporation Limited,635.6,-0.65,44998.0,90065.0,0.5,849.85,620.15,-25.21,2.49,924.0,620.15,678.99,753.3,No,-18.21,249.0,12
2026-09-30 13:13,INDIGO,InterGlobe Aviation Limited,4984.0,2.3,624750.0,563097.0,1.11,5508.0,4178.0,-9.51,19.29,5970.0,3895.2,5109.87,4826.04,Yes,0.47,251.0,55
2026-09-30 13:13,INDIGOPNTS,Indigo Paints Limited,1091.0,1.12,37864.0,53570.0,0.71,1220.9,922.0,-10.64,18.33,1345.9,708.05,1121.56,1017.6,Yes,10.45,252.0,70
2026-09-30 13:13,INDIQUBE,Indiqube Spaces Limited,196.38,0.12,19857.0,48455.0,0.41,209.9,148.95,-6.44,31.84,235.79,131.15,188.86,176.36,Yes,18.32,249.0,78
2026-09-30 13:13,INDNIPPON,India Nippon Electricals Limited,1244.4,-0.03,48324.0,291434.0,0.17,1564.0,743.0,-20.43,67.48,1564.0,675.0,1179.01,924.74,Yes,46.3,251.0,92
2026-09-30 13:13,INDOAMIN,Indo Amines Limited,142.07,-2.32,207209.0,140426.0,1.48,152.65,115.4,-6.93,23.11,152.65,81.9,127.96,120.97,Yes,18.37,250.0,78
2026-09-30 13:13,INDOBORAX,Indo Borax & Chemicals Limited,481.45,-1.64,168167.0,561231.0,0.3,542.8,268.7,-11.3,79.18,542.8,230.01,457.91,334.86,Yes,55.04,251.0,94
2026-09-30 13:13,INDOCO,Indoco Remedies Limited,261.67,-2.78,1087977.0,1859156.0,0.59,287.8,191.0,-9.08,37.0,317.35,162.19,239.16,222.18,Yes,16.05,252.0,76
2026-09-30 13:13,INDOFARM,Indo Farm Equipment Limited,134.45,0.96,63137.0,229745.0,0.27,177.0,122.0,-24.04,10.2,271.69,110.7,143.89,148.41,No,-17.71,251.0,13
2026-09-30 13:13,INDOKEM,Indokem Limited,600.45,-2.68,4030.0,6439.0,0.63,668.0,555.0,-10.11,8.19,668.0,555.0,,,,,32.0,
2026-09-30 13:13,INDOMIM,INDO-MIM Limited,1242.45,-0.46,705526.0,2530302.0,0.28,1349.0,700.0,-7.9,77.49,1349.0,700.0,,,,,45.0,
2026-09-30 13:13,INDORAMA,Indo Rama Synthetics (India) Limited,100.36,-2.98,1164640.0,2878579.0,0.4,112.3,34.21,-10.63,193.36,112.3,29.0,71.15,48.57,Yes,126.11,252.0,99
2026-09-30 13:13,INDOSTAR,IndoStar Capital Finance Limited,213.54,2.15,106921.0,76914.0,1.39,292.0,189.0,-26.87,12.98,292.0,179.03,245.16,230.98,No,-8.28,252.0,35
2026-09-30 13:13,INDOTECH,Indo Tech Transformers Limited,3188.2,0.06,8308.0,14861.0,0.56,4030.0,2236.0,-20.89,42.58,4030.0,1100.0,3541.22,2407.59,Yes,65.19,251.0,96
2026-09-30 13:13,INDOTHAI,Indo Thai Securities Limited,33.52,4.98,435835.0,3011386.0,0.14,278.8,29.0,-87.98,15.59,466.35,29.0,80.51,218.69,No,-87.82,251.0,1
2026-09-30 13:13,INDOUS,Indo Us Biotech Limited,78.22,1.03,26459.0,8590.0,3.08,108.94,70.0,-28.2,11.74,159.0,70.0,81.01,102.31,No,-20.45,250.0,9
2026-09-30 13:13,INDOWIND,Indowind Energy Limited,8.69,-1.92,115529.0,90248.0,1.28,10.25,7.9,-15.22,10.0,18.94,7.0,9.02,10.31,No,-8.84,250.0,34
2026-09-30 13:13,INDPRUD,Industrial & Prudential Investment Company Limited,6336.5,-0.34,76.0,63.0,1.19,6450.0,6050.0,-1.76,4.74,6450.0,6050.0,,,,,31.0,
2026-09-30 13:13,INDRAMEDCO,Indraprastha Medical Corporation Limited,348.95,-1.65,390892.0,214941.0,1.82,411.0,340.2,-15.1,2.57,640.85,340.2,365.44,391.66,No,-14.4,252.0,21
2026-09-30 13:13,INDSWFTLAB,Ind-Swift Laboratories Limited,388.75,-5.89,805010.0,754423.0,1.07,424.75,129.31,-8.48,200.63,424.75,87.15,327.43,190.0,Yes,168.57,251.0,99
2026-09-30 13:13,INDTERRAIN,Indian Terrain Fashions Limited,29.42,0.41,13832.0,32211.0,0.43,38.3,27.5,-23.19,6.98,42.62,24.56,30.07,31.71,No,-9.33,250.0,32
2026-09-30 13:13,INDUSINDBK,IndusInd Bank Limited,901.4,2.67,2428820.0,2129754.0,1.14,1077.85,870.2,-16.37,3.59,1077.85,726.3,990.13,924.76,No,1.0,252.0,56
2026-09-30 13:13,INDUSTOWER,Indus Towers Limited,373.2,1.54,6712587.0,4493872.0,1.49,449.4,355.55,-16.96,4.96,481.5,337.8,379.97,413.71,No,-7.11,252.0,39
2026-09-30 13:13,INFOBEAN,InfoBeans Technologies Limited,143.5,-0.19,118611.0,181384.0,0.65,185.9,142.25,-22.81,0.88,257.5,116.5,158.25,172.89,No,-14.49,252.0,21
2026-09-30 13:13,INFOMEDIA,Infomedia Press Limited,5.38,3.66,21723.0,16010.0,1.36,6.97,4.82,-22.81,11.62,8.05,4.5,5.33,5.61,No,-5.41,250.0,43
2026-09-30 13:13,INFY,Infosys Limited,994.1,-2.1,13425887.0,8779334.0,1.53,1278.9,980.4,-22.27,1.4,1728.0,980.4,1102.27,1258.33,No,-18.12,252.0,13
2026-09-30 13:13,INGERRAND,Ingersoll Rand (India) Limited,4144.0,-1.22,28229.0,20459.0,1.38,4955.0,3700.0,-16.37,12.0,4955.0,3063.3,4465.05,4060.83,Yes,5.4,252.0,63
2026-09-30 13:13,INNOVACAP,Innova Captab Limited,1159.8,-8.76,621402.0,138837.0,4.48,1353.5,834.0,-14.31,39.06,1353.5,622.0,1084.65,858.38,Yes,42.03,251.0,91
2026-09-30 13:13,INNOVANA,Innovana Thinklabs Limited,292.55,0.36,25036.0,36460.0,0.69,399.9,283.1,-26.84,3.34,524.95,283.1,314.21,355.56,No,-16.46,250.0,16
2026-09-30 13:13,INNOVISION,Innovision Limited,252.0,-0.67,6614.0,82723.0,0.08,324.65,246.2,-22.38,2.36,470.0,246.2,267.91,,,-17.3,134.0,14
2026-09-30 13:13,INOXGREEN,Inox Green Energy Services Limited,161.07,-1.76,412564.0,1308483.0,0.32,209.9,158.73,-23.26,1.47,279.0,132.58,176.42,177.94,No,-13.09,252.0,24
2026-09-30 13:13,INOXINDIA,INOX India Limited,2052.5,-0.86,179895.0,330309.0,0.54,2339.5,1378.1,-12.27,48.94,2339.5,1068.2,2037.1,1560.74,Yes,43.22,251.0,91
2026-09-30 13:13,INOXWIND,Inox Wind Limited,69.51,-2.78,9225936.0,11853783.0,0.78,99.15,68.0,-29.89,2.22,159.3,68.0,74.93,91.46,No,-24.97,252.0,5
2026-09-30 13:13,INSECTICID,Insecticides (India) Limited,584.3,-0.78,7085.0,19564.0,0.36,775.0,564.4,-24.61,3.53,775.0,518.6,613.94,651.35,No,-9.7,250.0,31
2026-09-30 13:13,INSPIRISYS,Inspirisys Solutions Limited,87.16,1.44,5963.0,5105.0,1.17,133.9,78.2,-34.91,11.46,133.9,69.92,92.1,93.39,No,-2.4,249.0,50
2026-09-30 13:13,INTELLECT,Intellect Design Arena Limited,613.65,0.07,456793.0,292444.0,1.56,798.25,609.0,-23.13,0.76,1244.6,595.2,688.21,747.57,No,-21.7,252.0,7
2026-09-30 13:13,INTENTECH,Intense Technologies Limited,84.46,2.21,18698.0,17585.0,1.06,110.7,76.0,-23.7,11.13,145.0,66.3,82.43,97.63,No,-14.93,249.0,19
2026-09-30 13:13,INTERARCH,Interarch Building Solutions Limited,1673.4,-0.99,34454.0,44566.0,0.77,1969.5,1600.0,-15.03,4.59,2762.6,1600.0,1732.05,1893.74,No,-14.06,250.0,22
2026-09-30 13:13,INTLCONV,International Conveyors Limited,80.01,0.01,28672.0,44716.0,0.64,85.8,72.09,-6.75,10.99,114.54,60.0,76.96,78.72,Yes,1.42,252.0,57
2026-09-30 13:13,INVENTURE,Inventure Growth & Securities Limited,0.86,0.0,476101.0,679587.0,0.7,1.02,0.72,-15.69,19.44,1.54,0.72,0.9,1.0,No,-13.99,251.0,22
2026-09-30 13:13,IOB,Indian Overseas Bank,30.96,0.03,2516397.0,2551675.0,0.99,36.53,30.51,-15.25,1.47,41.8,30.51,33.09,34.1,No,-10.12,252.0,31
2026-09-30 13:13,IOC,Indian Oil Corporation Limited,134.93,2.74,9542227.0,7296814.0,1.31,148.47,130.53,-9.12,3.37,188.96,130.22,137.94,148.41,No,-6.91,252.0,39
2026-09-30 13:13,IOLCP,IOL Chemicals and Pharmaceuticals Limited,207.08,2.78,3389414.0,4192562.0,0.81,219.04,103.76,-5.46,99.58,219.04,67.19,179.54,119.24,Yes,100.53,252.0,99
2026-09-30 13:13,IONEXCHANG,ION Exchange (India) Limited,411.15,0.23,230496.0,633694.0,0.36,486.0,327.3,-15.4,25.62,486.0,312.7,404.6,385.01,Yes,5.82,251.0,64
2026-09-30 13:13,IPCALAB,IPCA Laboratories Limited,1927.0,-0.57,312445.0,228004.0,1.37,2038.0,1470.0,-5.45,31.09,2038.0,1251.6,1883.56,1631.1,Yes,22.0,251.0,81
2026-09-30 13:13,IPL,India Pesticides Limited,132.72,-0.3,140289.0,1598013.0,0.09,181.5,128.05,-26.88,3.65,213.96,125.0,140.01,154.03,No,-16.47,251.0,16
2026-09-30 13:13,IPRINGLTD,IP Rings Limited,145.03,6.54,3198.0,2875.0,1.11,187.0,132.0,-22.44,9.87,187.0,132.0,,,,,36.0,
2026-09-30 13:13,IRB,IRB Infrastructure Developers Limited,17.49,3.0,15964248.0,16533239.0,0.97,23.95,16.75,-26.97,4.42,23.95,16.75,19.13,20.53,No,-16.99,252.0,15
2026-09-30 13:13,IRCON,Ircon International Limited,117.09,14.27,76643830.0,5435751.0,14.1,149.9,101.6,-21.89,15.25,186.44,101.6,119.95,138.92,No,-16.63,252.0,15
2026-09-30 13:13,IRCTC,Indian Railway Catering And Tourism Corporation Limited,455.4,0.63,829490.0,620961.0,1.34,547.65,446.5,-16.84,1.99,735.75,446.5,483.68,545.88,No,-16.6,252.0,16
2026-09-30 13:13,IREDA,Indian Renewable Energy Development Agency Limited,111.68,0.61,3866056.0,4547647.0,0.85,135.5,107.4,-17.58,3.99,158.7,107.4,115.58,124.58,No,-12.43,252.0,26
2026-09-30 13:13,IRFC,Indian Railway Finance Corporation Limited,79.28,-1.22,38104413.0,8823309.0,4.32,103.63,77.07,-23.5,2.87,137.17,77.07,84.47,99.17,No,-18.95,252.0,11
2026-09-30 13:13,IRIS,IRIS RegTech Solutions Limited,223.38,-2.98,9220.0,23083.0,0.4,290.0,221.85,-22.97,0.69,388.1,203.0,244.79,254.45,No,-16.18,250.0,16
2026-09-30 13:13,IRISDOREME,Iris Clothings Limited,61.55,-1.99,155703.0,952863.0,0.16,68.0,33.01,-9.49,86.46,68.0,26.35,57.82,41.18,Yes,60.62,249.0,96
2026-09-30 13:13,IRMENERGY,IRM Energy Limited,264.45,-1.05,32502.0,51361.0,0.63,315.0,242.0,-16.05,9.28,377.0,165.4,277.13,261.14,Yes,8.3,252.0,67
2026-09-30 13:13,ISGEC,Isgec Heavy Engineering Limited,883.1,0.34,77493.0,91217.0,0.85,1113.9,722.5,-20.72,22.23,1113.9,683.95,805.99,886.65,No,-3.83,251.0,46
2026-09-30 13:13,ISHANCH,Ishan Dyes and Chemicals Limited,47.82,0.99,48457.0,44572.0,1.09,65.99,41.71,-27.53,14.65,83.37,41.71,48.06,56.73,No,-17.19,251.0,14
2026-09-30 13:13,ISTLTD,I S T Limited,642.9,0.45,458.0,680.0,0.67,749.95,605.0,-14.27,6.26,749.95,605.0,,,,,31.0,
2026-09-30 13:13,ITC,ITC Limited,262.75,-0.89,14073985.0,10711306.0,1.31,314.25,255.5,-16.39,2.84,426.4,255.5,271.61,302.35,No,-16.11,252.0,17
2026-09-30 13:13,ITCHOTELS,ITC Hotels Limited,164.13,2.24,1548808.0,1605738.0,0.96,188.0,148.45,-12.7,10.56,226.63,137.3,161.96,168.32,No,-5.86,252.0,42
2026-09-30 13:13,ITDC,India Tourism Development Corporation Limited,687.65,4.64,4549290.0,1036426.0,4.39,822.0,527.05,-16.34,30.47,822.0,368.0,682.51,591.55,Yes,30.52,251.0,86
2026-09-30 13:13,ITI,ITI Limited,246.4,1.23,1068578.0,189529.0,5.64,325.85,240.1,-24.38,2.62,372.85,237.0,270.3,284.82,No,-14.91,252.0,19
2026-09-30 13:13,ITL,ITL Industries Limited,351.2,-0.51,665.0,1376.0,0.48,378.95,311.1,-7.32,12.89,378.95,311.1,,,,,31.0,
2026-09-30 13:13,IVALUE,Ivalue Infosolutions Limited,222.76,-0.82,66923.0,164384.0,0.41,321.45,200.88,-30.7,10.89,340.0,200.88,255.99,252.71,No,-12.27,251.0,26
2026-09-30 13:13,IVC,IL&FS Investment Managers Limited,7.8,1.56,469057.0,596281.0,0.79,10.99,7.22,-29.03,8.03,10.99,6.02,8.47,7.93,No,-0.49,252.0,54
2026-09-30 13:13,IWP,The Indian Wood Products Company Limited,37.52,1.74,82945.0,78333.0,1.06,42.4,32.8,-11.51,14.39,42.4,32.8,,,,,31.0,
2026-09-30 13:13,IXIGO,Le Travenues Technology Limited,162.89,1.65,842850.0,1337035.0,0.63,223.7,151.27,-27.18,7.68,339.15,151.27,172.38,187.09,No,-22.51,252.0,7
2026-09-30 13:13,IZMO,IZMO Limited,874.8,-1.51,82671.0,106893.0,0.77,1175.4,626.3,-25.57,39.68,1175.4,569.35,934.21,832.23,Yes,3.17,251.0,60
2026-09-30 13:13,J&KBANK,The Jammu & Kashmir Bank Limited,138.65,0.09,1591604.0,1792433.0,0.89,201.75,126.12,-31.28,9.93,201.75,97.35,151.77,134.09,Yes,6.46,252.0,65
2026-09-30 13:13,JAGRAN,Jagran Prakashan Limited,62.3,0.47,103054.0,164372.0,0.63,78.9,60.8,-21.04,2.47,78.9,59.5,62.26,65.25,No,-5.47,251.0,43
2026-09-30 13:13,JAGSNPHARM,Jagsonpal Pharmaceuticals Limited,237.74,1.29,282604.0,583539.0,0.48,264.5,194.61,-10.12,22.16,264.5,155.0,233.66,205.65,Yes,12.28,252.0,72
2026-09-30 13:13,JAIBALAJI,Jai Balaji Industries Limited,62.24,-1.75,275374.0,625323.0,0.44,87.7,57.1,-29.03,9.0,102.0,53.65,65.52,67.91,No,-7.22,252.0,38
2026-09-30 13:13,JAICORPLTD,Jai Corp Limited,91.69,-0.12,200928.0,259649.0,0.77,125.35,89.64,-26.85,2.29,173.4,88.0,99.04,110.0,No,-19.87,252.0,9
2026-09-30 13:13,JAINREC,Jain Resource Recycling Limited,292.35,1.63,923416.0,1867316.0,0.49,587.85,271.0,-50.27,7.88,593.95,271.0,299.31,377.49,No,-26.05,249.0,4
2026-09-30 13:13,JAIPURKURT,Nandani Creation Limited,26.69,3.21,48210.0,14848.0,3.25,34.0,23.91,-21.5,11.63,42.74,23.91,26.36,30.27,No,-4.29,249.0,45
2026-09-30 13:13,JAMNAAUTO,Jamna Auto Industries Limited,136.35,0.06,2574810.0,3011206.0,0.86,148.9,109.22,-8.43,24.84,152.6,89.74,129.09,127.52,Yes,5.33,252.0,63
2026-09-30 13:13,JARO,Jaro Institute of Technology Management and Research Limited,420.1,-0.34,91420.0,117943.0,0.78,620.0,418.5,-32.24,0.38,890.0,383.5,455.75,475.96,No,-13.3,250.0,23
2026-09-30 13:13,JASH,Jash Engineering Limited,591.65,-1.13,838673.0,1080104.0,0.78,619.4,368.0,-4.48,60.77,619.4,327.1,509.2,444.64,Yes,34.69,250.0,89
2026-09-30 13:13,JAYAGROGN,Jayant Agro Organics Limited,223.18,-1.0,7967.0,41337.0,0.19,265.0,199.99,-15.78,11.6,265.0,147.26,227.92,205.51,Yes,15.45,249.0,75
2026-09-30 13:13,JAYBARMARU,Jay Bharat Maruti Limited,128.39,3.04,660716.0,357580.0,1.85,207.0,84.44,-37.98,52.05,207.0,74.15,130.44,116.21,Yes,10.82,251.0,71
2026-09-30 13:13,JAYKAY,Jaykay Enterprises Limited,204.93,-0.04,641365.0,1245463.0,0.51,219.35,132.21,-6.57,55.0,219.7,115.52,163.75,166.29,Yes,19.49,209.0,79
2026-09-30 13:13,JAYNECOIND,Jayaswal Neco Industries Limited,92.79,0.14,5628347.0,5406660.0,1.04,109.19,82.52,-15.02,12.45,117.0,64.4,91.81,88.22,Yes,6.66,252.0,65
2026-09-30 13:13,JAYSREETEA,Jayshree Tea & Industries Limited,85.74,-0.01,32713.0,43265.0,0.76,112.7,79.27,-23.92,8.16,112.7,70.55,91.25,86.64,No,1.86,250.0,58
2026-09-30 13:13,JBMA,JBM Auto Limited,556.5,-1.18,233735.0,256274.0,0.91,738.5,552.0,-24.64,0.82,738.5,477.0,627.37,617.98,No,-13.46,252.0,23
2026-09-30 13:13,JENBURPH,Jenburkt Pharmaceuticals Limited,914.6,-1.02,2329.0,1740.0,1.34,1073.9,911.1,-14.83,0.38,1073.9,911.1,,,,,32.0,
2026-09-30 13:13,JETFREIGHT,Jet Freight Logistics Limited,20.74,0.53,93418.0,267552.0,0.35,25.95,16.51,-20.08,25.62,25.95,12.0,21.78,19.91,Yes,9.13,251.0,68
2026-09-30 13:13,JGCHEM,J.G.Chemicals Limited,645.1,-2.06,1421475.0,440262.0,3.23,688.0,378.2,-6.24,70.57,688.0,298.4,587.27,432.69,Yes,70.64,251.0,97
2026-09-30 13:13,JHS,JHS Svendgaard Laboratories Limited,12.45,19.94,2836786.0,342410.0,8.28,12.45,7.0,0.0,77.86,13.9,6.26,8.33,8.81,Yes,52.28,251.0,94
2026-09-30 13:13,JINDALPHOT,Jindal Photo Limited,1040.5,-0.28,939.0,6513.0,0.14,1248.0,971.1,-16.63,7.15,1616.6,971.1,1054.62,1176.01,No,-13.8,250.0,22
2026-09-30 13:13,JINDALPOLY,Jindal Poly Films Limited,672.55,-0.41,5648.0,52432.0,0.11,800.0,606.0,-15.93,10.98,1026.45,365.0,663.54,640.95,Yes,9.35,252.0,68
2026-09-30 13:13,JINDALSAW,Jindal Saw Limited,277.7,0.0,1224181.0,1592071.0,0.77,320.0,214.01,-13.22,29.76,320.0,153.0,283.41,229.11,Yes,30.1,252.0,86
2026-09-30 13:13,JINDALSTEL,JINDAL STEEL LIMITED,1134.9,0.43,1535457.0,720575.0,2.13,1259.0,1010.1,-9.86,12.36,1306.2,977.1,1124.21,1138.3,No,5.78,252.0,64
2026-09-30 13:13,JINDRILL,Jindal Drilling And Industries Limited,600.6,0.11,191699.0,789875.0,0.24,704.4,534.65,-14.74,12.34,704.4,440.1,616.45,561.68,Yes,11.32,252.0,71
2026-09-30 13:13,JINDWORLD,Jindal Worldwide Limited,46.54,-1.13,2791568.0,31129100.0,0.09,61.99,25.31,-24.92,83.88,61.99,17.85,42.97,31.0,Yes,71.98,252.0,97
2026-09-30 13:13,JIOFIN,Jio Financial Services Limited,216.88,-0.31,14295737.0,11068774.0,1.29,268.2,215.36,-19.13,0.71,316.85,215.36,239.85,248.82,No,-13.27,252.0,24
2026-09-30 13:13,JISLDVREQS,Jain Irrigation Systems Limited,19.14,-1.64,9109.0,48010.0,0.19,26.45,19.01,-27.64,0.68,34.23,18.5,21.24,23.16,No,-21.52,251.0,8
2026-09-30 13:13,JISLJALEQS,Jain Irrigation Systems Limited,27.93,-3.59,1648885.0,5204454.0,0.32,37.89,26.11,-26.29,6.97,55.79,26.11,29.28,32.89,No,-19.74,252.0,10
2026-09-30 13:13,JITFINFRA,JITF Infralogistics Limited,278.8,0.6,21649.0,17843.0,1.21,410.15,270.1,-32.02,3.22,433.15,222.35,313.71,309.53,No,-5.95,251.0,41
2026-09-30 13:13,JKCEMENT,JK Cement Limited,5076.0,5.21,106728.0,43704.0,2.44,5790.0,4671.5,-12.33,8.66,6764.5,4671.5,5218.65,5403.1,No,-7.18,252.0,38
2026-09-30 13:13,JKIL,J.Kumar Infraprojects Limited,463.3,2.64,98436.0,44639.0,2.21,521.55,450.0,-11.17,2.96,672.0,425.0,487.76,510.44,No,-7.82,252.0,36
2026-09-30 13:13,JKIPL,Jinkushal Industries Limited,97.7,0.01,3154.0,11327.0,0.28,119.7,79.75,-18.38,22.51,126.95,45.4,99.38,87.06,Yes,18.25,249.0,78
2026-09-30 13:13,JKLAKSHMI,JK Lakshmi Cement Limited,492.3,0.44,104164.0,135367.0,0.77,674.75,482.05,-27.04,2.13,884.95,482.05,536.19,632.05,No,-20.83,252.0,8
2026-09-30 13:13,JKPAPER,JK Paper Limited,393.7,0.6,294008.0,598400.0,0.49,442.0,339.4,-10.93,16.0,444.8,304.85,398.89,364.33,Yes,13.9,251.0,74
2026-09-30 13:13,JKTYRE,JK Tyre & Industries Limited,347.0,3.64,1039402.0,456327.0,2.28,424.6,333.1,-18.28,4.17,611.9,333.1,374.13,426.67,No,-18.61,252.0,12
2026-09-30 13:13,JLHL,Jupiter Life Line Hospitals Limited,253.6,-3.22,384611.0,172710.0,2.23,340.0,251.5,-25.41,0.83,340.0,235.6,298.9,273.1,No,-7.3,252.0,38
2026-09-30 13:13,JMA,Jullundur Motor Agency (Delhi) Limited,89.6,0.29,7776.0,17724.0,0.44,103.7,82.0,-13.6,9.27,103.7,70.25,89.83,85.9,Yes,6.68,250.0,65
2026-09-30 13:13,JMFINANCIL,JM Financial Limited,129.02,2.58,2299873.0,2439889.0,0.94,140.0,114.5,-7.84,12.68,182.5,112.0,126.67,129.95,No,-2.76,252.0,48
2026-09-30 13:13,JNKINDIA,JNK India Limited,438.2,-3.0,239629.0,143620.0,1.67,558.0,312.0,-21.47,40.45,558.0,200.92,435.96,350.08,Yes,33.32,250.0,88
2026-09-30 13:13,JNPR,Juniper Green Energy Limited,273.3,0.37,1056638.0,731640.0,1.44,282.75,232.11,-3.34,17.75,282.75,232.11,,,,,40.0,
2026-09-30 13:13,JOCIL,Jocil Limited,146.86,1.16,5742.0,12111.0,0.47,175.12,130.91,-16.14,12.18,175.12,91.25,148.5,138.22,Yes,11.68,249.0,71
2026-09-30 13:13,JPOLYINVST,Jindal Poly Investment and Finance Company Limited,933.4,-1.75,1704.0,4717.0,0.36,1212.0,903.0,-22.99,3.37,1487.7,852.1,1002.17,1065.19,No,-15.18,249.0,19
2026-09-30 13:13,JPPOWER,Jaiprakash Power Ventures Limited,15.13,-0.85,29125643.0,67329989.0,0.43,24.5,15.0,-38.24,0.87,24.5,13.15,16.78,16.97,No,-10.5,252.0,30
2026-09-30 13:13,JSFB,Jana Small Finance Bank Limited,489.3,-2.86,428358.0,867893.0,0.49,606.95,439.0,-19.38,11.46,606.95,330.0,542.93,453.18,Yes,13.06,251.0,73
2026-09-30 13:13,JSL,Jindal Stainless Limited,747.4,1.23,860537.0,1290133.0,0.67,794.0,652.25,-5.87,14.59,884.0,652.25,733.54,747.1,Yes,1.56,252.0,57
2026-09-30 13:13,JSLL,Jeena Sikho Lifecare Limited,500.8,-1.7,559788.0,463696.0,1.21,749.65,485.1,-33.2,3.24,839.0,485.1,526.54,617.32,No,-17.81,252.0,13
2026-09-30 13:13,JSWCEMENT,JSW Cement Limited,113.38,0.71,1944804.0,1545840.0,1.26,143.4,111.02,-20.93,2.13,143.4,106.65,124.85,124.58,No,-10.72,252.0,30
2026-09-30 13:13,JSWDULUX,JSW Dulux Limited,3079.0,1.47,14235.0,35330.0,0.4,3376.2,2857.0,-8.8,7.77,3745.0,2667.0,3096.62,3041.83,Yes,-3.02,252.0,48
2026-09-30 13:13,JSWENERGY,JSW Energy Limited,494.7,-1.29,1797475.0,1650615.0,1.09,617.35,489.1,-19.87,1.14,617.35,427.75,537.72,525.25,No,-4.51,252.0,45
2026-09-30 13:13,JSWHL,JSW Holdings Limited,11346.0,3.15,51678.0,9085.0,5.69,13500.0,10530.0,-15.96,7.75,22790.0,10530.0,11432.9,13991.18,No,-16.04,251.0,17
2026-09-30 13:13,JSWINFRA,JSW Infrastructure Limited,356.6,1.89,2190233.0,4704769.0,0.47,375.5,256.0,-5.03,39.3,375.5,233.42,337.28,292.78,Yes,23.35,252.0,82
2026-09-30 13:13,JSWSTEEL,JSW Steel Limited,1253.4,-1.49,1328955.0,1291267.0,1.03,1351.0,1210.7,-7.22,3.53,1351.0,1073.2,1285.9,1238.12,Yes,5.49,252.0,64
2026-09-30 13:13,JTEKTINDIA,Jtekt India Limited,116.58,0.64,54652.0,108119.0,0.51,159.5,114.2,-26.91,2.08,171.31,114.2,127.14,133.9,No,-16.52,252.0,16
2026-09-30 13:13,JTLIND,JTL INDUSTRIES LIMITED,88.28,-0.68,1731087.0,2830098.0,0.61,94.0,64.85,-6.09,36.13,94.0,40.25,82.23,71.18,Yes,35.08,252.0,89
2026-09-30 13:13,JUBLCPL,Jubilant Agri and Consumer Products Limited,2061.2,-2.19,4910.0,8561.0,0.57,2479.0,1666.5,-16.85,23.68,2753.1,1460.0,2074.38,1959.61,Yes,1.9,250.0,58
2026-09-30 13:13,JUBLFOOD,Jubilant Foodworks Limited,456.7,-1.36,797352.0,974541.0,0.82,527.85,408.55,-13.48,11.79,635.0,408.55,478.23,477.2,No,-1.64,252.0,51
2026-09-30 13:13,JUBLINGREA,Jubilant Ingrevia Limited,653.2,2.21,605477.0,292531.0,2.07,795.0,600.0,-17.84,8.87,795.0,537.3,694.77,668.83,No,-1.2,252.0,52
2026-09-30 13:13,JUBLPHARMA,Jubilant Pharmova Limited,1028.8,-1.85,460073.0,321271.0,1.43,1091.85,847.85,-5.77,21.34,1184.8,786.05,957.72,956.62,Yes,8.43,251.0,67
2026-09-30 13:13,JUNIPER,Juniper Hotels Limited,213.42,-0.25,90330.0,177134.0,0.51,233.99,190.0,-8.79,12.33,288.45,188.5,208.13,213.81,No,1.38,252.0,57
2026-09-30 13:13,JUSTDIAL,Just Dial Limited,666.15,1.47,130938.0,119756.0,1.09,838.3,511.6,-20.54,30.21,878.6,480.5,686.24,619.46,Yes,15.56,252.0,75
2026-09-30 13:13,JWL,Jupiter Wagons Limited,233.12,6.05,24061041.0,1805967.0,13.32,308.5,218.45,-24.43,6.72,358.25,218.45,244.79,274.33,No,-15.84,252.0,17
2026-09-30 13:13,JYOTHYLAB,Jyothy Labs Limited,186.7,1.32,397615.0,554185.0,0.72,225.2,183.29,-17.1,1.86,325.0,183.29,200.62,224.35,No,-12.66,252.0,25
2026-09-30 13:13,JYOTICNC,Jyoti CNC Automation Limited,1039.85,-1.84,429646.0,1302260.0,0.33,1134.6,580.1,-8.35,79.25,1134.6,580.1,944.38,827.09,Yes,27.67,252.0,85
2026-09-30 13:13,JYOTIRES,Jyoti Resins & Adhesives Limited,835.45,-0.65,6331.0,7778.0,0.81,911.0,821.2,-8.29,1.74,911.0,821.2,,,,,31.0,
2026-09-30 13:13,JYOTISTRUC,Jyoti Structures Limited,8.9,-1.87,4112232.0,5984141.0,0.69,14.47,8.62,-38.49,3.25,15.49,7.94,10.28,11.05,No,-18.62,252.0,12
2026-09-30 13:13,KABRAEXTRU,Kabra Extrusion Technik Limited,805.55,-2.92,221246.0,361411.0,0.61,888.7,212.72,-9.36,278.69,888.7,180.0,577.3,323.39,Yes,235.47,251.0,99
2026-09-30 13:13,KAJARIACER,Kajaria Ceramics Limited,1235.1,3.75,2882361.0,460947.0,6.25,1275.0,1041.2,-3.13,18.62,1293.8,869.6,1217.63,1095.03,Yes,14.88,251.0,74
2026-09-30 13:13,KAKATCEM,Kakatiya Cement Sugar & Industries Limited,105.18,-2.46,1761.0,1951.0,0.9,131.0,102.35,-19.71,2.77,165.55,85.0,112.98,117.49,No,-7.21,250.0,38
2026-09-30 13:13,KALAMANDIR,Sai Silks (Kalamandir) Limited,76.27,0.1,385215.0,446788.0,0.86,118.22,75.37,-35.48,1.19,223.03,75.37,84.6,104.66,No,-31.48,252.0,2
2026-09-30 13:13,KALPATARU,Kalpataru Limited,278.7,-0.04,55095.0,62736.0,0.88,362.95,250.0,-23.21,11.48,410.7,250.0,277.72,311.37,No,-9.99,251.0,31
2026-09-30 13:13,KALYANKJIL,Kalyan Jewellers India Limited,553.15,-2.76,5558488.0,5636619.0,0.99,648.95,327.05,-14.76,69.13,648.95,327.05,595.82,459.97,Yes,33.78,252.0,88
2026-09-30 13:13,KAMAHOLD,Kama Holdings Limited,2286.8,2.04,3772.0,4934.0,0.76,2474.8,2172.3,-7.6,5.27,2474.8,2172.3,,,,,31.0,
2026-09-30 13:13,KAMANWALA,Kamanwala Housing Construction Limited,16.9,-1.17,2326.0,4928.0,0.47,19.51,15.0,-13.38,12.67,19.51,15.0,,,,,31.0,
2026-09-30 13:13,KAMATHOTEL,Kamat Hotels (I) Limited,237.2,0.21,26647.0,74786.0,0.36,246.0,156.25,-3.58,51.81,329.6,140.2,206.39,192.68,Yes,27.22,251.0,84
2026-09-30 13:13,KAMDHENU,Kamdhenu Limited,38.08,-0.86,554860.0,1024888.0,0.54,43.7,22.87,-12.86,66.51,43.7,16.15,36.8,27.51,Yes,49.65,251.0,93
2026-09-30 13:13,KAMOPAINTS,Kamdhenu Ventures Limited,4.14,0.98,250787.0,242856.0,1.03,5.65,4.02,-26.73,2.99,8.92,3.6,4.45,5.07,No,-16.68,250.0,15
2026-09-30 13:13,KANANIIND,Kanani Industries Limited,1.36,0.0,74296.0,132075.0,0.56,1.8,1.22,-24.44,11.48,2.04,1.02,1.48,1.54,No,-7.8,250.0,37
2026-09-30 13:13,KANCHI,Kanchi Karpooram Limited,388.05,-0.75,929.0,1757.0,0.53,435.0,359.95,-10.79,7.81,435.0,359.95,,,,,31.0,
2026-09-30 13:13,KANCOTEA,Kanco Tea & Industries Limited,53.9,-1.19,52.0,218.0,0.24,58.7,46.2,-8.18,16.67,58.7,46.2,,,,,32.0,
2026-09-30 13:13,KANOHAR,Kanohar Electricals Limited,856.75,-0.7,2079643.0,8450225.0,0.25,937.7,685.1,-8.63,25.05,937.7,685.1,,,,,11.0,
2026-09-30 13:13,KANPRPLA,Kanpur Plastipack Limited,249.0,1.55,5949.0,24295.0,0.24,283.14,180.62,-12.06,37.86,283.14,151.25,244.68,203.54,Yes,33.19,250.0,88
2026-09-30 13:13,KANSAINER,Kansai Nerolac Paints Limited,177.99,-1.84,178718.0,316634.0,0.56,225.4,173.6,-21.03,2.53,264.0,157.91,195.66,205.34,No,-14.1,250.0,21
2026-09-30 13:13,KAPSTON,Kapston Services Limited,550.35,-0.96,494510.0,207097.0,2.39,616.2,308.3,-10.69,78.51,616.2,244.18,539.95,389.6,Yes,67.41,251.0,97
2026-09-30 13:13,KARAMTARA,Karamtara Engineering Limited,395.35,9.99,5877180.0,9281532.0,0.63,395.35,320.0,0.0,23.55,395.35,320.0,,,,,10.0,
2026-09-30 13:13,KARMAENG,Karma Energy Limited,37.43,-1.24,1021.0,14629.0,0.07,51.48,35.11,-27.29,6.61,66.25,34.38,38.72,42.74,No,-9.65,249.0,31
2026-09-30 13:13,KARURVYSYA,Karur Vysya Bank Limited,324.8,2.09,3398072.0,1620254.0,2.1,358.65,268.95,-9.44,20.77,358.65,208.5,336.51,302.15,Yes,16.57,252.0,76
2026-09-30 13:13,KAYNES,Kaynes Technology India Limited,3501.0,-0.3,719843.0,1043112.0,0.69,4117.9,2995.0,-14.98,16.89,7705.0,2995.0,3638.88,3648.6,No,-2.07,252.0,50
2026-09-30 13:13,KCP,KCP Limited,154.15,-1.31,80240.0,105117.0,0.76,180.4,148.98,-14.55,3.47,207.8,125.0,160.74,164.8,No,-4.49,250.0,45
2026-09-30 13:13,KDDL,KDDL Limited,3886.9,-1.14,16959.0,35845.0,0.47,4270.0,2165.0,-8.97,79.53,4270.0,1990.0,3799.65,2856.87,Yes,44.47,250.0,92
2026-09-30 13:13,KDGREEN,KD Green Industries Limited,47.72,-1.67,19545.0,97096.0,0.2,61.49,45.81,-22.39,4.17,61.49,45.81,,,,,31.0,
2026-09-30 13:13,KEC,KEC International Limited,377.25,-0.29,709640.0,1089897.0,0.65,562.0,375.1,-32.87,0.57,893.0,375.1,428.79,540.14,No,-32.63,252.0,2
2026-09-30 13:13,KECL,Kirloskar Electric Company Limited,120.64,-0.63,118696.0,109115.0,1.09,155.0,98.0,-22.17,23.1,155.0,75.47,130.97,110.36,Yes,14.6,251.0,74
2026-09-30 13:13,KEEPLEARN,DSJ Keep Learning Limited,1.85,0.54,39242.0,34375.0,1.14,2.48,1.51,-25.4,22.52,3.21,1.51,1.9,2.03,No,-7.67,249.0,37
2026-09-30 13:13,KEI,KEI Industries Limited,4455.0,-0.13,182773.0,610190.0,0.3,5899.0,4447.0,-24.48,0.18,5899.0,3728.7,5108.1,4840.79,No,-5.75,252.0,42
2026-09-30 13:13,KELLTONTEC,Kellton Tech Solutions Limited,12.85,-1.53,1210286.0,2072422.0,0.58,18.06,12.65,-28.85,1.58,26.14,12.65,13.82,15.71,No,-20.51,252.0,9
2026-09-30 13:13,KENNAMET,Kennametal India Limited,4131.0,2.26,116891.0,37549.0,3.11,5136.0,2712.0,-19.57,52.32,5136.0,2405.2,3899.06,,,,121.0,
2026-09-30 13:13,KERNEX,Kernex Microsystems (India) Limited,1686.0,-3.33,228708.0,185541.0,1.23,2580.0,1328.4,-34.65,26.92,2580.0,850.0,1944.06,1548.49,Yes,13.06,252.0,73
2026-09-30 13:13,KESORAMIND,Kesoram Industries Limited,10.92,0.74,547872.0,466694.0,1.17,14.26,10.17,-23.42,7.37,14.26,4.55,11.76,10.83,Yes,-0.75,252.0,53
2026-09-30 13:13,KEYFINSERV,Keynote Financial Services Limited,242.95,4.27,1823.0,994.0,1.83,289.8,221.0,-16.17,9.93,382.1,220.0,251.38,270.4,No,-7.52,250.0,37
2026-09-30 13:13,KFINTECH,Kfin Technologies Limited,840.0,0.21,489001.0,511538.0,0.96,992.4,784.95,-15.36,7.01,1215.0,784.95,925.65,937.11,No,-10.03,252.0,31
2026-09-30 13:13,KHAICHEM,Khaitan Chemicals & Fertilizers Limited,48.76,-0.93,106772.0,152165.0,0.7,63.3,46.53,-22.97,4.79,132.9,42.92,52.17,57.46,No,-14.69,251.0,20
2026-09-30 13:13,KHAITANLTD,Khaitan (India) Limited,146.25,-2.51,1789.0,5396.0,0.33,178.0,121.4,-17.84,20.47,178.0,85.0,147.72,121.83,Yes,28.81,249.0,85
2026-09-30 13:13,KHANDSE,Khandwala Securities Limited,17.2,0.82,1628.0,2971.0,0.55,20.5,15.6,-16.1,10.26,25.5,12.2,17.47,17.88,No,1.12,249.0,56
2026-09-30 13:13,KICL,Kalyani Investment Company Limited,4799.0,0.54,1062.0,1178.0,0.9,5821.0,4670.4,-17.56,2.75,6554.9,4011.0,5206.6,4986.22,No,-3.09,250.0,47
2026-09-30 13:13,KIMS,Krishna Institute of Medical Sciences Limited,746.4,-3.05,2363858.0,502406.0,4.71,858.0,714.0,-13.01,4.54,858.0,575.8,785.14,721.65,Yes,4.31,252.0,62
2026-09-30 13:13,KINGFA,Kingfa Science & Technology (India) Limited,6482.5,-0.64,19079.0,16316.0,1.17,6601.0,4891.0,-1.8,32.54,6601.0,3649.9,5817.43,4921.45,Yes,40.56,250.0,91
2026-09-30 13:13,KIOCL,KIOCL Limited,332.3,-1.13,54089.0,70556.0,0.77,428.0,323.55,-22.36,2.7,634.55,290.65,368.6,370.4,No,-12.3,252.0,26
2026-09-30 13:13,KIRANVYPAR,Kiran Vyapar Limited,187.15,-1.32,10.0,6657.0,0.0,221.78,169.82,-15.61,10.2,221.78,169.82,,,,,31.0,
2026-09-30 13:13,KIRIINDUS,Kiri Industries Limited,541.3,-0.4,396177.0,1423857.0,0.28,603.95,375.0,-10.37,44.35,779.0,333.8,486.35,450.15,Yes,25.4,252.0,83
2026-09-30 13:13,KIRLFER,Kirloskar Ferrous Industries Limited,470.0,-0.93,42951.0,138934.0,0.31,513.0,408.0,-8.38,15.2,513.0,408.0,459.33,,,,121.0,
2026-09-30 13:13,KIRLOSBROS,Kirloskar Brothers Limited,1774.9,-3.97,321866.0,64225.0,5.01,2189.2,1558.9,-18.92,13.86,2189.2,1335.0,1859.57,1715.07,Yes,6.5,252.0,65
2026-09-30 13:13,KIRLOSENG,Kirloskar Oil Engines Limited,2304.2,-4.07,1822814.0,734065.0,2.48,2720.0,1536.1,-15.29,50.0,2720.0,865.55,2159.28,1748.09,Yes,39.37,251.0,90
2026-09-30 13:13,KIRLOSIND,Kirloskar Industries Limited,3570.7,-0.22,4008.0,39300.0,0.1,4574.8,2941.9,-21.95,21.37,4574.8,2463.0,3736.81,3356.43,Yes,4.24,251.0,61
2026-09-30 13:13,KIRLPNU,Kirloskar Pneumatic Company Limited,676.7,-1.13,75886.0,131381.0,0.58,1098.55,669.6,-38.4,1.06,1098.55,495.05,730.18,689.24,No,0.22,251.0,55
2026-09-30 13:13,KISSHT,OnEMI Technology Solutions Limited,369.55,3.04,2404307.0,1860098.0,1.29,373.0,194.34,-0.92,90.16,373.0,190.0,322.8,,,,104.0,
2026-09-30 13:13,KITEX,Kitex Garments Limited,119.55,3.45,552150.0,370528.0,1.49,173.91,114.36,-31.26,4.54,232.7,114.36,130.12,158.0,No,-27.35,252.0,3
2026-09-30 13:13,KJMCFIN,KJMC Financial Services Limited,60.0,1.69,380.0,1244.0,0.31,84.5,55.35,-28.99,8.4,84.5,55.35,,,,,31.0,
2026-09-30 13:13,KKCL,Kewal Kiran Clothing Limited,460.35,-1.45,7443.0,29323.0,0.25,568.05,425.9,-18.96,8.09,568.45,408.35,503.43,482.26,No,-4.93,250.0,44
2026-09-30 13:13,KLBRENG-B,Kilburn Engineering Limited,523.95,-0.3,206790.0,324869.0,0.64,535.0,346.0,-2.07,51.43,535.0,346.0,,,,,32.0,
2026-09-30 13:13,KMCSHIL,K M C Speciality Hospitals (India) Limited,171.14,5.66,2690523.0,1145640.0,2.35,177.79,128.48,-3.74,33.2,177.79,128.48,,,,,32.0,
2026-09-30 13:13,KMEW,Knowledge Marine & Engineering Works Limited,3041.5,-0.76,217727.0,124307.0,1.75,3175.0,1711.3,-4.2,77.73,3175.0,1084.6,2767.83,2094.73,Yes,55.06,252.0,94
2026-09-30 13:13,KMSUGAR,K.M.Sugar Mills Limited,33.68,5.71,822196.0,278366.0,2.95,36.5,25.6,-7.73,31.56,36.5,23.3,30.02,27.59,Yes,26.82,252.0,84
2026-09-30 13:13,KNACK,Knack Packaging Limited,180.0,1.94,582310.0,554211.0,1.05,222.0,171.1,-18.92,5.2,222.0,171.1,192.72,,,,61.0,
2026-09-30 13:13,KNAGRI,KN Agri Resources Limited,198.13,-0.9,3274.0,8065.0,0.41,231.0,163.55,-14.23,21.14,244.0,148.3,207.81,195.21,Yes,-2.66,249.0,49
2026-09-30 13:13,KNRCON,KNR Constructions Limited,118.58,-0.63,457790.0,1512699.0,0.3,145.32,115.02,-18.4,3.1,200.1,108.65,125.02,131.44,No,-10.85,252.0,29
2026-09-30 13:13,KOHINOOR,Kohinoor Foods Limited,30.58,-1.32,105849.0,147180.0,0.72,38.47,22.0,-20.51,39.0,38.47,19.2,29.04,26.0,Yes,27.2,250.0,84
2026-09-30 13:13,KOKUYOCMLN,Kokuyo Camlin Limited,75.87,1.54,53117.0,25330.0,2.1,94.5,74.0,-19.71,2.53,111.61,71.05,80.64,84.6,No,-11.86,251.0,27
2026-09-30 13:13,KOLTEPATIL,Kolte - Patil Developers Limited,424.85,-0.52,34307.0,110798.0,0.31,554.6,343.0,-23.4,23.86,554.6,292.25,436.88,382.77,Yes,20.08,250.0,79
2026-09-30 13:13,KOPRAN,Kopran Limited,278.32,-4.32,487236.0,2398055.0,0.2,295.83,152.0,-5.92,83.11,295.83,107.0,220.68,171.93,Yes,73.69,252.0,97
2026-09-30 13:13,KOTAKBANK,Kotak Mahindra Bank Limited,417.0,2.71,32536479.0,12653932.0,2.57,429.1,368.4,-2.82,13.19,453.2,345.5,404.77,399.39,Yes,5.15,252.0,63
2026-09-30 13:13,KOTHARIPET,Kothari Petrochemicals Limited,129.43,0.36,43927.0,98408.0,0.45,155.47,113.52,-16.75,14.02,155.47,94.75,136.68,126.52,Yes,7.83,249.0,66
2026-09-30 13:13,KOTHARIPRO,Kothari Products Limited,65.35,0.4,4769.0,12757.0,0.37,81.0,60.75,-19.32,7.57,100.42,58.0,67.19,69.02,No,-6.13,251.0,41
2026-09-30 13:13,KOTIC,Kothari Industrial Corporation Limited,152.7,1.72,126637.0,90401.0,1.4,163.0,123.12,-6.32,24.03,163.0,123.12,,,,,32.0,
2026-09-30 13:13,KOTYARK,Kotyark Industries Limited,29.83,1.5,288722.0,287790.0,1.0,45.5,24.55,-34.44,21.51,45.5,17.38,34.28,31.57,No,-6.01,252.0,41
2026-09-30 13:13,KOVAI,Kovai Medical Center & Hospital Limited,6007.0,-0.11,3797.0,4571.0,0.83,6444.0,5275.5,-6.78,13.87,6444.0,2576.65,6011.77,,,,120.0,
2026-09-30 13:13,KPEL,K.P. Energy Limited,220.41,-1.62,231369.0,337515.0,0.69,378.7,206.52,-41.8,6.73,463.25,206.52,256.34,308.19,No,-33.1,252.0,2
2026-09-30 13:13,KPIGREEN,KPI Green Energy Limited,358.95,-3.31,4362404.0,3125067.0,1.4,447.45,271.9,-19.78,32.02,542.25,271.9,331.83,394.32,No,-14.77,252.0,20
2026-09-30 13:13,KPIL,Kalpataru Projects International Limited,1380.6,1.14,71593.0,143667.0,0.5,1479.6,1210.1,-6.69,14.09,1479.6,1007.1,1370.95,1251.67,Yes,11.39,251.0,71
2026-09-30 13:13,KPITTECH,KPIT Technologies Limited,499.1,-3.96,1622991.0,1542813.0,1.05,826.0,495.5,-39.58,0.73,1284.9,495.5,578.63,761.55,No,-26.73,252.0,4
2026-09-30 13:13,KPL,Kwality Pharmaceuticals Limited,3641.4,0.45,14030.0,47364.0,0.3,3949.0,3137.0,-7.79,16.08,3949.0,3137.0,,,,,32.0,
2026-09-30 13:13,KPRMILL,K.P.R. Mill Limited,1103.3,2.02,165794.0,196599.0,0.84,1334.0,883.15,-17.29,24.93,1334.0,796.1,1108.78,993.19,Yes,9.86,251.0,69
2026-09-30 13:13,KRBL,KRBL Limited,381.6,-1.19,243266.0,394828.0,0.62,452.8,322.0,-15.72,18.51,452.8,274.65,395.02,364.16,Yes,5.85,251.0,64
2026-09-30 13:13,KREBSBIO,Krebs Biochemicals and Industries Limited,60.2,6.7,50966.0,19796.0,2.57,71.5,50.81,-15.8,18.48,76.85,38.33,55.76,58.97,Yes,4.77,250.0,62
2026-09-30 13:13,KRIDHANINF,Kridhan Infra Limited,1.88,0.0,56032.0,53924.0,1.04,3.33,1.79,-43.54,5.03,4.78,1.79,2.1,2.88,No,-31.26,250.0,2
2026-09-30 13:13,KRISHANA,Krishana Phoschem Limited,188.23,1.64,1098113.0,635535.0,1.73,206.39,126.25,-8.8,49.09,206.39,87.4,184.34,133.99,Yes,48.63,252.0,93
2026-09-30 13:13,KRISHIVAL,Krishival Foods Limited,401.85,-0.52,15013.0,25629.0,0.59,449.9,350.6,-10.68,14.62,508.0,282.3,403.15,369.93,Yes,10.25,250.0,70
2026-09-30 13:13,KRISHNADEF,Krishna Defence And Allied Industries Limited,1032.8,1.95,60180.0,73306.0,0.82,1400.0,965.3,-26.23,6.99,1400.0,665.0,1090.23,1061.94,No,2.01,251.0,58
2026-09-30 13:13,KRITI,Kriti Industries (India) Limited,61.0,-2.26,10030.0,13943.0,0.72,86.0,58.0,-29.07,5.17,132.9,53.0,64.35,74.33,No,-16.2,249.0,16
2026-09-30 13:13,KRITIKA,Kritika Wires Limited,4.91,-2.0,120247.0,104024.0,1.16,6.94,4.62,-29.25,6.28,9.55,4.5,5.43,6.05,No,-17.2,249.0,14
2026-09-30 13:13,KRITINUT,Kriti Nutrients Limited,69.81,-3.74,60590.0,14829.0,4.09,99.86,68.9,-30.09,1.32,102.99,51.36,81.9,78.39,No,-3.31,250.0,47
2026-09-30 13:13,KRN,KRN Heat Exchanger and Refrigeration Limited,1436.5,-0.46,184856.0,223845.0,0.83,1687.0,987.8,-14.85,45.42,1687.0,589.8,1417.87,1097.75,Yes,48.58,252.0,93
2026-09-30 13:13,KROSS,Kross Limited,263.05,0.47,623713.0,1685678.0,0.37,283.0,175.43,-7.05,49.95,283.0,150.52,219.47,198.84,Yes,47.81,252.0,93
2026-09-30 13:13,KRSNAA,Krsnaa Diagnostics Limited,559.95,1.15,68107.0,227975.0,0.3,622.55,520.8,-10.06,7.52,848.1,515.0,552.59,600.23,No,-6.13,252.0,41
2026-09-30 13:13,KRYSTAL,Krystal Integrated Services Limited,626.2,1.04,8802.0,28355.0,0.31,696.9,575.0,-10.14,8.9,696.9,500.0,628.78,593.69,Yes,11.96,250.0,72
2026-09-30 13:13,KSB,Ksb Limited,856.1,3.79,5215401.0,410029.0,12.72,973.85,750.0,-12.09,14.15,1028.3,666.65,813.53,818.1,Yes,-0.2,252.0,54
2026-09-30 13:13,KSCL,Kaveri Seed Company Limited,725.65,-2.22,229047.0,1558082.0,0.15,996.0,685.0,-27.14,5.93,1095.9,685.0,761.47,854.12,No,-19.68,251.0,10
2026-09-30 13:13,KSE,KSE Limited,177.81,-0.1,4570.0,11592.0,0.39,665.4,173.31,-73.28,2.6,665.4,173.31,,,,,36.0,
2026-09-30 13:13,KSHINTL,KSH International Limited,1001.1,-2.65,165316.0,307669.0,0.54,1198.0,608.65,-16.44,64.48,1198.0,330.4,991.72,,,80.14,195.0,98
2026-09-30 13:13,KSL,Kalyani Steels Limited,965.4,0.11,76255.0,165016.0,0.46,1032.9,770.1,-6.53,25.36,1032.9,574.0,906.79,804.04,Yes,23.92,252.0,82
2026-09-30 13:13,KSOLVES,Ksolves India Limited,248.8,0.57,19655.0,32968.0,0.6,345.0,243.0,-27.88,2.39,353.99,243.0,268.73,284.66,No,-13.16,252.0,24
2026-09-30 13:13,KTKBANK,The Karnataka Bank Limited,329.0,1.46,1003702.0,1831783.0,0.55,345.9,238.7,-4.89,37.83,345.9,170.26,317.01,254.74,Yes,38.28,252.0,90
2026-09-30 13:13,KUANTUM,Kuantum Papers Limited,76.35,-0.5,68177.0,158867.0,0.43,88.8,70.35,-14.02,8.53,113.0,65.01,77.79,81.17,No,-2.0,250.0,50
2026-09-30 13:13,KUSUMGAR,Kusumgar Limited,600.95,-0.87,82562.0,275446.0,0.3,659.5,533.0,-8.88,12.75,659.5,533.0,592.67,,,,56.0,
2026-09-30 13:13,KWIL,Kwality Wall's (India) Limited,39.22,-4.34,9971485.0,11586149.0,0.86,50.68,25.5,-22.61,53.8,50.68,22.24,39.31,,,30.62,158.0,87
2026-09-30 13:13,LAGNAM,Lagnam Spintex Limited,72.24,0.31,1580.0,6864.0,0.23,95.9,68.1,-24.67,6.08,95.9,58.6,78.63,75.77,No,-2.75,249.0,48
2026-09-30 13:13,LAHOTIOV,Lahoti Overseas Limited,41.25,5.07,7759.0,13256.0,0.59,46.95,37.0,-12.14,11.49,46.95,37.0,,,,,31.0,
2026-09-30 13:13,LAKSHMIMIL,Lakshmi Mills Company Limited,7632.5,0.16,38.0,38.0,0.99,8499.0,7500.5,-10.2,1.76,8499.0,7500.5,,,,,28.0,
2026-09-30 13:13,LAL,Lorenzini Apparels Limited,8.42,-1.52,7928.0,75946.0,0.1,10.29,6.61,-18.17,27.38,11.43,5.56,8.72,8.06,Yes,-1.44,250.0,52
2026-09-30 13:13,LALITHAA,Lalithaa Jewellery Mart Limited,381.9,1.84,6732543.0,9174313.0,0.73,393.75,240.35,-3.01,58.89,393.75,240.35,,,,,28.0,
2026-09-30 13:13,LALPATHLAB,Dr. Lal Path Labs Ltd.,1987.0,1.88,525989.0,327590.0,1.61,2038.6,1500.1,-2.53,32.46,2038.6,1272.6,1905.47,1594.82,Yes,30.61,252.0,87
2026-09-30 13:13,LAMBODHARA,Lambodhara Textiles Limited,129.28,-4.53,9370.0,67086.0,0.14,154.5,98.0,-16.32,31.92,154.5,81.8,123.96,112.35,Yes,18.42,250.0,78
2026-09-30 13:13,LANCER,Lancer Container Lines Limited,11.45,0.35,136799.0,317209.0,0.43,149.7,10.1,-92.35,13.37,149.7,10.1,,,,,36.0,
2026-09-30 13:13,LANDMARK,Landmark Cars Limited,475.7,-2.32,949595.0,955204.0,0.99,585.0,353.1,-18.68,34.72,662.0,339.5,513.37,442.79,Yes,9.45,250.0,69
2026-09-30 13:13,LANDSMILL,Landsmill Green Limited,0.96,9.09,5502583.0,4874908.0,1.13,1.06,0.52,-9.43,84.62,1.72,0.52,0.7,0.96,No,-0.91,251.0,53
2026-09-30 13:13,LAOPALA,La Opala RG Limited,156.18,-0.34,57031.0,141943.0,0.4,210.0,153.01,-25.63,2.07,250.9,153.01,175.19,184.16,No,-15.95,252.0,17
2026-09-30 13:13,LASERPOWER,Laser Power & Infra Limited,263.85,-2.44,489511.0,663857.0,0.74,343.5,250.0,-23.19,5.54,343.5,250.0,297.72,,,,55.0,
2026-09-30 13:13,LATENTVIEW,Latent View Analytics Limited,236.0,0.21,300371.0,490536.0,0.61,340.85,234.25,-30.76,0.75,517.5,234.25,275.0,325.02,No,-25.49,252.0,4
2026-09-30 13:13,LATTEYS,Latteys Industries Limited,20.91,1.55,64502.0,44517.0,1.45,27.8,19.26,-24.78,8.57,37.0,15.79,20.96,21.55,No,2.71,249.0,60
2026-09-30 13:13,LAURUSLABS,Laurus Labs Limited,1980.0,0.05,1397688.0,1617773.0,0.86,2055.3,1283.1,-3.66,54.31,2055.3,843.0,1873.1,1358.28,Yes,55.64,252.0,94
2026-09-30 13:13,LAXMICOT,Laxmi Cotspin Limited,13.01,1.25,18035.0,17542.0,1.03,16.49,11.36,-21.1,14.52,24.44,11.36,13.64,14.93,No,-11.93,249.0,27
2026-09-30 13:13,LAXMIDENTL,Laxmi Dental Limited,191.42,-0.56,66468.0,60295.0,1.1,275.49,189.45,-30.52,1.04,344.8,155.88,202.69,210.94,No,-14.6,252.0,20
2026-09-30 13:13,LAXMIINDIA,Laxmi India Finance Limited,121.1,1.9,68302.0,228386.0,0.3,143.0,97.91,-15.31,23.69,159.59,71.06,127.84,112.2,Yes,18.46,250.0,78
2026-09-30 13:13,LCCINFOTEC,LCC Infotech Limited,4.02,3.08,79585.0,160563.0,0.5,5.48,2.88,-26.64,39.58,5.89,2.88,3.81,4.53,No,-15.22,249.0,19
2026-09-30 13:13,LCCPROJECT,LCC Projects Limited,154.36,2.35,1847778.0,4211682.0,0.44,163.7,140.57,-5.71,9.81,163.7,140.57,,,,,9.0,
2026-09-30 13:13,LCL,Lohia Corp Limited,557.15,-4.21,260511.0,517921.0,0.5,609.4,461.0,-8.57,20.86,609.4,461.0,,,,,45.0,
2026-09-30 13:13,LEAPIND,LEAP India Limited,137.78,0.25,814476.0,2429705.0,0.34,172.29,128.55,-20.03,7.18,172.29,128.55,,,,,34.0,
2026-09-30 13:13,LEMERITE,Le Merite Exports Limited,19.93,-0.1,598289.0,266123.0,2.25,96.68,17.73,-79.39,12.41,107.57,17.73,21.58,59.68,No,-43.82,252.0,1
2026-09-30 13:13,LEMONTREE,Lemon Tree Hotels Limited,104.25,0.08,2167934.0,2207248.0,0.98,122.65,100.88,-15.0,3.34,174.2,99.61,107.8,118.52,No,-16.06,252.0,17
2026-09-30 13:13,LENSKART,Lenskart Solutions Limited,685.05,1.55,6799396.0,8191124.0,0.83,725.0,458.75,-5.51,49.33,725.0,356.1,636.75,530.89,Yes,36.31,226.0,89
2026-09-30 13:13,LEXUS,Lexus Granito (India) Limited,11.76,-0.51,15553.0,22219.0,0.7,20.2,11.32,-41.78,3.89,39.25,11.32,13.73,21.02,No,-40.13,249.0,1
2026-09-30 13:13,LFIC,Lakshmi Finance & Industrial Corporation Limited,131.22,1.32,1406.0,13617.0,0.1,166.98,128.9,-21.42,1.8,224.85,111.0,138.31,142.09,No,-8.22,250.0,35
2026-09-30 13:13,LGBBROSLTD,LG Balakrishnan & Bros Limited,1730.1,0.0,9737.0,24185.0,0.4,1778.0,1445.0,-2.69,19.73,2048.0,1314.9,1646.87,1697.59,Yes,3.43,252.0,60
2026-09-30 13:13,LGEINDIA,LG Electronics India Limited,1723.5,-0.9,421253.0,525984.0,0.8,1755.0,1462.4,-1.79,17.85,1755.0,1304.1,1631.14,1549.73,Yes,15.24,243.0,75
2026-09-30 13:13,LGHL,Laxmi Goldorna House Limited,200.04,11.93,71282.0,18850.0,3.78,258.85,168.0,-22.72,19.07,395.31,168.0,187.37,240.47,No,-16.64,250.0,15
2026-09-30 13:13,LIBAS,Libas Consumer Products Limited,11.87,-0.92,30725.0,149785.0,0.21,13.45,9.28,-11.75,27.91,13.45,9.02,10.58,10.96,Yes,9.54,250.0,69
2026-09-30 13:13,LIBERTSHOE,Liberty Shoes Limited,221.01,-2.01,30286.0,27680.0,1.09,293.0,215.0,-24.57,2.8,348.75,210.5,241.52,251.16,No,-15.83,251.0,17
2026-09-30 13:13,LICHSGFIN,LIC Housing Finance Limited,530.2,-3.34,5473401.0,3577231.0,1.53,580.95,485.45,-8.74,9.22,598.2,458.9,533.59,534.14,No,-1.94,252.0,50
2026-09-30 13:13,LICI,Life Insurance Corporation Of India,395.2,1.33,6309928.0,6956621.0,0.91,450.2,385.9,-12.22,2.41,468.48,360.75,409.9,413.03,No,-4.43,252.0,45
2026-09-30 13:13,LIKHITHA,Likhitha Infrastructure Limited,234.29,5.13,271707.0,141528.0,1.92,272.0,185.2,-13.86,26.51,272.0,131.45,219.13,202.28,Yes,9.47,251.0,69
2026-09-30 13:13,LINC,Linc Limited,88.63,-0.24,16066.0,29603.0,0.54,122.75,88.0,-27.8,0.72,133.38,85.01,96.75,103.35,No,-18.1,250.0,13
2026-09-30 13:13,LINCOLN,Lincoln Pharmaceuticals Limited,585.65,0.23,19290.0,34387.0,0.56,770.0,569.7,-23.94,2.8,770.0,440.0,603.73,589.32,No,2.01,249.0,58
2026-09-30 13:13,LINDEINDIA,Linde India Limited,6323.0,1.99,28491.0,22631.0,1.26,7638.0,6024.5,-17.22,4.95,8049.0,5673.0,6538.24,6739.96,No,-7.03,251.0,39
2026-09-30 13:13,LKPSEC,LKP Securities Limited,14.14,-0.91,7198.0,10669.0,0.67,18.43,13.62,-23.28,3.82,18.43,13.62,,,,,32.0,
2026-09-30 13:13,LLOYDSENGG,LLOYDS ENGINEERING WORKS LIMITED,98.64,-3.47,20653417.0,11596040.0,1.78,104.2,66.51,-5.34,48.31,104.2,37.4,88.71,67.59,Yes,58.72,252.0,95
2026-09-30 13:13,LLOYDSENT,Lloyds Enterprises Limited,79.23,0.13,4336999.0,3000961.0,1.45,84.7,63.67,-6.46,24.44,84.7,40.69,75.51,66.34,Yes,27.23,251.0,84
2026-09-30 13:13,LLOYDSME,Lloyds Metals And Energy Limited,1884.0,-0.96,333166.0,325338.0,1.02,2125.0,1636.1,-11.34,15.15,2125.0,1042.9,1894.64,1593.27,Yes,21.44,252.0,81
2026-09-30 13:13,LMW,LMW Limited,16862.0,-0.56,1450.0,4285.0,0.34,20151.0,14056.0,-16.32,19.96,20151.0,11920.0,17760.1,15634.86,Yes,15.66,249.0,75
2026-09-30 13:13,LODHA,Lodha Developers Limited,1135.0,2.57,1775053.0,1857265.0,0.96,1344.95,830.2,-15.61,36.71,1344.95,650.8,1198.81,1020.49,Yes,20.38,252.0,80
2026-09-30 13:13,LOKESHMACH,Lokesh Machines Limited,365.9,7.13,76700.0,46182.0,1.66,385.8,238.03,-5.16,53.72,385.8,138.96,339.59,255.9,Yes,57.19,251.0,95
2026-09-30 13:13,LORDSCHLO,Lords Chloro Alkali Limited,138.54,-1.28,11301.0,32761.0,0.34,169.0,126.15,-18.02,9.82,233.0,108.0,140.07,140.75,No,0.08,251.0,55
2026-09-30 13:13,LOTUSCHO,Lotus Chocolate Company Limited,550.35,-0.76,1679.0,3983.0,0.42,671.0,533.7,-17.98,3.12,671.0,533.7,,,,,31.0,
2026-09-30 13:13,LOTUSEYE,Lotus Eye Hospital and Institute Limited,115.89,2.38,4479.0,8391.0,0.53,143.2,101.02,-19.07,14.72,147.0,97.59,114.75,116.44,No,-2.81,249.0,48
2026-09-30 13:13,LOVABLE,Lovable Lingerie Limited,71.05,0.07,3749.0,11293.0,0.33,86.9,68.16,-18.24,4.24,101.95,55.0,71.67,73.19,No,-6.23,251.0,40
2026-09-30 13:13,LOYALTEX,Loyal Textile Mills Limited,209.67,1.15,787.0,3419.0,0.23,257.94,190.0,-18.71,10.35,333.99,170.04,213.42,213.19,No,2.71,250.0,60
2026-09-30 13:13,LPDC,Landmark Property Development Company Limited,6.18,-0.64,50175.0,73240.0,0.69,9.05,5.81,-31.71,6.37,9.46,5.23,6.6,6.66,No,-3.72,251.0,47
2026-09-30 13:13,LT,Larsen & Toubro Limited,3760.0,0.29,2395446.0,1471525.0,1.63,4272.3,3720.0,-11.99,1.08,4440.0,3288.1,3957.7,3970.38,No,-5.07,252.0,43
2026-09-30 13:13,LTF,L&T Finance Limited,265.0,-2.23,6413676.0,5735507.0,1.12,338.6,256.1,-21.74,3.48,338.6,234.9,308.64,293.26,No,-12.58,252.0,25
2026-09-30 13:13,LTFOODS,LT Foods Limited,400.4,-0.6,356742.0,426318.0,0.84,490.7,364.05,-18.4,9.98,490.7,333.15,423.28,400.61,No,4.58,252.0,62
2026-09-30 13:13,LTM,LTM Limited,4045.0,2.77,462971.0,425593.0,1.09,4850.0,3528.0,-16.6,14.65,6429.5,3528.0,4420.99,4628.72,No,-6.02,252.0,41
2026-09-30 13:13,LTTS,L&T Technology Services Limited,3228.6,4.77,146152.0,54612.0,2.68,3723.2,3030.0,-13.28,6.55,4726.0,3010.0,3457.37,3563.53,No,-7.44,252.0,38
2026-09-30 13:13,LUMAXIND,Lumax Industries Limited,5568.5,-2.16,12671.0,13399.0,0.95,6609.5,5012.5,-15.75,11.09,6934.5,4480.0,5796.03,5480.87,Yes,8.04,251.0,67
2026-09-30 13:13,LUMAXTECH,Lumax Auto Technologies Limited,2076.7,3.23,137697.0,123067.0,1.12,2190.0,1384.4,-5.17,50.01,2190.0,1120.0,1899.07,1667.44,Yes,33.5,251.0,88
2026-09-30 13:13,LUMINO,Lumino Industries Limited,102.46,-1.86,3887257.0,28967844.0,0.13,122.0,98.05,-16.02,4.5,122.0,98.05,,,,,20.0,
2026-09-30 13:13,LUPIN,Lupin Limited,2030.2,-1.07,1085044.0,651068.0,1.67,2529.5,2027.0,-19.74,0.16,2529.5,1900.0,2208.85,2260.79,No,-12.68,252.0,25
2026-09-30 13:13,LUXIND,Lux Industries Limited,1107.0,0.31,11915.0,51900.0,0.23,1458.2,1030.0,-24.08,7.48,1823.35,824.05,1187.27,1170.12,No,-5.08,252.0,43
2026-09-30 13:13,LXCHEM,Laxmi Organic Industries Limited,177.36,0.49,710180.0,1260987.0,0.56,203.8,144.7,-12.97,22.57,216.8,107.6,177.27,154.69,Yes,18.44,252.0,78
2026-09-30 13:13,M&M,Mahindra & Mahindra Limited,2950.0,0.07,2332064.0,1888241.0,1.24,3534.6,2900.4,-16.54,1.71,3839.9,2896.0,3247.65,3274.85,No,-8.69,252.0,34
2026-09-30 13:13,M&MFIN,Mahindra & Mahindra Financial Services Limited,324.85,-0.98,920830.0,1720995.0,0.54,415.0,274.35,-21.72,18.41,415.0,269.5,372.01,343.66,No,-2.35,252.0,50
2026-09-30 13:13,MAANALU,Maan Aluminium Limited,100.17,-0.45,29710.0,65090.0,0.46,148.4,99.01,-32.5,1.17,184.74,99.01,115.16,133.54,No,-25.0,251.0,5
2026-09-30 13:13,MACPOWER,Macpower CNC Machines Limited,2096.0,-1.51,40395.0,65320.0,0.62,2226.0,859.1,-5.84,143.98,2226.0,761.0,1811.12,1230.94,Yes,84.48,251.0,98
2026-09-30 13:13,MADHAV,Madhav Marbles and Granites Limited,34.16,-1.87,4441.0,4360.0,1.02,40.25,32.1,-15.13,6.42,46.79,29.0,34.99,36.73,No,-6.4,249.0,40
2026-09-30 13:13,MADHAVIPL,Madhav Infra Projects Limited,7.31,-1.35,97889.0,102088.0,0.96,8.47,6.95,-13.7,5.18,8.47,6.95,,,,,31.0,
2026-09-30 13:13,MADHUCON,Madhucon Projects Limited,4.19,3.46,39757.0,35817.0,1.11,6.89,3.69,-39.19,13.55,8.44,3.61,4.84,5.22,No,-22.32,249.0,7
2026-09-30 13:13,MADRASFERT,Madras Fertilizers Limited,58.77,0.38,34224.0,40286.0,0.85,73.99,58.11,-20.57,1.14,86.95,52.56,64.55,68.41,No,-13.46,249.0,23
2026-09-30 13:13,MAFATIND,Mafatlal Industries Limited,117.54,1.95,19613.0,31320.0,0.63,157.77,113.4,-25.5,3.65,157.77,113.4,124.54,,,,114.0,
2026-09-30 13:13,MAGADSUGAR,Magadh Sugar & Energy Limited,531.25,-1.02,16452.0,42171.0,0.39,634.95,437.4,-16.33,21.46,634.95,417.0,538.12,488.89,Yes,10.63,250.0,70
2026-09-30 13:13,MAGNUM,Magnum Ventures Limited,18.48,-0.48,13633.0,30108.0,0.45,21.49,18.12,-14.01,1.99,28.0,16.25,19.21,20.39,No,-10.22,250.0,30
2026-09-30 13:13,MAHABANK,Bank of Maharashtra,79.37,0.27,19550911.0,15382929.0,1.27,94.5,76.2,-16.01,4.16,94.5,54.66,81.58,75.24,Yes,6.6,252.0,65
2026-09-30 13:13,MAHAPEXLTD,Maha Rashtra Apex Corporation Limited,51.0,0.35,6541.0,14138.0,0.46,63.4,42.0,-19.56,21.43,117.89,42.0,52.28,64.85,No,-4.24,250.0,45
2026-09-30 13:13,MAHEPC,Mahindra EPC Irrigation Limited,96.74,-0.04,10903.0,16760.0,0.65,124.74,95.3,-22.45,1.51,153.78,91.91,104.28,114.97,No,-17.64,252.0,14
2026-09-30 13:13,MAHESHWARI,Maheshwari Logistics Limited,73.43,-0.14,13129.0,7945.0,1.65,76.81,51.16,-4.4,43.53,76.81,39.04,72.46,57.78,Yes,28.56,249.0,85
2026-09-30 13:13,MAHLIFE,Mahindra Lifespace Developers Limited,360.3,-0.19,92476.0,90767.0,1.02,408.0,317.55,-11.69,13.46,427.05,286.8,371.56,358.95,Yes,-1.08,252.0,52
2026-09-30 13:13,MAHLOG,Mahindra Logistics Limited,435.85,2.38,367223.0,199968.0,1.84,439.75,330.55,-0.89,31.86,450.0,275.05,405.14,375.73,Yes,20.04,252.0,79
2026-09-30 13:13,MAHSCOOTER,Maharashtra Scooters Limited,12576.0,1.9,5414.0,4781.0,1.13,14125.0,11250.0,-10.97,11.79,17799.0,10901.0,13276.14,13054.63,No,-1.66,250.0,51
2026-09-30 13:13,MAHSEAMLES,Maharashtra Seamless Limited,737.65,2.19,1572176.0,500299.0,3.14,768.0,557.2,-3.95,32.39,768.0,500.7,646.91,600.05,Yes,24.24,252.0,82
2026-09-30 13:13,MAITHANALL,Maithan Alloys Limited,925.25,-0.32,52208.0,147257.0,0.35,1210.1,918.1,-23.54,0.78,1210.1,831.2,993.35,996.77,No,-6.31,252.0,40
2026-09-30 13:13,MAKERSL,Makers Laboratories Limited,181.75,0.2,1070.0,2986.0,0.36,236.0,150.0,-22.99,21.17,236.0,150.0,,,,,31.0,
2026-09-30 13:13,MALLCOM,Mallcom (India) Limited,938.95,-0.07,1522.0,5013.0,0.3,1139.0,905.15,-17.56,3.73,1520.0,905.15,981.1,1056.37,No,-10.99,249.0,29
2026-09-30 13:13,MALUPAPER,Malu Paper Mills Limited,31.47,-0.66,12910.0,30747.0,0.42,38.8,28.2,-18.89,11.6,44.11,27.0,32.52,32.5,No,-1.21,250.0,52
2026-09-30 13:13,MAMATA,Mamata Machinery Limited,398.8,-0.18,29583.0,86640.0,0.34,439.95,345.0,-9.35,15.59,469.15,297.0,407.44,400.63,No,0.34,251.0,55
2026-09-30 13:13,MANAKALUCO,Manaksia Aluminium Company Limited,34.32,-1.12,20693.0,61717.0,0.34,47.35,32.52,-27.52,5.54,68.12,21.73,37.26,34.89,No,12.24,252.0,72
2026-09-30 13:13,MANAKCOAT,Manaksia Coated Metals & Industries Limited,126.98,-0.24,218743.0,486379.0,0.45,138.89,94.98,-8.58,33.69,182.82,94.2,123.72,117.73,Yes,7.9,251.0,67
2026-09-30 13:13,MANAKSIA,Manaksia Limited,59.99,-2.71,43003.0,118991.0,0.36,73.4,54.73,-18.27,9.61,73.4,42.1,60.27,59.67,Yes,6.3,250.0,64
2026-09-30 13:13,MANALIPETC,Manali Petrochemicals Limited,80.98,1.0,826603.0,4174372.0,0.2,93.0,54.1,-12.92,49.69,93.0,39.13,75.96,62.05,Yes,42.12,252.0,91
2026-09-30 13:13,MANAPPURAM,Manappuram Finance Limited,315.85,-0.19,3426692.0,4323799.0,0.79,381.55,282.55,-17.22,11.79,381.55,245.15,343.2,310.5,Yes,4.08,252.0,61
2026-09-30 13:13,MANBA,Manba Finance Limited,136.84,0.23,93564.0,162776.0,0.57,154.0,102.21,-11.14,33.88,154.0,98.0,133.39,125.93,Yes,7.17,249.0,66
2026-09-30 13:13,MANCREDIT,Mangal Credit and Fincorp Limited,220.73,1.55,132906.0,108839.0,1.22,287.27,164.5,-23.16,34.18,287.27,152.06,228.36,194.48,Yes,10.85,250.0,71
2026-09-30 13:13,MANGALAM,Mangalam Drugs And Organics Limited,30.74,-2.07,42421.0,77721.0,0.55,38.25,25.7,-19.63,19.61,73.9,22.8,29.91,30.67,Yes,9.46,251.0,69
2026-09-30 13:13,MANGLMCEM,Mangalam Cement Limited,993.2,0.75,85822.0,64062.0,1.34,1120.0,788.3,-11.32,25.99,1120.0,679.35,995.08,882.99,Yes,17.08,250.0,77
2026-09-30 13:13,MANINDS,Man Industries (India) Limited,907.35,-5.44,1071844.0,2056862.0,0.52,1039.7,480.15,-12.73,88.97,1039.7,302.05,719.12,525.51,Yes,99.87,252.0,99
2026-09-30 13:13,MANINFRA,Man Infraconstruction Limited,126.86,-0.81,1599362.0,2222616.0,0.72,131.95,95.52,-3.86,32.81,150.86,77.12,115.73,111.54,Yes,20.85,251.0,80
2026-09-30 13:13,MANIPALHOS,Manipal Health Enterprises Limited,708.3,-5.28,2679479.0,1230826.0,2.18,815.0,625.45,-13.09,13.25,815.0,625.45,,,,,41.0,
2026-09-30 13:13,MANKIND,Mankind Pharma Limited,2503.8,-1.62,1311237.0,521289.0,2.52,2642.0,2222.0,-5.23,12.68,2642.0,1909.7,2412.24,2296.09,Yes,9.91,251.0,69
2026-09-30 13:13,MANOMAY,Manomay Tex India Limited,240.66,1.78,488051.0,213232.0,2.29,244.9,165.0,-1.73,45.85,259.88,160.25,220.85,208.78,Yes,22.37,249.0,81
2026-09-30 13:13,MANORAMA,Manorama Industries Limited,1852.8,-0.57,123908.0,218859.0,0.57,2149.5,1287.4,-13.8,43.92,2149.5,1060.6,1834.27,1513.65,Yes,31.24,252.0,87
2026-09-30 13:13,MANORG,Mangalam Organics Limited,452.25,1.02,6490.0,10105.0,0.64,619.05,429.1,-26.94,5.4,635.0,356.25,477.0,480.07,No,-5.13,250.0,43
2026-09-30 13:13,MANYAVAR,Vedant Fashions Limited,535.1,0.64,127982.0,363341.0,0.35,604.0,381.85,-11.41,40.13,705.0,329.2,522.34,462.09,Yes,26.17,251.0,84
2026-09-30 13:13,MAPMYINDIA,C.E. Info Systems Limited,858.1,1.53,121081.0,196487.0,0.62,1231.95,805.0,-30.35,6.6,1998.0,795.0,991.47,1076.29,No,-17.11,251.0,15
2026-09-30 13:13,MARALOVER,Maral Overseas Limited,60.31,-1.28,23420.0,43848.0,0.53,68.89,50.05,-12.45,20.5,68.89,34.11,57.37,49.92,Yes,31.6,249.0,87
2026-09-30 13:13,MARATHON,Marathon Nextgen Realty Limited,389.15,1.1,29472.0,114649.0,0.26,500.0,344.05,-22.17,13.11,678.05,344.05,401.8,443.58,No,-13.56,252.0,23
2026-09-30 13:13,MARICO,Marico Limited,786.0,-0.15,2455224.0,1523472.0,1.61,889.1,786.0,-11.6,0.0,889.1,697.6,837.59,799.13,No,-0.77,252.0,53
2026-09-30 13:13,MARINE,Marine Electricals (India) Limited,429.55,-1.99,1225596.0,1947717.0,0.63,450.0,208.21,-4.54,106.31,450.0,150.86,369.1,254.13,Yes,87.49,252.0,98
2026-09-30 13:13,MARKOLINES,Markolines Pavement Technologies Limited,167.72,-0.06,468670.0,238591.0,1.96,191.75,157.69,-12.53,6.36,191.75,131.65,173.34,162.39,Yes,-1.07,240.0,52
2026-09-30 13:13,MARKSANS,Marksans Pharma Limited,322.3,-5.97,3251908.0,2286225.0,1.42,350.95,197.41,-8.16,63.26,350.95,155.0,309.48,228.55,Yes,54.09,252.0,94
2026-09-30 13:13,MARSONS,Marsons Limited,115.44,-2.14,1065686.0,3047974.0,0.35,157.99,100.25,-26.93,15.15,175.4,100.25,117.88,,,-4.84,140.0,44
2026-09-30 13:13,MARUTI,Maruti Suzuki India Limited,11967.0,0.76,430265.0,354405.0,1.21,14598.0,11831.0,-18.02,1.15,17370.0,11831.0,13176.92,13940.0,No,-16.85,252.0,15
2026-09-30 13:13,MASFIN,MAS Financial Services Limited,282.7,0.46,197754.0,215875.0,0.92,334.0,273.15,-15.36,3.5,358.85,273.15,299.13,311.79,No,-10.96,252.0,29
2026-09-30 13:13,MASKINVEST,Mask Investments Limited,150.95,2.56,468.0,345.0,1.35,165.9,137.0,-9.01,10.18,246.09,114.94,147.9,146.96,Yes,4.93,249.0,62
2026-09-30 13:13,MASTEK,Mastek Limited,1562.8,2.59,139738.0,101803.0,1.37,1945.7,1507.0,-19.68,3.7,2369.0,1334.2,1717.25,1737.6,No,-6.53,252.0,40
2026-09-30 13:13,MASTERTR,Master Trust Limited,82.14,-1.17,223611.0,1003447.0,0.22,106.67,70.25,-23.0,16.93,164.5,55.6,83.9,86.9,No,-1.12,251.0,52
2026-09-30 13:13,MATRIMONY,Matrimony.Com Limited,523.8,0.88,4149.0,13374.0,0.31,561.95,385.2,-6.79,35.98,573.0,364.05,503.95,468.1,Yes,18.05,250.0,77
2026-09-30 13:13,MAWANASUG,Mawana Sugars Limited,145.01,-0.03,253260.0,356592.0,0.71,164.0,95.55,-11.58,51.76,164.0,75.08,129.56,103.1,Yes,45.21,252.0,92
2026-09-30 13:13,MAXESTATES,Max Estates Limited,587.1,3.14,107795.0,194895.0,0.55,652.8,378.0,-10.06,55.32,652.8,305.45,497.48,432.88,Yes,47.33,250.0,93
2026-09-30 13:13,MAXHEALTH,Max Healthcare Institute Limited,929.8,-5.33,13815752.0,2482541.0,5.57,1167.9,907.7,-20.39,2.43,1221.9,903.0,1035.12,1033.3,No,-12.5,252.0,26
2026-09-30 13:13,MAXIND,Max India Limited,160.83,0.37,111085.0,72967.0,1.52,189.13,135.3,-14.96,18.87,228.8,120.0,157.08,160.51,Yes,0.79,249.0,56
2026-09-30 13:13,MAYURUNIQ,Mayur Uniquoters Ltd,734.35,0.98,148388.0,107449.0,1.38,907.0,594.45,-19.04,23.53,907.0,471.2,752.77,649.72,Yes,13.54,250.0,73
2026-09-30 13:13,MAZDOCK,Mazagon Dock Shipbuilders Limited,2113.0,1.24,510175.0,589357.0,0.87,2656.8,2081.1,-20.47,1.53,2929.7,2057.4,2402.66,2435.4,No,-14.42,252.0,21
2026-09-30 13:13,MBAPL,Madhya Bharat Agro Products Limited,170.63,2.27,1416807.0,990751.0,1.43,174.94,104.09,-2.46,63.93,174.94,76.56,162.85,116.14,Yes,58.94,252.0,95
2026-09-30 13:13,MBEL,M & B Engineering Limited,249.0,-0.99,53598.0,128494.0,0.42,344.6,245.8,-27.74,1.3,535.9,223.05,272.22,307.02,No,-24.19,252.0,5
2026-09-30 13:13,MBLINFRA,MBL Infrastructure Limited,22.85,4.96,53197.0,46739.0,1.14,32.53,20.5,-29.76,11.46,45.6,18.37,23.63,25.93,No,-13.38,250.0,23
2026-09-30 13:13,MCCHRLS-B,Mac Charles India Limited,689.85,-0.79,68.0,2110.0,0.03,799.0,610.5,-13.66,13.0,799.0,610.5,,,,,31.0,
2026-09-30 13:13,MCL,M TEK COPPER LIMITED,56.74,-1.56,56806.0,74936.0,0.76,64.75,51.15,-12.37,10.93,93.2,42.0,57.11,62.09,No,-1.66,250.0,51
2026-09-30 13:13,MCLEODRUSS,Mcleod Russel India Limited,44.74,2.71,623717.0,294565.0,2.12,78.41,40.36,-42.94,10.85,78.41,28.5,47.51,50.13,No,-4.19,250.0,46
2026-09-30 13:13,MCLOUD,Magellanic Cloud Limited,25.06,-0.24,2323992.0,1558799.0,1.49,34.55,21.85,-27.47,14.69,78.19,19.4,27.27,26.06,No,-8.42,252.0,35
2026-09-30 13:13,MCX,Multi Commodity Exchange of India Limited,3300.4,2.12,2066602.0,1859850.0,1.11,3481.4,2565.5,-5.2,28.65,3481.4,1596.0,3082.31,2758.53,Yes,28.06,252.0,85
2026-09-30 13:13,MEDANTA,Global Health Limited,1365.0,-3.54,457700.0,258969.0,1.77,1544.0,1153.0,-11.59,18.39,1544.0,956.0,1436.07,1235.44,Yes,14.81,250.0,74
2026-09-30 13:13,MEDIASSIST,Medi Assist Healthcare Services Limited,302.25,-1.45,211782.0,268399.0,0.79,406.45,301.1,-25.64,0.38,575.55,293.0,338.9,369.08,No,-18.81,251.0,11
2026-09-30 13:13,MEDICO,Medico Remedies Limited,21.53,-1.42,1169517.0,868127.0,1.35,51.49,20.47,-58.19,5.18,56.88,20.47,39.94,43.01,No,-49.06,250.0,1
2026-09-30 13:13,MEDPLUS,Medplus Health Services Limited,654.9,0.14,70747.0,98892.0,0.72,1022.2,645.0,-35.93,1.53,1022.2,645.0,674.99,801.7,No,-20.39,250.0,9
2026-09-30 13:13,MEESHO,Meesho Limited,227.75,2.03,15532420.0,25538485.0,0.61,244.74,160.52,-6.94,41.88,254.4,125.56,204.36,180.72,Yes,30.44,204.0,86
2026-09-30 13:13,MEGASTAR,Megastar Foods Limited,249.05,-1.62,3858.0,7535.0,0.51,392.0,235.0,-36.47,5.98,392.0,203.0,304.31,281.87,No,-16.44,250.0,16
2026-09-30 13:13,MEIL,Mangal Electrical Industries Limited,264.85,-0.58,18704.0,43336.0,0.43,336.0,258.0,-21.18,2.66,495.0,206.26,278.77,293.64,No,-9.4,250.0,32
2026-09-30 13:13,MENONBE,Menon Bearings Limited,296.2,1.75,70077.0,76415.0,0.92,330.0,134.5,-10.24,120.22,330.0,101.5,269.17,167.75,Yes,130.81,251.0,99
2026-09-30 13:13,MERCANTILE,Mercantile Ventures Limited,22.99,3.84,3619.0,134549.0,0.03,29.37,21.0,-21.72,9.48,29.37,21.0,,,,,30.0,
2026-09-30 13:13,MERCURYEV,Mercury Ev-Tech Limited,38.17,-1.34,65295.0,967508.0,0.07,44.05,30.16,-13.35,26.56,44.05,30.16,37.61,,,,87.0,
2026-09-30 13:13,METROBRAND,Metro Brands Limited,841.75,-3.49,53569.0,104292.0,0.51,1128.1,832.0,-25.38,1.17,1308.8,832.0,948.05,1018.84,No,-18.74,250.0,11
2026-09-30 13:13,METROGLOBL,Metroglobal Limited,133.9,1.52,513.0,1070.0,0.48,165.0,118.66,-18.85,12.84,165.0,110.0,135.43,,,,114.0,
2026-09-30 13:13,METROPOLIS,Metropolis Healthcare Limited,541.7,-3.66,571849.0,212203.0,2.69,609.05,495.7,-11.06,9.28,609.05,412.25,575.36,516.65,Yes,8.24,252.0,67
2026-09-30 13:13,MFML,Mahalaxmi Fabric Mills Limited,18.63,0.92,14159.0,5598.0,2.53,26.95,16.75,-30.87,11.22,31.89,16.75,18.86,22.42,No,-14.59,249.0,20
2026-09-30 13:13,MFSL,Max Financial Services Limited,1373.4,-1.36,931002.0,1280580.0,0.73,1748.0,1344.3,-21.43,2.16,1892.5,1344.3,1518.2,1619.56,No,-13.54,252.0,23
2026-09-30 13:13,MGEL,Mangalam Global Enterprise Limited,15.89,-1.37,235063.0,2088541.0,0.11,17.39,12.42,-8.63,27.94,18.17,9.53,15.25,13.97,Yes,10.66,251.0,70
2026-09-30 13:13,MGL,Mahanagar Gas Limited,1058.0,0.71,217102.0,131833.0,1.65,1252.0,1030.1,-15.5,2.71,1335.4,900.0,1096.74,1097.48,No,-1.58,251.0,51
2026-09-30 13:13,MHRIL,Mahindra Holidays & Resorts India Limited,194.25,-0.12,48564.0,119540.0,0.41,248.0,188.21,-21.67,3.21,353.7,188.21,211.94,249.08,No,-23.77,252.0,6
2026-09-30 13:13,MIDHANI,Mishra Dhatu Nigam Limited,437.65,4.43,1995330.0,3102267.0,0.64,482.4,378.0,-9.28,15.78,482.4,266.65,419.79,383.92,Yes,18.72,252.0,78
2026-09-30 13:13,MIDWESTLTD,Midwest Limited,895.0,2.05,74483.0,34174.0,2.18,1405.0,869.0,-36.3,2.99,1859.9,869.0,1094.34,1284.42,No,-34.94,235.0,2
2026-09-30 13:13,MIIL,Meghna Infracon Infrastructure Limited,682.05,-1.44,86940.0,80274.0,1.08,742.9,640.5,-8.19,6.49,742.9,640.5,,,,,32.0,
2026-09-30 13:13,MINDACORP,Minda Corporation Limited,692.85,2.99,254940.0,156057.0,1.63,769.0,502.0,-9.9,38.02,769.0,468.5,703.77,610.97,Yes,14.35,251.0,74
2026-09-30 13:13,MINDTECK,Mindteck (India) Limited,153.15,-0.12,15052.0,24140.0,0.62,231.2,150.8,-33.76,1.56,307.68,145.13,173.31,196.47,No,-21.44,251.0,8
2026-09-30 13:13,MIRZAINT,Mirza International Limited,27.94,-0.53,82196.0,102330.0,0.8,41.9,27.9,-33.32,0.14,43.3,24.95,31.54,33.23,No,-16.02,251.0,17
2026-09-30 13:13,MITCON,MITCON Consultancy & Engineering Services Limited,82.95,0.35,7346.0,31732.0,0.23,92.84,69.0,-10.65,20.22,92.84,49.56,78.65,71.87,Yes,17.93,249.0,77
2026-09-30 13:13,MITTAL,Mittal Life Style Limited,0.72,0.0,528176.0,2484941.0,0.21,1.21,0.7,-40.5,2.86,1.62,0.7,0.85,0.95,No,-26.68,251.0,4
2026-09-30 13:13,MKEXIM,M.K. Exim (India) Limited,66.84,0.18,6147.0,17674.0,0.35,72.0,52.0,-7.17,28.54,72.0,52.0,,,,,32.0,
2026-09-30 13:13,MKPL,M K Proteins Limited,3.99,1.79,69786.0,89801.0,0.78,5.39,3.68,-25.97,8.42,7.49,3.56,4.1,4.91,No,-18.62,250.0,12
2026-09-30 13:13,MLKFOOD,Milkfood Limited,83.36,-1.04,6097.0,4077.0,1.5,93.0,71.02,-10.37,17.38,93.0,71.02,,,,,31.0,
2026-09-30 13:13,MMFL,MM Forgings Limited,598.6,-2.27,61917.0,94217.0,0.66,687.95,431.1,-12.99,38.85,687.95,288.1,611.13,487.16,Yes,39.97,251.0,90
2026-09-30 13:13,MMP,MMP Industries Limited,474.85,6.1,139818.0,115920.0,1.21,498.0,250.3,-4.65,89.71,498.0,185.2,385.54,288.17,Yes,92.03,249.0,99
2026-09-30 13:13,MMTC,MMTC Limited,56.91,0.26,1298418.0,1348750.0,0.96,78.35,55.72,-27.36,2.14,78.35,50.1,62.14,63.37,No,-11.2,252.0,28
2026-09-30 13:13,MMWL,Media Matrix Worldwide Limited,14.82,4.96,28234.0,36966.0,0.76,16.57,12.13,-10.56,22.18,16.57,9.02,14.39,,,,115.0,
2026-09-30 13:13,MOBIKWIK,One Mobikwik Systems Limited,196.32,0.71,603025.0,2818016.0,0.21,238.8,182.5,-17.79,7.57,296.7,151.46,200.19,203.77,No,-1.88,252.0,50
2026-09-30 13:13,MODINATUR,Modi Naturals Limited,336.0,-1.07,2947.0,5538.0,0.53,524.8,315.0,-35.98,6.67,524.8,252.3,366.78,367.61,No,-12.4,200.0,26
2026-09-30 13:13,MODIRUBBER,Modi Rubber Limited,120.21,-1.38,987.0,2645.0,0.37,145.0,111.0,-17.1,8.3,167.5,98.41,124.19,124.73,No,-8.94,250.0,33
2026-09-30 13:13,MODIS,Modis Navnirman Limited,372.35,1.42,42478.0,29169.0,1.46,429.05,321.1,-13.22,15.96,429.05,276.0,382.56,346.9,Yes,14.4,220.0,74
2026-09-30 13:13,MODTHREAD,Modern Threads (India) Limited,48.64,3.07,54.0,5184.0,0.01,65.65,42.0,-25.91,15.81,65.65,35.61,50.71,46.59,Yes,5.23,250.0,63
2026-09-30 13:13,MOHITE,Mohite Industries Limited,2.52,-0.4,151942.0,83672.0,1.82,3.3,2.21,-23.64,14.03,3.3,2.21,,,,,31.0,
2026-09-30 13:13,MOHITIND,Mohit Industries Limited,22.67,-1.31,14977.0,9713.0,1.54,29.79,20.7,-23.9,9.52,34.8,18.6,23.82,24.2,No,-4.6,249.0,44
2026-09-30 13:13,MOIL,MOIL Limited,237.76,-2.54,391234.0,518429.0,0.75,321.5,234.06,-26.05,1.58,404.9,234.06,259.09,295.98,No,-21.89,252.0,7
2026-09-30 13:13,MOKSH,Moksh Ornaments Limited,9.51,-0.94,34960.0,117880.0,0.3,13.25,9.42,-28.23,0.96,16.65,8.11,10.3,12.0,No,-17.47,249.0,14
2026-09-30 13:13,MOL,Meghmani Organics Limited,56.31,-1.68,370217.0,959986.0,0.39,68.8,45.66,-18.15,23.32,85.35,36.5,59.84,54.12,Yes,11.28,252.0,71
2026-09-30 13:13,MOLBIO,Molbio Diagnostics Limited,1308.9,4.24,3129217.0,3674892.0,0.85,1686.8,926.35,-22.4,41.3,1686.8,926.35,,,,,33.0,
2026-09-30 13:13,MOLDTKPAC,Mold-Tek Packaging Limited,660.6,2.75,39184.0,38924.0,1.01,744.95,633.0,-11.32,4.36,815.0,464.9,682.4,623.97,Yes,3.15,251.0,60
2026-09-30 13:13,MOMSBELIEF,Rays of Belief Limited,234.64,-8.33,300079.0,329182.0,0.91,267.61,208.03,-12.32,12.79,267.61,208.03,,,,,15.0,
2026-09-30 13:13,MONARCH,Monarch Networth Capital Limited,337.85,-1.52,30720.0,98598.0,0.31,406.95,291.5,-16.98,15.9,406.95,235.45,376.69,323.78,Yes,7.03,251.0,65
2026-09-30 13:13,MONEYBOXX,Moneyboxx Finance Limited,52.28,2.35,31574.0,154692.0,0.2,75.99,35.85,-31.2,45.83,91.5,35.85,55.34,62.94,No,-16.18,240.0,16
2026-09-30 13:13,MONTECARLO,Monte Carlo Fashions Limited,527.45,2.07,39094.0,61545.0,0.64,613.6,494.95,-14.04,6.57,860.95,464.0,534.99,560.86,No,-7.75,250.0,37
2026-09-30 13:13,MOREPENLAB,Morepen Laboratories Limited,125.99,6.05,26167274.0,17365563.0,1.51,128.1,39.69,-1.65,217.44,128.1,33.05,95.55,56.62,Yes,165.3,252.0,99
2026-09-30 13:13,MOSCHIP,Moschip Technologies Limited,201.25,1.4,1416365.0,1312019.0,1.08,255.78,195.02,-21.32,3.19,288.45,146.8,209.16,202.17,No,-0.51,252.0,53
2026-09-30 13:13,MOTHERSON,Samvardhana Motherson International Limited,163.26,2.96,15307867.0,10676447.0,1.43,173.27,125.15,-5.78,30.45,173.27,101.01,161.68,136.29,Yes,27.53,252.0,84
2026-09-30 13:13,MOTILALOFS,Motilal Oswal Financial Services Limited,994.0,-0.22,766731.0,769655.0,1.0,1060.2,812.25,-6.24,22.38,1097.1,614.9,964.25,859.11,Yes,15.62,252.0,75
2026-09-30 13:13,MOTISONS,Motisons Jewellers Limited,18.0,2.16,39385566.0,69170316.0,0.57,19.78,11.25,-9.0,60.0,19.78,10.62,15.98,14.18,Yes,29.35,252.0,86
2026-09-30 13:13,MOTOGENFIN,The Motor & General Finance Limited,25.5,-0.27,7018.0,76146.0,0.09,34.4,22.7,-25.87,12.33,34.4,17.5,26.58,24.8,Yes,2.55,251.0,59
2026-09-30 13:13,MPHASIS,MphasiS Limited,2154.4,0.0,701400.0,359313.0,1.95,2556.9,2063.6,-15.74,4.4,2975.0,2013.0,2377.63,2400.93,No,-9.7,252.0,31
2026-09-30 13:13,MPIMANIPAL,Manipal Payment and Identity Solutions Limited,409.15,-1.98,3224614.0,4272222.0,0.75,458.0,315.65,-10.67,29.62,458.0,315.65,,,,,10.0,
2026-09-30 13:13,MPSLTD,MPS Limited,2699.0,2.44,44086.0,14063.0,3.13,2979.0,1610.4,-9.4,67.6,2979.0,1336.1,2713.23,2007.86,Yes,45.61,250.0,92
2026-09-30 13:13,MRF,MRF Limited,125280.0,1.79,4133.0,3229.0,1.28,138990.0,122000.0,-9.86,2.69,163600.0,122000.0,130309.4,134539.7,No,-8.1,251.0,36
2026-09-30 13:13,MRPL,Mangalore Refinery and Petrochemicals Limited,169.29,-1.37,30852116.0,11530339.0,2.68,191.9,143.12,-11.78,18.29,212.31,132.15,171.08,167.8,Yes,7.85,252.0,67
2026-09-30 13:13,MSL,Mangalam Seeds Limited,137.4,1.03,34.0,467.0,0.07,160.0,120.0,-14.13,14.5,160.0,120.0,,,,,31.0,
2026-09-30 13:13,MSPL,MSP Steel & Power Limited,33.0,-1.64,2551353.0,799659.0,3.19,46.12,31.8,-28.45,3.77,46.12,26.25,34.69,35.62,No,-12.28,250.0,26
2026-09-30 13:13,MSTCLTD,Mstc Limited,714.75,0.24,219384.0,287908.0,0.76,805.0,411.0,-11.21,73.91,805.0,362.15,683.98,542.7,Yes,28.59,252.0,85
2026-09-30 13:13,MSUMI,Motherson Sumi Wiring India Limited,34.07,-0.84,6239946.0,10870019.0,0.57,42.22,33.81,-19.3,0.77,53.59,33.81,38.06,40.58,No,-18.03,252.0,13
2026-09-30 13:13,MTNL,Mahanagar Telephone Nigam Limited,22.97,-0.91,375731.0,671043.0,0.56,33.25,22.57,-30.92,1.77,44.67,21.26,25.98,29.35,No,-23.35,252.0,6
2026-09-30 13:13,MUFIN,Mufin Green Finance Limited,131.51,-0.48,549740.0,657820.0,0.84,141.5,111.13,-7.06,18.34,141.5,85.13,133.85,121.04,Yes,9.92,252.0,69
2026-09-30 13:13,MUFTI,Credo Brands Marketing Limited,72.31,4.37,122548.0,75015.0,1.63,94.4,68.51,-23.4,5.55,116.82,63.06,77.06,84.0,No,-16.18,251.0,16
2026-09-30 13:13,MUKANDLTD,Mukand Limited,180.13,4.43,1437773.0,494101.0,2.91,184.8,129.01,-2.53,39.62,184.8,114.31,141.42,134.96,Yes,36.27,252.0,89
2026-09-30 13:13,MUKESHB,Mukesh Babu Financial Services Limited,126.0,-0.79,56.0,440.0,0.13,147.0,125.0,-14.29,0.8,147.0,125.0,,,,,31.0,
2026-09-30 13:13,MUKTAARTS,Mukta Arts Limited,57.09,0.92,4149.0,4533.0,0.92,69.19,49.0,-17.49,16.51,72.7,37.01,57.04,56.62,Yes,6.84,250.0,65
2026-09-30 13:13,MUNJALAU,Munjal Auto Industries Limited,112.86,5.99,9221059.0,767577.0,12.01,130.6,85.22,-13.58,32.43,130.6,67.2,108.51,90.3,Yes,31.84,251.0,87
2026-09-30 13:13,MUNJALSHOW,Munjal Showa Limited,126.44,0.09,28496.0,33949.0,0.84,147.1,122.25,-14.04,3.43,147.1,110.3,132.06,128.53,No,0.52,252.0,55
2026-09-30 13:13,MURUDCERA,Murudeshwar Ceramics Limited,28.51,1.82,17394.0,17771.0,0.98,36.0,27.5,-20.81,3.67,46.0,25.16,30.05,31.82,No,-8.52,251.0,35
2026-09-30 13:13,MUTHOOTCAP,Muthoot Capital Services Limited,218.9,0.84,5699.0,11028.0,0.52,269.0,190.62,-18.62,14.84,303.0,175.25,238.17,225.81,No,1.17,250.0,57
2026-09-30 13:13,MUTHOOTFIN,Muthoot Finance Limited,2737.1,0.01,459304.0,597837.0,0.77,3587.0,2671.0,-23.69,2.47,4149.5,2671.0,2913.72,3307.11,No,-16.45,252.0,16
2026-09-30 13:13,MUTHOOTMF,Muthoot Microfin Limited,178.4,0.43,99224.0,188770.0,0.53,262.77,171.8,-32.11,3.84,262.77,141.2,209.39,191.26,No,-4.39,251.0,45
2026-09-30 13:13,MVELECTRO,MV Electrosystems Limited,818.15,-2.37,433510.0,4925805.0,0.09,948.0,516.55,-13.7,58.39,948.0,516.55,,,,,40.0,
2026-09-30 13:13,MVGJL,Manoj Vaibhav Gems N Jewellers Limited,207.16,-2.56,143536.0,817560.0,0.18,233.99,141.35,-11.47,46.56,233.99,129.1,179.0,167.18,Yes,32.27,250.0,87
2026-09-30 13:13,MWL,Mangalam Worldwide Limited,43.38,-0.05,283085.0,2078825.0,0.14,48.0,33.16,-9.62,30.82,48.0,20.0,40.19,33.37,Yes,38.39,252.0,90
2026-09-30 13:13,NACLIND,NACL Industries Limited,132.86,0.31,449679.0,543555.0,0.83,245.0,129.75,-45.77,2.4,245.0,112.62,166.92,164.92,No,-26.4,252.0,4
2026-09-30 13:13,NAGREEKCAP,Nagreeka Capital & Infrastructure Limited,26.03,-0.08,3598.0,29607.0,0.12,31.35,21.81,-16.97,19.35,42.75,19.3,24.27,26.17,No,4.71,250.0,62
2026-09-30 13:13,NAGREEKEXP,Nagreeka Exports Limited,21.7,-1.77,10252.0,61858.0,0.17,29.95,20.1,-27.55,7.96,35.9,17.5,22.46,24.71,No,-10.19,249.0,30
2026-09-30 13:13,NAHARCAP,Nahar Capital and Financial Services Limited,244.9,3.07,3816.0,3134.0,1.22,293.0,230.0,-16.42,6.48,307.0,191.0,254.9,247.12,No,2.32,249.0,59
2026-09-30 13:13,NAHARINDUS,Nahar Industrial Enterprises Limited,130.13,-0.03,13521.0,21173.0,0.64,154.0,106.95,-15.5,21.67,154.0,83.05,127.61,112.31,Yes,18.93,251.0,78
2026-09-30 13:13,NAHARPOLY,Nahar Poly Films Limited,225.27,-2.17,3942.0,6394.0,0.62,289.5,219.2,-22.19,2.77,338.8,200.0,244.66,244.87,No,-8.22,250.0,35
2026-09-30 13:13,NAHARSPING,Nahar Spinning Mills Limited,260.05,-0.65,15466.0,28033.0,0.55,349.0,243.05,-25.49,6.99,349.0,149.2,287.73,240.75,Yes,13.79,250.0,73
2026-09-30 13:13,NAM-INDIA,Nippon Life India Asset Management Limited,1070.0,0.19,728354.0,973647.0,0.75,1269.5,1037.9,-15.71,3.09,1269.5,795.8,1170.26,1034.75,Yes,6.19,252.0,64
2026-09-30 13:13,NARMADA,Narmada Agrobase Limited,12.71,-0.31,465582.0,484121.0,0.96,22.58,12.6,-43.72,0.87,22.58,9.95,14.57,15.86,No,-13.51,251.0,23
2026-09-30 13:13,NATCOPHARM,Natco Pharma Limited,827.5,-1.85,614800.0,436758.0,1.41,1225.0,801.0,-32.45,3.31,1226.8,792.05,869.39,943.04,No,-12.56,252.0,25
2026-09-30 13:13,NATHBIOGEN,Nath Bio-Genes (India) Limited,142.81,0.41,2506.0,25963.0,0.1,180.69,141.0,-20.96,1.28,204.0,126.15,154.1,156.67,No,-7.6,250.0,37
2026-09-30 13:13,NATIONALUM,National Aluminium Company Limited,340.95,-1.64,5108373.0,4492123.0,1.14,444.5,331.4,-23.3,2.88,445.15,214.5,370.11,372.85,No,-2.94,252.0,48
2026-09-30 13:13,NATIONSTD,National Standard (India) Limited,113.87,-0.58,6077.0,21953.0,0.28,148.1,98.27,-23.11,15.87,148.1,98.27,,,,,32.0,
2026-09-30 13:13,NAUKRI,Info Edge (India) Limited,1219.5,-2.05,1589023.0,1308889.0,1.21,1391.0,908.3,-12.33,34.26,1419.9,908.3,1285.31,1143.7,Yes,12.94,251.0,73
2026-09-30 13:13,NAVA,NAVA LIMITED,559.35,2.45,374333.0,242666.0,1.54,724.0,533.9,-22.74,4.77,739.4,501.65,561.18,586.52,No,-5.61,252.0,42
2026-09-30 13:13,NAVINFLUOR,Navin Fluorine International Limited,8245.0,0.13,161179.0,119218.0,1.35,8949.5,6786.0,-7.87,21.5,8949.5,4514.5,8252.84,7026.19,Yes,23.45,251.0,82
2026-09-30 13:13,NAVKARCORP,Navkar Corporation Limited,84.88,-1.99,591235.0,463386.0,1.28,120.95,84.11,-29.82,0.92,131.36,74.05,96.01,97.67,No,-15.74,252.0,18
2026-09-30 13:13,NAVKARURB,Navkar Urbanstructure Limited,0.86,0.0,1280895.0,859357.0,1.49,1.21,0.78,-28.93,10.26,2.58,0.7,0.95,1.06,No,-11.33,250.0,28
2026-09-30 13:13,NAVNETEDUL,Navneet Education Limited,122.52,0.91,77676.0,101973.0,0.76,156.0,120.35,-21.46,1.8,166.0,120.35,131.62,140.62,No,-13.87,251.0,22
2026-09-30 13:13,NAZARA,Nazara Technologies Limited,392.85,1.15,2087288.0,1388104.0,1.5,401.9,262.0,-2.25,49.94,401.9,215.7,355.58,292.67,Yes,42.58,252.0,91
2026-09-30 13:13,NBCC,NBCC (India) Limited,78.5,0.63,6025679.0,4619548.0,1.3,114.29,78.01,-31.32,0.63,125.85,77.18,87.94,96.02,No,-22.27,252.0,7
2026-09-30 13:13,NBIFIN,N. B. I. Industrial Finance Company Limited,1897.5,1.11,352.0,3564.0,0.1,2453.0,1607.0,-22.65,18.08,2991.0,1539.0,2041.09,1997.11,No,-0.23,250.0,54
2026-09-30 13:13,NCC,NCC Limited,128.88,0.48,2663493.0,3384225.0,0.79,164.65,126.65,-21.72,1.76,217.25,126.65,141.55,148.8,No,-14.1,252.0,21
2026-09-30 13:13,NCLIND,NCL Industries Limited,174.18,-1.52,23622.0,33587.0,0.7,200.0,163.01,-12.91,6.85,214.8,147.5,176.95,182.47,No,-6.08,250.0,41
2026-09-30 13:13,NDGL,Naga Dhunseri Group Limited,2484.0,0.24,281.0,194.0,1.44,3200.0,2400.0,-22.38,3.5,4050.0,2100.0,2718.86,2654.17,No,-5.67,249.0,42
2026-09-30 13:13,NDL,Nandan Denim Limited,2.61,-0.38,635500.0,1021911.0,0.62,3.2,2.24,-18.44,16.52,3.48,1.8,2.62,2.66,No,1.02,252.0,56
2026-09-30 13:13,NDLVENTURE,NDL Ventures Limited,123.95,2.02,11452.0,15033.0,0.76,139.98,113.95,-11.45,8.78,140.0,80.0,123.76,116.47,Yes,7.09,250.0,66
2026-09-30 13:13,NDRAUTO,Ndr Auto Components Limited,717.7,-3.0,7469.0,21000.0,0.36,930.95,653.3,-22.91,9.86,1080.4,605.05,763.42,770.29,No,-10.4,250.0,30
2026-09-30 13:13,NDTV,New Delhi Television Limited,69.14,0.12,38185.0,65949.0,0.58,91.0,68.16,-24.02,1.44,117.8,58.75,73.85,79.81,No,-14.77,252.0,20
2026-09-30 13:13,NEAGI,Neelamalai Agro Industries Limited,3483.5,2.46,2.0,15.0,0.13,3600.0,3256.0,-3.24,6.99,3600.0,3256.0,,,,,30.0,
2026-09-30 13:13,NECLIFE,Nectar Lifesciences Limited,10.5,-1.96,126810.0,130936.0,0.97,13.5,9.98,-22.22,5.21,22.4,9.3,11.12,12.66,No,-15.57,252.0,18
2026-09-30 13:13,NELCAST,Nelcast Limited,123.4,3.76,394628.0,171957.0,2.29,158.68,102.32,-22.23,20.6,173.2,85.98,117.33,122.24,Yes,-3.36,250.0,47
2026-09-30 13:13,NELCO,NELCO Limited,914.5,-0.85,111952.0,333121.0,0.34,1120.0,640.9,-18.35,42.69,1120.0,500.1,959.95,767.27,Yes,18.08,252.0,77
2026-09-30 13:13,NEOGEN,Neogen Chemicals Limited,2451.6,0.67,146996.0,225178.0,0.65,2499.7,1547.0,-1.92,58.47,2499.7,966.7,2213.91,1708.03,Yes,65.24,252.0,96
2026-09-30 13:13,NEPHROPLUS,Nephrocare Health Services Limited,659.75,-0.55,391731.0,715142.0,0.55,781.5,572.1,-15.58,15.32,781.5,446.0,703.84,,,15.8,198.0,75
2026-09-30 13:13,NESCO,Nesco Limited,1046.9,0.62,24923.0,59879.0,0.42,1283.0,1001.6,-18.4,4.52,1422.8,996.0,1058.36,1129.29,No,-7.25,250.0,38
2026-09-30 13:13,NESTLEIND,Nestle India Limited,1310.0,-2.65,1278027.0,1060377.0,1.21,1553.0,1310.0,-15.65,0.0,1553.0,1154.4,1441.06,1364.82,No,-2.77,252.0,48
2026-09-30 13:13,NETWEB,Netweb Technologies India Limited,4548.0,-1.41,586364.0,1081536.0,0.54,5813.0,3671.1,-21.76,23.89,5813.0,2920.0,4880.14,4029.29,Yes,23.16,252.0,82
2026-09-30 13:13,NETWORK18,Network18 Media & Investments Limited,25.87,-0.04,2297703.0,3269538.0,0.7,35.13,25.28,-26.36,2.33,53.24,25.28,28.19,33.12,No,-24.53,252.0,5
2026-09-30 13:13,NEULANDLAB,Neuland Laboratories Limited,21350.0,-0.12,51259.0,45050.0,1.14,24225.0,15900.0,-11.87,34.28,24225.0,11500.0,22107.86,16976.97,Yes,31.89,252.0,87
2026-09-30 13:13,NEWGEN,Newgen Software Technologies Limited,467.85,-1.09,443355.0,705310.0,0.63,607.0,432.9,-22.92,8.07,1041.95,401.05,521.39,538.76,No,-11.21,252.0,28
2026-09-30 13:13,NEXTMEDIA,Next Mediaworks Limited,3.73,0.81,7958.0,26179.0,0.3,5.52,3.16,-32.43,18.04,8.48,3.16,3.9,4.55,No,-14.31,250.0,21
2026-09-30 13:13,NFL,National Fertilizers Limited,65.2,0.63,682231.0,469464.0,1.45,79.95,63.7,-18.45,2.35,98.3,63.35,69.89,75.49,No,-15.81,252.0,17
2026-09-30 13:13,NGIL,Nakoda Group of Industries Limited,39.11,-1.54,36513.0,32907.0,1.11,43.89,31.57,-10.89,23.88,43.89,22.01,39.0,34.17,Yes,17.69,250.0,77
2026-09-30 13:13,NGLFINE,NGL Fine-Chem Limited,2909.5,1.34,4054.0,12236.0,0.33,3602.0,2106.1,-19.23,38.15,3602.0,1271.0,3005.2,2463.69,Yes,38.24,251.0,90
2026-09-30 13:13,NH,Narayana Hrudayalaya Ltd.,1791.4,0.08,340987.0,210793.0,1.62,2092.9,1730.1,-14.41,3.54,2093.3,1589.0,1893.66,1855.45,No,-5.04,252.0,44
2026-09-30 13:13,NHPC,NHPC Limited,72.81,-0.7,7844618.0,9524977.0,0.82,83.0,71.62,-12.28,1.66,88.12,71.62,76.75,77.79,No,-7.92,252.0,36
2026-09-30 13:13,NIACL,The New India Assurance Company Limited,167.02,-0.75,1160079.0,11798702.0,0.1,242.6,145.5,-31.15,14.79,242.6,116.97,184.7,163.55,Yes,5.43,252.0,64
2026-09-30 13:13,NIBE,NIBE Limited,1236.4,-0.17,44658.0,54470.0,0.82,1848.0,979.0,-33.1,26.29,1848.0,809.6,1375.4,1249.26,No,-0.92,251.0,53
2026-09-30 13:13,NIBL,NRB Industrial Bearings Limited,31.85,1.05,5959.0,41314.0,0.14,38.1,28.91,-16.4,10.17,40.8,25.3,32.63,31.33,Yes,1.9,252.0,58
2026-09-30 13:13,NICCOPAR,Nicco Parks & Resorts Limited,81.36,0.44,354.0,20917.0,0.02,98.99,72.0,-17.81,13.0,98.99,72.0,,,,,31.0,
2026-09-30 13:13,NIITLTD,NIIT Limited,86.17,-0.23,132517.0,191869.0,0.69,111.1,61.2,-22.44,40.8,111.1,49.0,94.66,83.12,Yes,1.81,252.0,58
2026-09-30 13:13,NIITMTS,NIIT Learning Systems Limited,204.51,-0.22,94103.0,194731.0,0.48,272.5,202.72,-24.95,0.88,443.9,202.72,229.97,289.69,No,-26.53,251.0,4
2026-09-30 13:13,NILAINFRA,Nila Infrastructures Limited,6.71,0.0,117718.0,182505.0,0.65,8.7,6.4,-22.87,4.84,11.2,5.9,6.99,7.85,No,-16.43,252.0,16
2026-09-30 13:13,NILASPACES,Nila Spaces Limited,11.19,0.27,471707.0,1406089.0,0.34,14.16,10.88,-20.97,2.85,19.97,10.88,12.21,13.28,No,-17.44,252.0,14
2026-09-30 13:13,NILE,Nile Limited,1219.5,-3.57,10791.0,3234.0,3.34,1560.1,1203.5,-21.83,1.33,1560.1,1203.5,,,,,32.0,
2026-09-30 13:13,NILKAMAL,Nilkamal Limited,1901.7,0.15,8647.0,23935.0,0.36,2149.5,1225.5,-11.53,55.18,2149.5,1050.5,1914.33,1474.68,Yes,48.79,249.0,93
2026-09-30 13:13,NIMBSPROJ,Nimbus Projects Limited,192.19,-0.99,34060.0,26217.0,1.3,231.23,141.04,-16.88,36.27,231.23,141.04,178.34,,,,125.0,
2026-09-30 13:13,NINSYS,NINtec Systems Limited,766.35,3.96,15354.0,4078.0,3.76,935.0,542.7,-18.04,41.21,935.0,281.05,739.42,565.36,Yes,40.39,250.0,91
2026-09-30 13:13,NIPPOBATRY,Indo-National Limited,327.4,1.46,1726.0,1966.0,0.88,408.65,312.95,-19.88,4.62,469.0,257.0,325.74,346.75,No,-4.58,250.0,44
2026-09-30 13:13,NIRAJ,Niraj Cement Structurals Limited,27.66,-2.47,63899.0,31542.0,2.03,35.0,25.7,-20.97,7.63,49.0,20.15,28.56,30.21,No,-8.18,251.0,36
2026-09-30 13:13,NIRLON,Nirlon Limited,605.0,-0.14,1909.0,6365.0,0.3,657.0,580.0,-7.91,4.31,657.0,543.0,621.08,,,,113.0,
2026-09-30 13:13,NITCO,Nitco Limited,88.12,1.58,905386.0,559285.0,1.62,119.4,82.6,-26.2,6.68,119.4,64.0,95.18,92.33,No,-15.31,251.0,19
2026-09-30 13:13,NITINSPIN,Nitin Spinners Limited,598.3,-1.3,46639.0,102743.0,0.45,665.5,479.95,-10.1,24.66,665.5,302.2,595.35,466.95,Yes,40.02,251.0,90
2026-09-30 13:13,NITIRAJ,Nitiraj Engineers Limited,209.26,-3.0,1020.0,5641.0,0.18,241.0,168.0,-13.17,24.56,241.0,168.0,215.08,201.09,Yes,8.54,249.0,67
2026-09-30 13:13,NITTAGELA,Nitta Gelatin India Limited,1678.6,-1.42,2312.0,4362.0,0.53,2087.2,1280.0,-19.58,31.14,2087.2,882.0,1684.69,,,,115.0,
2026-09-30 13:13,NIVABUPA,Niva Bupa Health Insurance Company Limited,74.81,2.09,3744154.0,1299245.0,2.88,91.4,71.98,-18.15,3.93,91.4,67.5,82.27,79.69,No,-6.06,251.0,41
2026-09-30 13:13,NKIND,NK Industries Limited,58.2,-6.11,317.0,778.0,0.41,70.0,49.66,-16.86,17.2,78.5,49.66,59.6,63.36,No,-7.63,249.0,37
2026-09-30 13:13,NLCINDIA,NLC India Limited,261.7,2.33,1940359.0,1480055.0,1.31,387.8,251.2,-32.52,4.18,387.8,230.0,276.42,284.98,No,-8.32,252.0,35
2026-09-30 13:13,NMDC,NMDC Limited,76.54,-0.6,15601089.0,11748317.0,1.33,97.49,76.02,-21.49,0.68,97.49,72.24,83.63,84.16,No,-8.67,252.0,34
2026-09-30 13:13,NOCIL,NOCIL Limited,171.11,1.06,1017745.0,2313317.0,0.44,211.2,154.31,-18.98,10.89,211.2,125.31,173.37,162.43,Yes,0.54,252.0,55
2026-09-30 13:13,NOIDATOLL,Noida Toll Bridge Company Limited,3.85,5.48,96500.0,111885.0,0.86,7.43,3.57,-48.18,7.84,7.43,2.87,4.14,4.2,No,-5.22,250.0,43
2026-09-30 13:13,NORBTEAEXP,Norben Tea & Exports Limited,66.25,2.08,4585.0,1951.0,2.35,90.0,60.01,-26.39,10.4,99.35,47.5,66.73,77.51,No,-16.61,250.0,16
2026-09-30 13:13,NORTHARC,Northern Arc Capital Limited,287.35,-1.17,672376.0,1064655.0,0.63,334.0,269.2,-13.97,6.74,334.0,206.0,294.96,273.09,Yes,7.48,252.0,66
2026-09-30 13:13,NOVAAGRI,Nova Agritech Limited,22.43,0.67,45494.0,43302.0,1.05,29.5,21.5,-23.97,4.33,51.99,18.12,23.57,28.03,No,-18.37,250.0,12
2026-09-30 13:13,NOVARTIND,Novartis India Limited,1919.0,-0.27,24058.0,248920.0,0.1,2588.8,1165.1,-25.87,64.71,2588.8,672.25,1744.64,,,,120.0,
2026-09-30 13:13,NPST,Network People Services Technologies Limited,1764.8,6.76,117252.0,234545.0,0.5,1934.0,932.8,-8.75,89.19,2058.0,846.6,1647.18,1389.37,Yes,19.75,250.0,79
2026-09-30 13:13,NRAIL,N R Agarwal Industries Limited,669.45,1.36,9700.0,47210.0,0.21,706.4,401.2,-5.23,66.86,706.4,385.0,551.19,475.81,Yes,56.72,251.0,95
2026-09-30 13:13,NRBBEARING,NRB Bearing Limited,534.05,-1.29,557688.0,1058438.0,0.53,559.9,331.4,-4.62,61.15,559.9,212.55,474.5,354.46,Yes,69.09,251.0,97
2026-09-30 13:13,NSIL,Nalwa Sons Investments Limited,5324.0,-0.49,940.0,1937.0,0.49,5853.5,5261.0,-9.05,1.2,8730.0,4700.0,5572.09,5729.85,No,-4.5,250.0,45
2026-09-30 13:13,NSLNISP,NMDC Steel Limited,41.32,-1.12,4302220.0,4322986.0,1.0,53.75,39.3,-23.13,5.14,53.75,33.01,43.16,42.42,No,-2.54,252.0,49
2026-09-30 13:13,NTCIND,NTC Industries Limited,134.54,-1.41,769.0,2026.0,0.38,147.0,126.3,-8.48,6.52,147.0,126.3,,,,,31.0,
2026-09-30 13:13,NTPC,NTPC Limited,322.75,-0.23,6898477.0,7092909.0,0.97,403.1,317.55,-19.93,1.64,414.4,315.55,335.63,358.5,No,-8.2,252.0,35
2026-09-30 13:13,NTPCGREEN,NTPC Green Energy Limited,93.37,3.76,3212051.0,2832964.0,1.13,112.7,85.16,-17.15,9.64,119.95,84.0,90.98,95.36,No,-2.59,252.0,49
2026-09-30 13:13,NUCLEUS,Nucleus Software Exports Limited,650.25,-0.35,15976.0,16181.0,0.99,897.0,647.0,-27.51,0.5,1064.8,647.0,710.36,790.85,No,-18.98,250.0,11
2026-09-30 13:13,NUVAMA,Nuvama Wealth Management Limited,1652.5,0.02,206394.0,255023.0,0.81,2066.0,1417.1,-20.01,16.61,2066.0,1096.9,1746.92,1528.21,Yes,6.86,252.0,65
2026-09-30 13:13,NUVOCO,Nuvoco Vistas Corporation Limited,337.8,2.3,197232.0,365938.0,0.54,398.0,300.2,-15.13,12.52,439.85,276.25,334.87,327.43,Yes,4.61,252.0,62
2026-09-30 13:13,NYKAA,FSN E-Commerce Ventures Limited,320.0,-2.25,3979139.0,3528137.0,1.13,349.55,257.8,-8.45,24.13,349.55,232.0,333.02,284.64,Yes,13.42,252.0,73
2026-09-30 13:13,OAL,Oriental Aromatics Limited,533.25,-1.59,15746.0,63144.0,0.25,570.0,294.6,-6.45,81.01,570.0,228.0,441.23,332.61,Yes,86.38,251.0,98
2026-09-30 13:13,OBCL,OBCL Limited,55.34,1.21,14228.0,10232.0,1.39,62.0,46.51,-10.74,18.99,62.0,46.51,54.96,55.22,Yes,-0.81,249.0,53
2026-09-30 13:13,OBEROIRLTY,Oberoi Realty Limited,1765.7,0.16,573383.0,479144.0,1.2,1986.1,1571.0,-11.1,12.39,1986.1,1391.2,1825.79,1685.16,Yes,1.75,251.0,58
2026-09-30 13:13,ODIGMA,Odigma Consultancy Solutions Limited,21.35,-0.28,7999.0,19557.0,0.41,27.93,20.0,-23.56,6.75,47.36,20.0,22.3,25.39,No,-17.1,250.0,15
2026-09-30 13:13,ODYCORP,Odyssey Corporation Limited,6.97,-1.55,6337.0,70354.0,0.09,8.48,6.11,-17.81,14.08,8.48,6.11,,,,,31.0,
2026-09-30 13:13,OFSS,Oracle Financial Services Software Limited,10630.0,2.15,272748.0,216081.0,1.26,12540.0,8646.5,-15.23,22.94,12540.0,6234.5,11542.96,9269.39,Yes,19.7,252.0,79
2026-09-30 13:13,OIL,Oil India Limited,448.65,-2.35,3067469.0,2115168.0,1.45,531.0,404.1,-15.51,11.02,531.0,395.6,471.4,461.38,No,3.33,252.0,60
2026-09-30 13:13,OLAELEC,Ola Electric Mobility Limited,36.92,-1.34,57468016.0,96476513.0,0.6,49.05,34.43,-24.73,7.23,57.95,22.25,38.49,36.02,Yes,-1.41,252.0,52
2026-09-30 13:13,OLECTRA,Olectra Greentech Limited,1134.2,-0.24,391541.0,380426.0,1.03,1556.0,1130.0,-27.11,0.37,1578.0,866.6,1278.75,1209.49,No,-10.82,252.0,29
2026-09-30 13:13,OMAXAUTO,Omax Autos Limited,200.32,0.93,53736.0,81750.0,0.66,263.4,161.21,-23.95,24.26,263.4,84.5,191.94,162.45,Yes,41.56,251.0,91
2026-09-30 13:13,OMAXE,Omaxe Limited,109.76,0.26,497288.0,1316235.0,0.38,138.89,72.55,-20.97,51.29,138.89,62.5,106.81,85.39,Yes,40.9,251.0,91
2026-09-30 13:13,OMINFRAL,OM INFRA LIMITED,77.11,-0.72,46370.0,55755.0,0.83,97.84,76.35,-21.19,1.0,134.7,71.5,83.82,87.28,No,-15.8,251.0,18
2026-09-30 13:13,OMNI,Omnitech Engineering Limited,564.05,0.65,1008078.0,858119.0,1.17,764.85,381.8,-26.25,47.73,764.85,176.25,570.28,,,38.58,146.0,90
2026-09-30 13:13,OMPOWER,Om Power Transmission Limited,156.95,-3.82,202287.0,82328.0,2.46,202.0,153.5,-22.3,2.25,206.0,153.5,168.27,,,,118.0,
2026-09-30 13:13,ONEGLOBAL,One Global Service Provider Limited,527.9,-1.17,6160.0,17556.0,0.35,580.0,494.0,-8.98,6.86,580.0,494.0,,,,,31.0,
2026-09-30 13:13,ONEPOINT,One Point One Solutions Limited,73.39,2.47,6740267.0,3833890.0,1.76,74.4,51.78,-1.36,41.73,74.4,40.58,58.57,54.77,Yes,34.69,251.0,89
2026-09-30 13:13,ONESOURCE,Onesource Specialty Pharma Limited,1521.6,-3.9,194917.0,393414.0,0.5,1917.8,1478.0,-20.66,2.95,1925.0,1057.0,1575.91,1580.75,No,-6.39,252.0,40
2026-09-30 13:13,ONGC,Oil & Natural Gas Corporation Limited,225.8,-1.83,11129854.0,9653612.0,1.15,304.95,223.6,-25.96,0.98,307.5,223.6,236.88,257.01,No,-9.02,252.0,33
2026-09-30 13:13,ONIDA,Onida Electronics Limited,32.03,0.88,292219.0,549428.0,0.53,48.7,31.1,-34.23,2.99,49.23,21.5,35.7,34.19,No,-7.64,252.0,37
2026-09-30 13:13,ONIXSOLAR,Onix Solar Energy Limited,343.05,-0.42,149626.0,354820.0,0.42,464.2,262.45,-26.1,30.71,464.2,262.45,,,,,31.0,
2026-09-30 13:13,ONWARDTEC,Onward Technologies Limited,288.35,0.33,10723.0,28174.0,0.38,310.9,245.0,-7.25,17.69,348.6,208.25,287.19,275.38,Yes,7.52,249.0,66
2026-09-30 13:13,OPTIEMUS,Optiemus Infracom Limited,767.75,-3.57,716680.0,1468971.0,0.49,850.65,384.55,-9.75,99.65,850.65,288.0,608.71,477.84,Yes,72.09,251.0,97
2026-09-30 13:13,OPTIFIN,Optimus Finance Limited,15.45,4.25,71103.0,204304.0,0.35,17.0,11.41,-9.12,35.41,17.0,11.41,,,,,32.0,
2026-09-30 13:13,ORBTEXP,Orbit Exports Limited,258.51,-1.34,115278.0,13017.0,8.86,282.85,154.0,-8.61,67.86,282.85,135.0,239.12,196.42,Yes,35.78,249.0,89
2026-09-30 13:13,ORCHASP,Orchasp Limited,1.32,-0.75,80250.0,302423.0,0.27,2.17,1.25,-39.17,5.6,4.16,1.25,1.45,2.06,No,-37.47,251.0,1
2026-09-30 13:13,ORCHPHARMA,Orchid Pharma Limited,997.0,-1.76,58883.0,122235.0,0.48,1143.5,690.0,-12.81,44.49,1143.5,480.0,1003.41,799.59,Yes,31.99,252.0,87
2026-09-30 13:13,ORICONENT,Oricon Enterprises Limited,51.34,-0.95,50211.0,92451.0,0.54,66.7,47.04,-23.03,9.14,73.12,47.04,53.79,60.36,No,-13.99,250.0,22
2026-09-30 13:13,ORIENTALTL,Oriental Trimex Limited,4.83,-0.62,75934.0,84778.0,0.9,7.65,4.7,-36.86,2.77,10.84,4.4,5.09,6.34,No,-23.42,250.0,6
2026-09-30 13:13,ORIENTBELL,Orient Bell Limited,398.55,-1.01,23214.0,33181.0,0.7,434.95,305.6,-8.37,30.42,434.95,246.55,368.1,316.59,Yes,33.86,251.0,88
2026-09-30 13:13,ORIENTCEM,Orient Cement Limited,118.77,0.3,188408.0,514176.0,0.37,145.5,116.7,-18.37,1.77,226.86,116.7,129.78,142.97,No,-18.32,251.0,12
2026-09-30 13:13,ORIENTCER,ORIENT CERATECH LIMITED,44.9,-1.54,43434.0,97351.0,0.45,49.43,37.11,-9.16,20.99,56.64,34.0,44.05,41.85,Yes,5.62,251.0,64
2026-09-30 13:13,ORIENTELEC,Orient Electric Limited,158.11,0.95,128698.0,133766.0,0.96,196.84,155.0,-19.68,2.01,217.51,149.05,176.18,176.58,No,-8.63,251.0,34
2026-09-30 13:13,ORIENTHOT,Oriental Hotels Limited,142.36,2.17,511057.0,632887.0,0.81,148.8,94.4,-4.33,50.81,148.8,80.0,136.34,113.96,Yes,24.47,252.0,83
2026-09-30 13:13,ORIENTPPR,Orient Paper & Industries Limited,16.45,0.12,116983.0,294132.0,0.4,19.6,16.25,-16.07,1.23,27.59,13.25,17.42,18.4,No,-7.99,251.0,36
2026-09-30 13:13,ORIENTTECH,Orient Technologies Limited,231.53,0.01,89351.0,539458.0,0.17,303.4,228.26,-23.69,1.43,466.73,220.8,247.29,281.13,No,-19.36,252.0,10
2026-09-30 13:13,ORIRAIL,Oriental Rail Infrastructure Limited,127.31,3.66,625176.0,122318.0,5.11,142.0,102.8,-10.35,23.84,142.0,102.8,,,,,32.0,
2026-09-30 13:13,ORISSAMINE,The Orissa Minerals Development Company Limited,3651.5,-0.59,5117.0,7322.0,0.7,5199.0,3551.0,-29.77,2.83,6138.9,3100.5,4196.16,4164.42,No,-8.82,252.0,34
2026-09-30 13:13,ORKLAINDIA,Orkla India Limited,543.0,0.55,47004.0,70140.0,0.67,655.0,530.15,-17.1,2.42,760.0,530.15,569.51,595.16,No,-11.66,228.0,28
2026-09-30 13:13,ORTINGLOBE,ORTIN GLOBAL LIMITED,14.32,-2.72,7318.0,14950.0,0.49,21.3,13.92,-32.77,2.87,21.3,10.66,15.39,15.3,No,-6.11,249.0,41
2026-09-30 13:13,OSWALAGRO,Oswal Agro Mills Limited,33.95,-2.72,89147.0,37474.0,2.38,49.36,32.36,-31.22,4.91,81.0,32.36,36.77,44.77,No,-24.87,252.0,5
2026-09-30 13:13,OSWALGREEN,Oswal Greentech Limited,20.32,4.69,240885.0,108104.0,2.23,26.59,18.55,-23.58,9.54,41.2,18.55,20.59,25.03,No,-19.12,252.0,10
2026-09-30 13:13,OSWALPUMPS,Oswal Pumps Limited,266.75,0.19,331737.0,480869.0,0.69,448.0,264.5,-40.46,0.85,790.0,264.5,298.52,372.08,No,-34.48,252.0,2
2026-09-30 13:13,OSWALSEEDS,ShreeOswal Seeds And Chemicals Limited,12.34,-1.44,63193.0,325481.0,0.19,17.0,9.66,-27.41,27.74,20.28,9.66,12.18,12.54,No,1.84,251.0,58
2026-09-30 13:13,PACEDIGITK,Pace Digitek Limited,159.98,-1.43,349851.0,1943136.0,0.18,219.94,150.25,-27.26,6.48,231.95,139.81,175.44,180.33,No,-15.18,249.0,19
2026-09-30 13:13,PACIFICI,Pacific Industries Limited,134.5,1.16,286.0,720.0,0.4,160.0,129.0,-15.94,4.26,160.0,129.0,,,,,31.0,
2026-09-30 13:13,PAGEIND,Page Industries Limited,36385.0,-0.53,83553.0,22536.0,3.71,43855.0,34000.0,-17.03,7.01,43855.0,29805.0,37187.5,36402.03,No,-5.64,250.0,42
2026-09-30 13:13,PAISALO,Paisalo Digital Limited,76.41,-2.77,7128839.0,19610134.0,0.36,94.88,44.25,-19.47,72.68,94.88,30.0,75.04,52.51,Yes,58.73,252.0,95
2026-09-30 13:13,PAKKA,PAKKA LIMITED,72.89,0.08,64593.0,110542.0,0.58,100.63,69.1,-27.57,5.48,160.3,69.1,76.31,86.25,No,-15.28,251.0,19
2026-09-30 13:13,PALASHSECU,Palash Securities Limited,84.25,-5.23,1544.0,945.0,1.63,108.5,84.0,-22.35,0.3,132.7,79.01,88.58,94.3,No,-8.73,249.0,34
2026-09-30 13:13,PALREDTEC,Palred Technologies Limited,43.86,-4.63,12703.0,3370.0,3.77,60.2,36.5,-27.14,20.16,73.6,27.45,50.01,43.57,Yes,2.25,250.0,59
2026-09-30 13:13,PANACEABIO,Panacea Biotec Limited,366.0,-2.47,50560.0,87203.0,0.58,647.0,359.9,-43.43,1.69,647.0,292.4,398.13,403.97,No,-14.08,252.0,22
2026-09-30 13:13,PANAMAPET,Panama Petrochem Limited,484.25,0.78,221907.0,205219.0,1.08,599.6,289.75,-19.24,67.13,599.6,229.0,480.11,357.53,Yes,44.41,251.0,92
2026-09-30 13:13,PANCHMAHQ,Panchmahal Steel Limited,294.95,1.71,49.0,147.0,0.33,339.0,253.95,-12.99,16.14,339.0,253.95,,,,,31.0,
2026-09-30 13:13,PANORAMA,Panorama Studios International Limited,58.29,0.9,1206288.0,762413.0,1.58,64.8,40.0,-10.05,45.73,64.8,40.0,,,,,31.0,
2026-09-30 13:13,PANSARI,Pansari Developers Limited,274.0,-0.2,804.0,742.0,1.08,388.9,238.35,-29.54,14.96,388.9,233.3,308.76,300.33,No,-6.48,250.0,40
2026-09-30 13:13,PARACABLES,Paramount Communications Limited,56.36,-2.58,1224080.0,1763740.0,0.69,75.7,52.6,-25.55,7.15,75.7,28.3,63.38,50.69,Yes,18.15,252.0,78
2026-09-30 13:13,PARADEEP,Paradeep Phosphates Limited,154.28,0.13,1932093.0,2372740.0,0.81,168.0,115.35,-8.17,33.75,201.59,99.7,151.92,136.04,Yes,9.3,252.0,68
2026-09-30 13:13,PARAGMILK,Parag Milk Foods Limited,271.65,1.15,893113.0,2030964.0,0.44,286.2,205.0,-5.08,32.51,376.95,177.84,241.11,234.5,Yes,15.58,252.0,75
2026-09-30 13:13,PARAS,Paras Defence and Space Technologies Limited,1311.0,-1.06,528961.0,881551.0,0.6,1585.0,721.0,-17.29,81.83,1585.0,580.5,1366.04,958.17,Yes,49.49,252.0,93
2026-09-30 13:13,PARASPETRO,Paras Petrofils Limited,2.07,0.0,45657.0,103276.0,0.44,2.75,1.83,-24.73,13.11,3.23,1.53,2.24,2.15,No,0.47,252.0,55
2026-09-30 13:13,PARIN,Parin Enterprises Limited,710.9,-1.31,26781.0,23835.0,1.12,789.0,590.0,-9.9,20.49,789.0,502.9,712.53,670.64,Yes,12.2,249.0,72
2026-09-30 13:13,PARKHOSPS,Park Medi World Limited,274.95,-0.18,876535.0,535813.0,1.64,305.0,237.28,-9.85,15.88,305.0,138.1,282.29,,,28.36,199.0,85
2026-09-30 13:13,PARKHOTELS,Apeejay Surrendra Park Hotels Limited,105.92,3.82,488226.0,175550.0,2.78,134.79,99.97,-21.42,5.95,158.36,95.1,114.31,120.46,No,-13.92,252.0,22
2026-09-30 13:13,PARNAXLAB,Parnax Lab Limited,111.73,-1.45,2982.0,7700.0,0.39,149.5,104.0,-25.26,7.43,149.5,104.0,,,,,31.0,
2026-09-30 13:13,PASHUPATI,Pashupati Cotspin Limited,75.4,-18.68,2778583.0,280907.0,9.89,111.26,74.18,-32.23,1.64,118.35,67.75,83.43,87.88,No,-14.49,252.0,21
2026-09-30 13:13,PASUPTAC,Pasupati Acrylon Limited,72.73,-3.28,180646.0,260292.0,0.69,81.29,51.6,-10.53,40.95,81.29,40.41,64.88,56.44,Yes,30.91,251.0,87
2026-09-30 13:13,PATANJALI,Patanjali Foods Limited,363.0,-2.26,1343993.0,5220677.0,0.26,477.65,328.2,-24.0,10.6,614.05,328.2,356.69,445.81,No,-20.28,252.0,9
2026-09-30 13:13,PATELENG,Patel Engineering Limited,26.45,0.0,1517194.0,2331072.0,0.65,35.95,24.91,-26.43,6.18,38.8,22.0,27.65,28.12,No,-11.63,252.0,28
2026-09-30 13:13,PATELRMART,Patel Retail Limited,211.52,-0.97,55689.0,59741.0,0.93,246.78,177.2,-14.29,19.37,266.0,150.25,219.42,202.64,Yes,1.71,252.0,58
2026-09-30 13:13,PATINTLOG,Patel Integrated Logistics Limited,13.11,-2.96,72197.0,108792.0,0.66,16.25,11.75,-19.32,11.57,16.25,8.01,13.74,12.81,Yes,2.25,249.0,59
2026-09-30 13:13,PAUSHAKLTD,Paushak Limited,665.25,-0.46,26250.0,34001.0,0.77,826.75,428.0,-19.53,55.43,826.75,342.5,708.4,547.08,Yes,28.89,210.0,85
2026-09-30 13:13,PAVNAIND,Pavna Industries Limited,15.46,-1.97,40169.0,104015.0,0.39,19.9,14.38,-22.31,7.51,42.3,14.11,17.09,18.88,No,-13.7,251.0,23
2026-09-30 13:13,PAYTM,One 97 Communications Limited,1678.0,-0.3,2423641.0,4261660.0,0.57,1855.5,1014.0,-9.57,65.48,1855.5,930.6,1605.66,1273.44,Yes,41.75,252.0,91
2026-09-30 13:13,PBMPOLY,PBM Polytex Limited,60.32,-1.11,2085.0,683.0,3.05,72.2,56.53,-16.45,6.7,72.2,56.53,,,,,31.0,
2026-09-30 13:13,PCBL,PCBL Chemical Limited,331.1,0.2,1026588.0,1742583.0,0.59,374.0,262.85,-11.47,25.97,394.0,226.5,325.82,299.27,Yes,10.87,252.0,71
2026-09-30 13:13,PCJEWELLER,PC Jeweller Limited,13.2,-0.23,227566174.0,353664655.0,0.64,14.86,8.01,-11.17,64.79,14.86,7.47,11.25,9.88,Yes,37.71,252.0,90
2026-09-30 13:13,PDMJEPAPER,Pudumjee Paper Products Limited,97.22,2.69,343717.0,617441.0,0.56,108.99,76.87,-10.8,26.47,127.18,65.0,94.56,86.5,Yes,17.7,251.0,77
2026-09-30 13:13,PDSL,PDS Limited,352.3,0.96,61403.0,136910.0,0.45,418.5,274.3,-15.82,28.44,418.5,246.05,358.4,330.15,Yes,2.85,250.0,60
2026-09-30 13:13,PEARLPOLY,Pearl Polymers Limited,17.75,4.91,7471.0,14728.0,0.51,20.75,14.91,-14.46,19.05,31.5,12.75,16.55,18.54,No,-3.02,250.0,48
2026-09-30 13:13,PENIND,Pennar Industries Limited,184.0,2.06,783051.0,644244.0,1.22,190.0,145.56,-3.16,26.41,279.9,129.1,167.29,166.24,Yes,8.74,251.0,68
2026-09-30 13:13,PENINLAND,Peninsula Land Limited,15.05,-2.78,247368.0,182856.0,1.35,19.25,14.18,-21.82,6.14,37.0,13.82,15.93,18.01,No,-12.34,252.0,26
2026-09-30 13:13,PERMAGN,Permanent Magnets Limited,832.05,-0.6,1822.0,3149.0,0.58,929.0,784.05,-10.44,6.12,929.0,784.05,,,,,32.0,
2026-09-30 13:13,PERNIASPOP,Purple Style Labs Limited,547.9,3.23,97315.0,729590.0,0.13,588.9,501.05,-6.96,9.35,588.9,501.05,,,,,18.0,
2026-09-30 13:13,PERSISTENT,Persistent Systems Limited,5279.0,2.27,611148.0,399793.0,1.53,5910.0,4244.5,-10.68,24.37,6599.0,4244.5,5492.38,5357.41,No,2.27,252.0,59
2026-09-30 13:13,PETRONET,Petronet LNG Limited,284.5,0.55,2419295.0,1577778.0,1.53,300.6,260.2,-5.36,9.34,326.4,235.35,285.05,281.43,Yes,4.53,252.0,62
2026-09-30 13:13,PFC,Power Finance Corporation Limited,325.5,0.43,9980169.0,8449936.0,1.18,452.95,320.8,-28.14,1.47,486.5,320.8,370.17,401.31,No,-18.83,252.0,11
2026-09-30 13:13,PFIZER,Pfizer Limited,3875.3,-0.96,39848.0,61506.0,0.65,5149.0,3833.5,-24.74,1.09,5578.5,3833.5,4539.56,4699.7,No,-18.1,251.0,13
2026-09-30 13:13,PFOCUS,Prime Focus Limited,316.0,-0.47,3709507.0,2991066.0,1.24,362.8,202.54,-12.9,56.02,367.0,161.01,301.78,272.36,Yes,22.22,251.0,81
2026-09-30 13:13,PFS,PTC India Financial Services Limited,29.08,3.86,2959010.0,2746855.0,1.08,32.35,25.9,-10.11,12.28,40.5,23.85,27.72,30.12,No,-5.03,252.0,44
2026-09-30 13:13,PGEL,PG Electroplast Limited,493.45,0.06,824162.0,824027.0,1.0,643.95,451.6,-23.37,9.27,644.4,436.55,571.93,553.58,No,-7.38,252.0,38
2026-09-30 13:13,PGHH,Procter & Gamble Hygiene and Health Care Limited,6798.5,-1.06,44982.0,20891.0,2.15,10387.0,6782.0,-34.55,0.24,14509.0,6782.0,7999.54,9900.23,No,-31.19,251.0,3
2026-09-30 13:13,PGHL,Procter & Gamble Health Limited,5563.0,-2.33,10898.0,12084.0,0.9,6975.0,5162.0,-20.24,7.77,6975.0,4707.0,5867.43,5627.13,No,-2.6,250.0,49
2026-09-30 13:13,PGIL,Pearl Global Industries Limited,1282.1,-0.64,87272.0,239011.0,0.37,1357.9,714.0,-5.58,79.57,1357.9,600.0,1161.45,905.12,Yes,45.25,252.0,92
2026-09-30 13:13,PHOENIXLTD,The Phoenix Mills Limited,1935.0,0.31,421236.0,379928.0,1.11,2169.8,1675.0,-10.82,15.52,2169.8,1465.6,1924.68,1821.66,Yes,5.09,250.0,63
2026-09-30 13:13,PHOENXINTL,Phoenix International Limited,28.71,2.35,3924.0,2959.0,1.33,35.64,27.5,-19.44,4.4,35.64,27.5,,,,,31.0,
2026-09-30 13:13,PICCADIL,Piccadily Agro Industries Limited,592.35,-1.74,87458.0,146750.0,0.6,809.7,558.15,-26.84,6.13,809.7,515.0,665.91,608.61,No,-0.35,252.0,54
2026-09-30 13:13,PIDILITIND,Pidilite Industries Limited,1465.1,0.28,940593.0,590157.0,1.59,1707.5,1428.2,-14.2,2.58,1707.5,1259.0,1611.81,1500.03,No,-1.08,252.0,52
2026-09-30 13:13,PIGL,Power & Instrumentation (Gujarat) Limited,96.34,-0.6,34714.0,66772.0,0.52,121.97,88.05,-21.01,9.42,184.8,88.05,103.56,109.29,No,-15.32,251.0,18
2026-09-30 13:13,PIIND,PI Industries Limited,2310.0,0.93,174008.0,272500.0,0.64,3194.1,2191.0,-27.68,5.43,3832.9,2191.0,2503.08,2858.09,No,-18.17,252.0,12
2026-09-30 13:13,PILANIINVS,Pilani Investment and Industries Corporation Limited,3956.5,-1.77,5707.0,2701.0,2.11,4750.0,3901.8,-16.71,1.4,5980.0,3901.8,4265.84,4535.83,No,-14.54,249.0,20
2026-09-30 13:13,PILITA,PIL ITALICA LIFESTYLE LIMITED,7.52,2.45,45283.0,53764.0,0.84,9.37,7.17,-19.74,4.88,14.1,6.2,8.1,8.43,No,-14.71,249.0,20
2026-09-30 13:13,PINELABS,Pine Labs Limited,171.79,0.14,19777612.0,49286215.0,0.4,206.38,134.73,-16.76,27.51,284.0,134.73,166.7,180.08,No,0.5,222.0,55
2026-09-30 13:13,PIONEEREMB,Pioneer Embroideries Limited,20.59,-0.96,7008.0,11845.0,0.59,28.3,20.01,-27.24,2.9,38.5,19.61,22.3,24.87,No,-13.36,250.0,23
2026-09-30 13:13,PIRAMALFIN,Piramal Finance Limited,2043.9,-3.93,229001.0,404242.0,0.57,2326.4,1781.2,-12.14,14.75,2326.4,1260.0,2157.53,1941.43,Yes,8.56,227.0,68
2026-09-30 13:13,PITTIENG,Pitti Engineering Limited,1139.5,0.72,35903.0,177875.0,0.2,1228.0,852.05,-7.21,33.74,1228.0,675.0,1060.34,922.59,Yes,31.51,249.0,87
2026-09-30 13:13,PIXTRANS,Pix Transmissions Limited,1726.9,-0.07,4070.0,9250.0,0.44,2089.0,1464.0,-17.33,17.96,2089.0,1252.0,1779.68,1582.69,Yes,7.87,250.0,67
2026-09-30 13:13,PLASTIBLEN,Plastiblends India Limited,200.29,-2.06,38961.0,37776.0,1.03,216.29,158.81,-7.4,26.12,216.29,121.01,191.22,168.41,Yes,24.57,252.0,83
2026-09-30 13:13,PLATIND,Platinum Industries Limited,206.85,0.56,27193.0,52504.0,0.52,255.85,202.5,-19.15,2.15,300.25,183.5,221.55,225.75,No,-7.78,252.0,37
2026-09-30 13:13,PLAZACABLE,Plaza Wires Limited,59.15,-1.25,59284.0,126893.0,0.47,66.0,40.55,-10.38,45.87,66.0,27.0,54.03,44.81,Yes,45.09,251.0,92
2026-09-30 13:13,PML,Paul Merchants Limited,465.85,-1.45,1277.0,325.0,3.92,515.0,461.0,-9.54,1.05,515.0,461.0,,,,,30.0,
2026-09-30 13:13,PNB,Punjab National Bank,113.06,1.17,15244268.0,12728981.0,1.2,119.5,98.5,-5.39,14.78,135.15,98.5,115.26,114.31,No,3.07,252.0,60
2026-09-30 13:13,PNBGILTS,PNB Gilts Limited,73.99,2.92,2681877.0,550553.0,4.87,99.8,66.91,-25.86,10.58,100.82,58.6,79.65,79.32,No,-7.96,252.0,36
2026-09-30 13:13,PNBHOUSING,PNB Housing Finance Limited,1120.0,1.99,1164162.0,904241.0,1.29,1211.5,950.0,-7.55,17.89,1211.5,729.6,1133.1,993.21,Yes,16.3,252.0,76
2026-09-30 13:13,PNC,PNC Media and Entertainment Limited,17.65,1.44,10929.0,22008.0,0.5,24.01,15.7,-26.49,12.42,32.89,15.7,17.89,21.32,No,-19.09,250.0,11
2026-09-30 13:13,PNCINFRA,PNC Infratech Limited,133.18,2.6,790633.0,2256868.0,0.35,261.0,116.4,-48.97,14.42,295.9,116.4,193.47,212.23,No,-39.53,252.0,1
2026-09-30 13:13,PNGJL,P N Gadgil Jewellers Limited,590.15,0.87,257821.0,422077.0,0.61,717.0,509.0,-17.69,15.94,736.4,503.0,618.67,592.19,No,1.61,252.0,57
2026-09-30 13:13,PNGSREVA,PNGS Reva Diamond Jewellery Limited,511.65,-0.34,78595.0,151691.0,0.52,644.0,353.65,-20.55,44.68,644.0,324.25,514.02,,,27.7,147.0,85
2026-09-30 13:13,POCL,Pondy Oxides & Chemicals Limited,452.65,-1.94,373693.0,387916.0,0.96,647.6,427.6,-30.1,5.86,647.6,392.2,489.47,509.09,No,-14.88,252.0,20
2026-09-30 13:13,PODDARMENT,Poddar Pigments Limited,257.15,-0.73,2926.0,26812.0,0.11,333.4,221.7,-22.87,15.99,333.4,201.1,263.9,250.98,Yes,8.18,249.0,67
2026-09-30 13:13,POEL,POCL Enterprises Limited,137.42,-1.77,35690.0,28632.0,1.25,168.97,135.91,-18.67,1.11,168.97,135.91,,,,,32.0,
2026-09-30 13:13,POKARNA,Pokarna Limited,705.7,-1.72,79840.0,141186.0,0.57,1143.3,702.25,-38.28,0.49,1146.2,692.6,855.46,884.32,No,-24.62,252.0,5
2026-09-30 13:13,POLICYBZR,PB Fintech Limited,1063.9,-1.58,8910835.0,6435038.0,1.38,1904.9,1031.4,-44.15,3.15,1964.2,1031.4,1677.37,1630.18,No,-34.17,251.0,2
2026-09-30 13:13,POLYCAB,Polycab India Limited,8026.0,-0.94,494697.0,432001.0,1.15,10126.0,8026.0,-20.74,0.0,10126.0,6663.0,8789.93,8411.81,No,-3.16,252.0,47
2026-09-30 13:13,POLYMED,Poly Medicure Limited,1673.8,1.77,118001.0,107860.0,1.09,1913.7,1300.0,-12.54,28.75,2094.3,1182.0,1725.37,1568.86,Yes,4.01,252.0,61
2026-09-30 13:13,POLYPLEX,Polyplex Corporation Limited,1055.0,-0.59,38586.0,42340.0,0.91,1264.0,870.0,-16.53,21.26,1264.0,740.0,1140.65,950.63,Yes,16.53,252.0,76
2026-09-30 13:13,POLYSPIN,Polyspin Exports Limited,31.22,-0.76,918.0,1450.0,0.63,36.49,27.53,-14.44,13.4,36.49,27.53,,,,,31.0,
2026-09-30 13:13,PONNIERODE,Ponni Sugars (Erode) Limited,372.2,-3.11,21732.0,35390.0,0.61,455.0,290.1,-18.2,28.3,455.0,252.4,360.9,307.11,Yes,27.4,250.0,84
2026-09-30 13:13,POONAWALLA,Poonawalla Fincorp Limited,443.85,0.19,687149.0,1206450.0,0.57,511.9,370.05,-13.29,19.94,570.4,361.2,469.19,441.6,Yes,-0.82,252.0,53
2026-09-30 13:13,POWERGRID,Power Grid Corporation of India Limited,260.5,-0.38,9769058.0,9521158.0,1.03,308.15,258.1,-15.46,0.93,324.95,250.0,270.58,284.47,No,-8.07,252.0,36
2026-09-30 13:13,POWERICA,Powerica Limited,600.6,0.14,308593.0,208865.0,1.48,676.95,433.2,-11.28,38.64,676.95,365.1,544.39,,,21.07,128.0,80
2026-09-30 13:13,POWERINDIA,Hitachi Energy India Limited,30630.0,-0.34,88521.0,102303.0,0.87,38785.0,29645.0,-21.03,3.32,38785.0,16111.0,32459.3,28619.58,Yes,21.77,252.0,81
2026-09-30 13:13,POWERMECH,Power Mech Projects Limited,2490.5,3.89,293605.0,63385.0,4.63,3007.5,2270.1,-17.19,9.71,3007.5,1717.7,2478.78,2372.72,Yes,7.1,251.0,66
2026-09-30 13:13,PPLPHARMA,Piramal Pharma Limited,206.52,-1.22,2234925.0,4073644.0,0.55,231.93,158.1,-10.96,30.63,231.93,132.3,208.05,174.37,Yes,25.15,252.0,83
2026-09-30 13:13,PRABHA,Prabha Energy Limited,222.03,-1.06,44242.0,929928.0,0.05,262.8,137.91,-15.51,61.0,262.8,137.91,198.15,171.2,Yes,39.18,251.0,90
2026-09-30 13:13,PRAENG,Prajay Engineers Syndicate Limited,21.18,-2.67,45907.0,105748.0,0.43,26.68,18.54,-20.61,14.24,33.88,17.0,21.31,21.98,No,1.92,249.0,58
2026-09-30 13:13,PRAJIND,Praj Industries Limited,305.85,-0.62,391091.0,381678.0,1.02,400.2,300.8,-23.58,1.68,427.65,273.0,326.78,335.72,No,-10.88,252.0,29
2026-09-30 13:13,PRAKASH,Prakash Industries Limited,123.72,1.73,750386.0,530399.0,1.41,155.0,114.2,-20.18,8.34,172.9,110.24,124.91,132.53,No,-9.44,252.0,32
2026-09-30 13:13,PRAKASHSTL,Prakash Steelage Limited,3.59,0.0,84922.0,121150.0,0.7,4.8,3.46,-25.21,3.76,6.57,3.46,3.85,4.34,No,-20.73,252.0,8
2026-09-30 13:13,PRANAV,Pranav Constructions Limited,100.1,-0.08,2085516.0,8951833.0,0.23,165.1,96.49,-39.37,3.74,165.1,96.49,,,,,12.0,
2026-09-30 13:13,PRASOLCHEM,Prasol Chemicals Limited,839.1,-0.12,2133289.0,1299174.0,1.64,914.9,601.0,-8.29,39.62,914.9,601.0,,,,,11.0,
2026-09-30 13:13,PRAVEG,Praveg Limited,241.8,-0.33,18438.0,33046.0,0.56,281.0,240.5,-13.95,0.54,281.0,240.5,,,,,32.0,
2026-09-30 13:13,PRAXIS,Praxis Home Retail Limited,4.59,-4.97,50073.0,123191.0,0.41,8.75,3.91,-47.54,17.39,14.44,3.91,5.43,7.14,No,-38.96,251.0,1
2026-09-30 13:13,PRECAM,Precision Camshafts Limited,116.78,-0.32,78594.0,178314.0,0.44,179.0,111.61,-34.76,4.63,205.9,103.98,128.53,142.37,No,-20.24,252.0,9
2026-09-30 13:13,PRECOT,Precot Limited,627.7,-1.7,2044.0,4393.0,0.47,899.0,575.6,-30.18,9.05,899.0,300.05,719.67,602.32,Yes,10.04,250.0,70
2026-09-30 13:13,PRECWIRE,Precision Wires India Limited,492.45,-1.54,310955.0,644633.0,0.48,524.9,352.3,-6.18,39.78,524.9,193.05,443.56,361.31,Yes,54.65,252.0,94
2026-09-30 13:13,PREMCO,Premco Global Limited,400.85,0.64,806.0,761.0,1.06,409.95,370.05,-2.22,8.32,409.95,370.05,,,,,31.0,
2026-09-30 13:13,PREMEXPLN,Premier Explosives Limited,684.1,1.3,494973.0,231605.0,2.14,829.8,504.35,-17.56,35.64,829.8,378.4,665.73,585.47,Yes,16.11,252.0,76
2026-09-30 13:13,PREMIERENE,Premier Energies Limited,870.1,0.01,1141927.0,1201496.0,0.95,1134.0,853.6,-23.27,1.93,1134.0,666.9,989.08,934.11,No,-9.12,252.0,33
2026-09-30 13:13,PREMIERPOL,Premier Polyfilm Limited,92.76,-3.26,208395.0,931441.0,0.22,106.0,50.35,-12.49,84.23,106.0,38.0,83.93,62.22,Yes,61.61,251.0,96
2026-09-30 13:13,PRESTIGE,Prestige Estates Projects Limited,1481.9,4.54,1283665.0,500558.0,2.56,1741.5,1297.9,-14.91,14.18,1805.2,1090.0,1563.04,1483.67,No,-1.04,252.0,52
2026-09-30 13:13,PRICOLLTD,Pricol Limited,747.6,-0.23,240479.0,260617.0,0.92,823.0,531.35,-9.16,40.7,823.0,499.9,752.71,629.83,Yes,24.14,251.0,82
2026-09-30 13:13,PRIMESECU,Prime Securities Limited,298.45,-1.34,5435.0,41274.0,0.13,324.0,268.65,-7.89,11.09,325.0,253.1,285.37,282.3,Yes,5.5,249.0,64
2026-09-30 13:13,PRIMO,Primo Chemicals Limited,26.64,-2.7,448253.0,538273.0,0.83,29.8,19.26,-10.6,38.32,29.8,16.1,22.83,22.42,Yes,16.06,249.0,76
2026-09-30 13:13,PRINCEPIPE,Prince Pipes And Fittings Limited,255.75,-0.04,55165.0,131491.0,0.42,303.0,239.05,-15.59,6.99,352.2,205.0,273.9,260.87,No,0.01,251.0,54
2026-09-30 13:13,PRIORITY,Priority Jewels Limited,301.6,2.71,517501.0,594046.0,0.87,329.55,209.61,-8.48,43.89,329.55,209.61,,,,,19.0,
2026-09-30 13:13,PRISMX,Prismx Global Ventures Limited,0.52,-1.89,270697.0,176678.0,1.53,0.63,0.47,-17.46,10.64,0.63,0.47,,,,,31.0,
2026-09-30 13:13,PRITI,Priti International Limited,32.71,1.77,5984.0,7671.0,0.78,46.0,30.5,-28.89,7.25,85.0,30.5,34.65,43.1,No,-21.7,249.0,7
2026-09-30 13:13,PRITIKAUTO,Pritika Auto Industries Limited,17.08,-7.17,393736.0,303053.0,1.3,20.99,13.21,-18.63,29.3,20.99,10.41,16.95,14.79,Yes,19.95,250.0,79
2026-09-30 13:13,PRIVISCL,Privi Speciality Chemicals Limited,3586.6,-0.52,102693.0,104550.0,0.98,3785.3,3003.0,-5.25,19.43,3785.3,2345.3,3524.69,3222.15,Yes,7.16,250.0,66
2026-09-30 13:13,PROSTARM,Prostarm Info Systems Limited,134.66,-0.86,156328.0,342669.0,0.46,173.5,119.24,-22.39,12.93,208.7,114.64,133.85,144.91,No,-5.07,251.0,43
2026-09-30 13:13,PROTEAN,Protean eGov Technologies Limited,659.3,-1.1,574483.0,1882788.0,0.31,719.0,483.55,-8.3,36.35,909.5,444.0,564.26,594.98,Yes,9.96,252.0,69
2026-09-30 13:13,PROZONER,Prozone Realty Limited,56.52,0.57,1330700.0,491675.0,2.71,57.99,40.69,-2.53,38.9,72.77,39.55,46.63,50.09,Yes,16.63,250.0,76
2026-09-30 13:13,PRSMJOHNSN,Prism Johnson Limited,108.74,-0.49,221175.0,362062.0,0.61,131.73,97.1,-17.45,11.99,165.9,97.1,110.69,121.19,No,-11.08,250.0,29
2026-09-30 13:13,PRUDENT,Prudent Corporate Advisory Services Limited,3129.2,0.98,30361.0,31688.0,0.96,4105.5,2573.9,-23.78,21.57,4105.5,2121.0,3294.29,2793.47,Yes,17.77,251.0,77
2026-09-30 13:13,PRUDMOULI,Prudential Sugar Corporation Limited,13.39,-4.22,6380.0,10151.0,0.63,17.6,12.45,-23.92,7.55,29.61,11.26,14.48,16.22,No,-11.77,249.0,27
2026-09-30 13:13,PSB,Punjab & Sind Bank,21.33,1.04,1167587.0,953071.0,1.23,25.94,20.95,-17.77,1.81,32.46,20.5,22.98,24.73,No,-14.43,252.0,21
2026-09-30 13:13,PSPPROJECT,PSP Projects Limited,767.0,-2.0,62411.0,52797.0,1.18,1143.0,746.55,-32.9,2.74,1143.0,569.2,896.15,838.67,No,-9.79,250.0,31
2026-09-30 13:13,PTC,PTC India Limited,155.56,-0.12,1231522.0,1133028.0,1.09,215.45,150.25,-27.8,3.53,229.51,149.59,162.36,173.06,No,-8.54,252.0,35
2026-09-30 13:13,PTCIL,PTC Industries Limited,22190.0,-1.53,20710.0,26297.0,0.79,24125.0,15700.0,-8.02,41.34,24125.0,14499.0,20815.4,18215.78,Yes,28.59,251.0,85
2026-09-30 13:13,PTL,PTL Enterprises Limited,37.87,-0.86,40263.0,32716.0,1.23,43.77,36.5,-13.48,3.75,43.77,36.1,38.71,39.27,No,-6.25,251.0,40
2026-09-30 13:13,PUNJABCHEM,Punjab Chemicals & Crop Protection Limited,1054.5,1.81,2439.0,4090.0,0.6,1253.3,919.6,-15.86,14.67,1533.9,876.6,1103.69,1085.46,No,-2.18,250.0,50
2026-09-30 13:13,PURVA,Puravankara Limited,206.34,0.73,81705.0,1124890.0,0.07,261.8,198.0,-21.18,4.21,287.3,160.69,214.46,217.49,No,-2.64,251.0,49
2026-09-30 13:13,PVP,PVP Ventures Limited,53.12,-4.99,2852031.0,1905604.0,1.5,72.04,25.1,-26.26,111.63,72.04,23.0,49.02,34.68,Yes,81.99,251.0,98
2026-09-30 13:13,PVRINOX,PVR INOX Limited,1242.7,4.42,711141.0,727748.0,0.98,1357.8,934.2,-8.48,33.02,1357.8,907.4,1203.51,1050.14,Yes,25.74,252.0,84
2026-09-30 13:13,PVSL,Popular Vehicles and Services Limited,95.5,-1.56,15961.0,23868.0,0.67,124.0,89.0,-22.98,7.3,163.0,82.41,105.64,103.08,No,-2.44,250.0,49
2026-09-30 13:13,PWL,Physicswallah Limited,123.48,-1.33,5681304.0,12377181.0,0.46,159.43,89.8,-22.55,37.51,161.99,77.72,126.03,116.01,Yes,3.86,220.0,61
2026-09-30 13:13,PYRAMID,Pyramid Technoplast Limited,156.01,-0.34,21871.0,46963.0,0.47,198.69,150.0,-21.48,4.01,198.69,131.8,164.3,161.08,No,-3.03,249.0,47
2026-09-30 13:13,QPOWER,Quality Power Electrical Equipments Limited,1584.8,-1.83,267702.0,337562.0,0.79,1675.0,970.1,-5.39,63.36,1675.0,581.0,1344.42,1070.98,Yes,69.38,252.0,97
2026-09-30 13:13,QUADFUTURE,Quadrant Future Tek Limited,547.45,0.98,850298.0,1483933.0,0.57,567.2,277.25,-3.48,97.46,567.2,248.55,421.81,351.84,Yes,46.46,252.0,93
2026-09-30 13:13,QUESS,Quess Corp Limited,334.95,-2.09,513182.0,568457.0,0.9,388.75,196.61,-13.84,70.36,388.75,166.3,340.19,247.44,Yes,45.29,252.0,92
2026-09-30 13:13,QUICKHEAL,Quick Heal Technologies Limited,144.49,-0.98,78409.0,240640.0,0.33,222.0,134.2,-34.91,7.67,371.4,125.0,148.68,177.13,No,-18.92,252.0,11
2026-09-30 13:13,QUINTEGRA,Quintegra Solutions Limited,1.28,4.92,298.0,4499.0,0.07,1.51,1.1,-15.23,16.36,2.05,1.1,1.26,1.32,No,-3.64,252.0,47
2026-09-30 13:13,RACE,Race Eco Chain Limited,118.02,-1.53,26073.0,108141.0,0.24,143.97,90.0,-18.02,31.13,240.0,84.11,105.19,115.2,Yes,1.35,249.0,57
2026-09-30 13:13,RACLGEAR,RACL Geartech Limited,1594.8,0.39,32646.0,119398.0,0.27,1927.7,1201.0,-17.27,32.79,1927.7,921.8,1517.96,1314.28,Yes,24.17,251.0,82
2026-09-30 13:13,RADAAN,Radaan Mediaworks India Limited,3.0,1.35,28286.0,67699.0,0.42,3.73,2.52,-19.57,19.05,3.99,2.35,3.0,3.1,No,-2.44,249.0,49
2026-09-30 13:13,RADIANTCMS,Radiant Cash Management Services Limited,35.41,-0.67,62571.0,432477.0,0.14,45.25,33.56,-21.75,5.51,57.49,32.33,37.34,40.78,No,-15.43,252.0,18
2026-09-30 13:13,RADICO,Radico Khaitan Limited,4366.0,0.05,387408.0,225473.0,1.72,4747.0,3410.1,-8.03,28.03,4747.0,2500.0,4482.36,3534.74,Yes,29.07,251.0,85
2026-09-30 13:13,RADIOCITY,Music Broadcast Limited,5.99,-0.33,80434.0,64636.0,1.24,7.35,5.79,-18.5,3.45,8.69,4.5,6.44,6.19,No,0.93,250.0,56
2026-09-30 13:13,RAILTEL,Railtel Corporation Of India Limited,265.65,2.47,6563151.0,796666.0,8.24,330.9,248.0,-19.72,7.12,400.8,245.0,275.82,307.95,No,-15.01,252.0,19
2026-09-30 13:13,RAIN,Rain Industries Limited,213.94,-0.68,2138489.0,3948657.0,0.54,252.0,147.9,-15.1,44.65,252.0,99.9,213.76,168.69,Yes,41.99,252.0,91
2026-09-30 13:13,RAINBOW,Rainbow Childrens Medicare Limited,1314.3,-3.91,363546.0,132996.0,2.73,1610.0,1269.9,-18.37,3.5,1610.0,1084.0,1462.78,1332.07,No,-0.46,250.0,54
2026-09-30 13:13,RAJMET,Rajnandini Metal Limited,3.12,1.96,208236.0,246280.0,0.85,4.18,3.04,-25.36,2.63,5.28,2.72,3.22,3.72,No,-16.63,251.0,15
2026-09-30 13:13,RAJPALAYAM,Rajapalayam Mills Limited,749.15,-1.14,7143.0,1662.0,4.3,875.0,735.6,-14.38,1.84,875.0,314.45,801.42,,,,119.0,
2026-09-30 13:13,RAJRATAN,Rajratan Global Wire Limited,461.6,-0.98,36265.0,129796.0,0.28,563.95,395.0,-18.15,16.86,563.95,305.55,495.12,451.9,Yes,8.1,251.0,67
2026-09-30 13:13,RAJSREESUG,Rajshree Sugars & Chemicals Limited,28.87,-5.59,201176.0,73262.0,2.75,42.0,28.5,-31.26,1.3,42.48,24.65,33.16,32.06,No,-6.8,251.0,39
2026-09-30 13:13,RAJTV,Raj Television Network Limited,10.88,2.74,58444.0,80452.0,0.73,22.19,7.7,-50.97,41.3,46.9,7.7,9.98,23.82,No,-38.69,251.0,1
2026-09-30 13:13,RALLIS,Rallis India Limited,199.73,-0.12,502987.0,493523.0,1.02,269.0,196.76,-25.75,1.51,315.0,196.76,209.48,241.89,No,-17.76,252.0,13
2026-09-30 13:13,RAMANEWS,Shree Rama Newsprint Limited,30.27,-0.13,6718.0,26506.0,0.25,35.0,27.12,-13.51,11.62,42.0,27.05,31.45,31.26,No,2.28,249.0,59
2026-09-30 13:13,RAMAPHO,Rama Phosphates Limited,120.09,-0.2,14729.0,17098.0,0.86,141.0,113.86,-14.83,5.47,217.19,103.5,123.29,133.28,No,-8.8,251.0,34
2026-09-30 13:13,RAMBHAJO,Advit Jewels Limited,285.98,-1.71,654378.0,897354.0,0.73,308.4,161.6,-7.27,76.97,308.4,161.6,229.47,,,,66.0,
2026-09-30 13:13,RAMCOCEM,The Ramco Cements Limited,845.55,0.15,205668.0,217577.0,0.95,989.3,822.05,-14.53,2.86,1214.5,822.05,896.42,969.48,No,-12.33,250.0,26
2026-09-30 13:13,RAMCOIND,Ramco Industries Limited,307.6,-0.81,172653.0,87883.0,1.96,395.5,264.0,-22.23,16.52,395.5,230.65,332.9,307.17,Yes,-0.14,252.0,54
2026-09-30 13:13,RAMCOSYS,Ramco Systems Limited,554.6,0.16,42408.0,63165.0,0.67,967.5,371.05,-42.68,49.47,967.5,342.1,594.47,536.88,Yes,-4.85,252.0,44
2026-09-30 13:13,RAMKY,Ramky Infrastructure Limited,279.1,-5.08,161247.0,45008.0,3.58,479.0,274.5,-41.73,1.68,705.0,274.5,356.72,441.51,No,-37.37,250.0,1
2026-09-30 13:13,RAMRAT,Ram Ratna Wires Limited,582.4,-0.24,193794.0,274937.0,0.7,602.45,354.0,-3.33,64.52,602.45,268.0,503.81,394.68,Yes,63.98,250.0,96
2026-09-30 13:13,RANASUG,Rana Sugars Limited,13.24,-3.15,334802.0,422780.0,0.79,16.45,11.52,-19.51,14.93,16.45,10.21,13.85,12.65,Yes,6.33,252.0,64
2026-09-30 13:13,RANEHOLDIN,Rane Holdings Limited,1529.8,-0.75,7913.0,17179.0,0.46,1894.5,1185.0,-19.25,29.1,1894.5,981.0,1665.19,1419.46,Yes,9.37,252.0,69
2026-09-30 13:13,RATEGAIN,Rategain Travel Technologies Limited,851.55,2.6,381974.0,287671.0,1.33,1050.0,611.1,-18.9,39.35,1050.0,437.0,899.4,723.48,Yes,19.36,251.0,79
2026-09-30 13:13,RATNAMANI,Ratnamani Metals & Tubes Limited,2725.5,-3.8,42223.0,53803.0,0.78,2954.7,2154.6,-7.76,26.5,3345.0,1936.5,2561.68,2456.38,Yes,14.0,251.0,74
2026-09-30 13:13,RATNAVEER,Ratnaveer Precision Engineering Limited,330.75,-0.12,6061211.0,6686736.0,0.91,344.4,158.56,-3.96,108.6,344.4,130.5,263.48,185.72,Yes,109.47,251.0,99
2026-09-30 13:13,RAYMOND,Raymond Limited,1213.05,2.3,1544711.0,6791147.0,0.23,1241.0,446.65,-2.25,171.59,1241.0,320.0,772.82,539.45,Yes,156.83,252.0,99
2026-09-30 13:13,RAYMONDLSL,Raymond Lifestyle Limited,642.05,-2.8,195076.0,381547.0,0.51,844.4,628.25,-23.96,2.2,1246.4,628.25,698.4,809.34,No,-22.96,252.0,6
2026-09-30 13:13,RAYMONDREL,Raymond Realty Limited,669.95,-0.39,620426.0,2661532.0,0.23,741.95,501.05,-9.7,33.71,741.95,349.0,607.33,535.6,Yes,21.37,252.0,80
2026-09-30 13:13,RBA,Restaurant Brands Asia Limited,91.58,-0.43,1851868.0,2889388.0,0.64,111.15,63.57,-17.61,44.06,111.15,57.15,92.03,72.71,Yes,33.6,251.0,88
2026-09-30 13:13,RBLBANK,RBL Bank Limited,403.35,0.34,3855050.0,4346276.0,0.89,429.6,318.45,-6.11,26.66,429.6,272.1,393.32,343.67,Yes,19.48,252.0,79
2026-09-30 13:13,RCF,Rashtriya Chemicals and Fertilizers Limited,109.97,1.72,2028633.0,1063312.0,1.91,140.0,106.7,-21.45,3.06,157.2,106.0,118.13,126.91,No,-16.42,252.0,16
2026-09-30 13:13,RECLTD,REC Limited,299.0,2.24,6840313.0,6153564.0,1.11,378.7,292.2,-21.05,2.33,388.3,292.2,331.44,347.44,No,-15.29,252.0,19
2026-09-30 13:13,REDINGTON,Redington Limited,407.0,0.38,4204174.0,5739893.0,0.73,419.5,208.1,-2.98,95.58,419.5,191.31,357.79,275.85,Yes,60.45,252.0,96
2026-09-30 13:13,REDTAPE,Redtape Limited,117.6,0.1,211189.0,2204893.0,0.1,158.99,113.1,-26.03,3.98,158.99,107.53,123.58,125.81,No,-8.32,252.0,35
2026-09-30 13:13,REFEX,Refex Industries Limited,265.25,-2.5,312669.0,588967.0,0.53,371.4,258.0,-28.58,2.81,382.4,188.0,289.8,271.04,No,-4.06,251.0,46
2026-09-30 13:13,REGAAL,Regaal Resources Limited,88.08,-0.63,119212.0,853567.0,0.14,103.0,74.15,-14.49,18.79,103.0,57.27,87.54,78.07,Yes,16.97,251.0,76
2026-09-30 13:13,REGENCERAM,Regency Ceramics Limited,32.38,-0.4,32772.0,16567.0,1.98,49.0,30.0,-33.92,7.93,54.99,30.0,34.13,41.08,No,-24.04,250.0,5
2026-09-30 13:13,RELAXO,Relaxo Footwears Limited,291.2,-0.1,115881.0,255501.0,0.45,454.7,278.4,-35.96,4.6,454.75,236.5,360.11,349.43,No,-17.94,251.0,13
2026-09-30 13:13,RELCHEMQ,Reliance Chemotex Industries Limited,116.23,2.78,1280.0,11163.0,0.11,148.8,108.6,-21.89,7.03,163.0,105.01,118.61,123.89,No,-9.09,251.0,33
2026-09-30 13:13,RELIABLE,Reliable Data Services Limited,144.28,-0.61,60326.0,32928.0,1.83,159.9,118.0,-9.77,22.27,175.0,104.74,141.13,140.72,Yes,4.36,249.0,62
2026-09-30 13:13,RELIANCE,Reliance Industries Limited,1187.0,0.42,16370231.0,11495691.0,1.42,1378.0,1181.7,-13.86,0.45,1611.8,1181.7,1281.86,1361.83,No,-12.85,252.0,25
2026-09-30 13:13,RELIGARE,Religare Enterprises Limited,228.91,-1.35,1076100.0,815478.0,1.32,280.0,213.1,-18.25,7.42,280.0,196.51,244.52,238.22,No,-6.44,251.0,40
2026-09-30 13:13,RELTD,Ravindra Energy Limited,149.67,0.37,173979.0,146512.0,1.19,196.45,114.59,-23.81,30.61,196.45,114.59,160.09,149.68,No,-3.0,251.0,48
2026-09-30 13:13,REMSONSIND,Remsons Industries Limited,113.93,2.12,868768.0,543086.0,1.6,132.8,75.23,-14.21,51.44,152.45,75.23,91.57,98.78,Yes,23.83,252.0,82
2026-09-30 13:13,RENTOMOJO,Rentomojo Limited,510.35,1.63,2509870.0,11507626.0,0.22,581.95,482.45,-12.3,5.78,581.95,482.45,,,,,10.0,
2026-09-30 13:13,RENUKA,Shree Renuka Sugars Limited,21.89,-2.88,8836929.0,13526434.0,0.65,27.68,21.05,-20.92,3.99,31.35,21.05,23.27,24.41,No,-12.21,252.0,26
2026-09-30 13:13,REPCOHOME,Repco Home Finance Limited,341.7,-0.57,51214.0,74401.0,0.69,439.9,339.05,-22.32,0.78,455.9,333.6,364.59,387.09,No,-17.08,252.0,15
2026-09-30 13:13,REPL,Rudrabhishek Enterprises Limited,59.35,-2.93,5294.0,4744.0,1.12,78.8,56.0,-24.68,5.98,154.49,56.0,62.72,78.73,No,-21.9,251.0,7
2026-09-30 13:13,REPRO,Repro India Limited,318.6,0.49,25861.0,50201.0,0.52,419.7,276.1,-24.09,15.39,590.0,276.1,329.71,374.75,No,-16.69,250.0,15
2026-09-30 13:13,RESPONIND,Responsive Industries Limited,165.38,-1.61,390125.0,3377055.0,0.12,240.9,142.98,-31.35,15.67,240.9,117.25,163.05,173.28,No,-9.11,250.0,33
2026-09-30 13:13,RETAIL,JHS Svendgaard Retail Ventures Limited,31.76,9.97,45112.0,23791.0,1.9,31.76,15.81,0.0,100.89,36.54,15.81,18.0,20.57,Yes,66.85,249.0,96
2026-09-30 13:13,RGL,Renaissance Global Limited,165.02,0.46,340589.0,1106929.0,0.31,173.8,92.8,-5.05,77.82,173.8,85.0,137.56,117.87,Yes,40.57,252.0,91
2026-09-30 13:13,RHETAN,Rhetan TMT Limited,17.51,4.91,9859606.0,9370500.0,1.05,34.87,14.42,-49.78,21.43,34.87,14.42,23.91,25.95,No,-31.98,252.0,2
2026-09-30 13:13,RHIM,RHI MAGNESITA INDIA LIMITED,384.85,-2.12,469393.0,1057384.0,0.44,443.8,333.8,-13.28,15.29,508.3,323.05,383.62,402.74,No,-1.83,251.0,51
2026-09-30 13:13,RHL,Robust Hotels Limited,165.18,0.12,501.0,4509.0,0.11,201.0,162.95,-17.82,1.37,273.9,160.98,169.92,180.79,No,-6.58,250.0,39
2026-09-30 13:13,RICOAUTO,Rico Auto Industries Limited,126.92,0.55,579674.0,804635.0,0.72,157.99,108.3,-19.67,17.19,157.99,78.92,133.77,125.78,Yes,-1.59,252.0,51
2026-09-30 13:13,RIIL,Reliance Industrial Infrastructure Limited,677.35,0.04,39395.0,44341.0,0.89,908.0,670.0,-25.4,1.1,964.0,617.35,733.54,752.91,No,-11.71,251.0,27
2026-09-30 13:13,RIR,RIR Power Electronics Limited,184.1,-2.12,2667043.0,3965269.0,0.67,213.94,154.0,-13.95,19.55,213.94,154.0,170.94,,,,55.0,
2026-09-30 13:13,RISHABH,Rishabh Instruments Limited,703.0,-2.88,122457.0,206477.0,0.59,852.0,453.0,-17.49,55.19,852.0,315.0,702.56,526.87,Yes,43.02,250.0,91
2026-09-30 13:13,RITCO,Ritco Logistics Limited,280.25,-0.21,51847.0,96805.0,0.54,331.15,231.71,-15.37,20.95,331.15,167.1,300.63,256.0,Yes,18.46,249.0,78
2026-09-30 13:13,RITES,RITES Limited,209.05,8.7,50415786.0,2830765.0,17.81,244.59,191.25,-14.53,9.31,259.7,175.0,214.64,215.45,No,-3.23,252.0,47
2026-09-30 13:13,RKDL,Ravi Kumar Distilleries Limited,18.17,-1.03,2815.0,11628.0,0.24,22.39,17.3,-18.85,5.03,28.2,16.3,18.68,19.95,No,-8.59,250.0,34
2026-09-30 13:13,RKEC,RKEC Projects Limited,23.09,-2.2,229278.0,107101.0,2.14,34.79,17.4,-33.63,32.7,75.65,17.4,23.0,34.6,No,-30.99,251.0,3
2026-09-30 13:13,RKFORGE,Ramkrishna Forgings Limited,702.3,-1.73,529471.0,557261.0,0.95,772.8,530.1,-9.12,32.48,772.8,460.15,706.87,587.8,Yes,28.98,252.0,85
2026-09-30 13:13,RKSWAMY,R K Swamy Limited,90.09,0.68,20350.0,25829.0,0.79,114.9,86.83,-21.59,3.75,150.85,67.15,95.87,98.51,No,-4.64,250.0,44
2026-09-30 13:13,RMC,RMC Switchgears Limited,209.58,-0.38,40748.0,53222.0,0.77,470.0,194.1,-55.41,7.98,530.0,194.1,251.71,,,-36.43,127.0,2
2026-09-30 13:13,RML,Rane (Madras) Limited,1351.9,-2.1,51877.0,220684.0,0.24,1440.0,878.95,-6.12,53.81,1440.0,608.5,1203.85,953.56,Yes,47.44,252.0,93
2026-09-30 13:13,ROHLTD,Royal Orchid Hotels Limited,299.85,-2.12,7840.0,16266.0,0.48,353.95,292.0,-15.28,2.69,562.95,269.4,307.33,338.21,No,-11.45,249.0,28
2026-09-30 13:13,ROLEXRINGS,Rolex Rings Limited,190.09,-0.26,1051226.0,1804577.0,0.58,198.45,134.55,-4.21,41.28,198.45,99.79,168.95,143.6,Yes,43.48,252.0,92
2026-09-30 13:13,ROML,Raj Oil Mills Limited,43.38,3.51,1171.0,2373.0,0.49,50.0,39.55,-13.24,9.68,62.0,35.11,43.26,44.9,No,-3.62,250.0,47
2026-09-30 13:13,ROSSARI,Rossari Biotech Limited,417.95,-2.28,70430.0,68782.0,1.02,575.0,416.0,-27.31,0.47,690.3,375.0,479.16,503.52,No,-18.54,252.0,12
2026-09-30 13:13,ROSSELLIND,Rossell India Limited,50.87,-0.31,17079.0,39044.0,0.44,73.0,50.1,-30.32,1.54,73.0,40.0,56.22,52.32,No,-1.22,250.0,52
2026-09-30 13:13,ROSSTECH,Rossell Techsys Limited,1503.2,1.45,253107.0,498554.0,0.51,1525.0,839.95,-1.43,78.96,1525.0,551.9,1159.4,907.4,Yes,86.47,252.0,98
2026-09-30 13:13,ROTO,Roto Pumps Limited,64.58,2.09,472606.0,445730.0,1.06,78.87,54.59,-18.12,18.3,80.77,47.5,65.33,62.46,Yes,-0.77,252.0,53
2026-09-30 13:13,ROUTE,ROUTE MOBILE LIMITED,445.0,-0.49,67891.0,224158.0,0.3,649.95,444.05,-31.53,0.21,809.0,410.7,506.71,539.45,No,-19.97,252.0,9
2026-09-30 13:13,RPEL,Raghav Productivity Enhancers Limited,1809.0,5.29,153469.0,128017.0,1.2,1943.7,732.25,-6.93,147.05,1943.7,561.3,1560.47,1051.62,Yes,92.51,251.0,99
2026-09-30 13:13,RPGLIFE,RPG Life Sciences Limited,3037.1,-1.69,46574.0,39903.0,1.17,3127.8,2065.3,-2.9,47.05,3127.8,1733.0,2753.89,2327.48,Yes,35.51,252.0,89
2026-09-30 13:13,RPOWER,Reliance Power Limited,19.69,-0.4,19087941.0,19164629.0,1.0,29.4,19.45,-33.03,1.23,50.73,19.45,22.35,26.26,No,-26.44,252.0,4
2026-09-30 13:13,RPPINFRA,R.P.P. Infra Projects Limited,51.49,1.36,40361.0,157658.0,0.26,78.0,50.2,-33.99,2.57,131.25,50.2,57.39,72.07,No,-26.96,250.0,3
2026-09-30 13:13,RPSGVENT,RPSG VENTURES LIMITED,850.5,2.0,40383.0,30974.0,1.3,1021.0,803.15,-16.7,5.9,1179.0,551.9,872.47,827.74,Yes,0.28,251.0,55
2026-09-30 13:13,RPTECH,Rashi Peripherals Limited,953.5,3.04,1656947.0,385853.0,4.29,1004.7,496.8,-5.1,91.93,1004.7,313.05,839.28,567.28,Yes,94.55,252.0,99
2026-09-30 13:13,RRECL,RDB Real Estate Constructions Limited,134.95,4.46,431.0,811.0,0.53,152.0,111.2,-11.22,21.36,152.0,111.2,,,,,32.0,
2026-09-30 13:13,RRIL,RRIL Limited,15.36,-0.78,25713.0,24069.0,1.07,18.48,15.06,-16.88,1.99,18.48,15.06,,,,,31.0,
2026-09-30 13:13,RRKABEL,R R Kabel Limited,2518.6,-0.18,254647.0,488495.0,0.52,2983.8,1898.1,-15.59,32.69,2983.8,1218.9,2626.24,1947.64,Yes,44.36,252.0,92
2026-09-30 13:13,RSL,Rajputana Stainless Limited,168.36,1.76,279170.0,375235.0,0.74,202.22,123.56,-16.74,36.26,202.22,101.7,167.3,,,33.73,136.0,88
2026-09-30 13:13,RSSOFTWARE,R. S. Software (India) Limited,29.73,-0.8,9352.0,25604.0,0.37,38.44,27.29,-22.66,8.94,75.25,21.93,30.71,35.44,No,-13.08,251.0,24
2026-09-30 13:13,RSWM,RSWM Limited,208.6,-1.78,45977.0,73193.0,0.63,238.0,150.42,-12.35,38.68,238.0,120.0,211.25,174.4,Yes,28.7,251.0,85
2026-09-30 13:13,RSYSTEMS,R Systems International Limited,279.9,-6.29,12512073.0,7190780.0,1.74,305.98,213.52,-8.52,31.09,435.9,213.52,249.31,288.15,No,4.64,251.0,62
2026-09-30 13:13,RTNINDIA,RattanIndia Enterprises Limited,26.06,1.56,5389561.0,1980029.0,2.72,41.34,24.95,-36.96,4.45,54.5,24.4,29.37,33.09,No,-22.93,252.0,6
2026-09-30 13:13,RTNPOWER,RattanIndia Power Limited,6.89,0.29,10505507.0,16539483.0,0.64,10.18,6.71,-32.32,2.68,11.94,6.71,7.8,8.72,No,-23.42,252.0,6
2026-09-30 13:13,RTSPOWR,RTS Power Corporation Limited,109.87,-7.03,31060.0,23571.0,1.32,138.05,68.88,-20.41,59.51,138.05,68.88,,,,,31.0,
2026-09-30 13:13,RUBFILA,Rubfila International Limited,63.05,-1.25,32520.0,61249.0,0.53,82.2,61.61,-23.3,2.34,86.48,57.31,68.59,70.49,No,-9.67,249.0,31
2026-09-30 13:13,RUBICON,Rubicon Research Limited,1619.4,0.65,228306.0,267123.0,0.85,1899.0,940.15,-14.72,72.25,1899.0,570.75,1691.48,1126.31,Yes,74.86,239.0,98
2026-09-30 13:13,RUBYMILLS,The Ruby Mills Limited,499.75,1.62,15683.0,42311.0,0.37,522.0,222.36,-4.26,124.75,522.0,169.02,416.75,290.73,Yes,90.15,250.0,99
2026-09-30 13:13,RUCHINFRA,Ruchi Infrastructure Limited,4.91,-2.77,142320.0,126383.0,1.13,6.72,4.42,-26.93,11.09,7.72,4.05,5.63,5.95,No,-20.4,250.0,9
2026-09-30 13:13,RUCHIRA,Ruchira Papers Limited,103.25,-1.0,15630.0,58437.0,0.27,127.99,99.91,-19.33,3.34,151.25,95.17,106.46,111.62,No,-5.95,250.0,41
2026-09-30 13:13,RUDRA,Rudra Global Infra Products Limited,18.77,4.1,20494.0,41235.0,0.5,25.95,16.01,-27.67,17.24,29.7,14.63,19.75,,,1.31,196.0,57
2026-09-30 13:13,RUPA,Rupa & Company Limited,130.52,-1.41,90267.0,102035.0,0.88,183.2,130.0,-28.76,0.4,209.9,109.21,148.72,149.7,No,-16.33,251.0,16
2026-09-30 13:13,RUSHIL,Rushil Decor Limited,16.14,0.06,107116.0,510972.0,0.21,18.95,13.91,-14.83,16.03,30.0,12.49,16.76,17.52,No,-6.02,252.0,41
2026-09-30 13:13,RUSTOMJEE,Keystone Realtors Limited,361.2,-0.48,15534.0,107512.0,0.14,446.15,331.9,-19.04,8.83,634.0,331.9,373.65,418.69,No,-17.13,250.0,14
2026-09-30 13:13,RVHL,Ravinder Heights Limited,38.2,-0.21,5964.0,7610.0,0.78,51.79,35.11,-26.24,8.8,62.15,28.5,41.61,43.19,No,-12.15,249.0,27
2026-09-30 13:13,RVNL,Rail Vikas Nigam Limited,201.76,1.95,17680320.0,5275704.0,3.35,291.35,195.15,-30.75,3.39,400.7,195.15,216.87,268.68,No,-23.81,252.0,6
2026-09-30 13:13,RVTH,Revathi Equipment India Limited,669.8,0.74,900.0,1530.0,0.59,859.0,613.5,-22.03,9.18,1128.0,491.1,712.2,676.86,No,-1.99,251.0,50
2026-09-30 13:13,S&SPOWER,S&S Power Switchgears Limited,298.15,-1.03,12222.0,3743.0,3.26,428.75,270.0,-30.46,10.43,444.95,193.5,322.58,333.4,No,-9.45,249.0,32
2026-09-30 13:13,SAATVIKGL,Saatvik Green Energy Limited,413.55,-0.23,33023.0,163995.0,0.2,493.0,384.7,-16.12,7.5,567.0,328.0,422.01,422.47,No,-1.11,252.0,52
2026-09-30 13:13,SAB,SAB Industries Limited,170.0,0.0,0.0,140.0,0.0,192.6,165.0,-11.73,3.03,192.6,165.0,,,,,29.0,
2026-09-30 13:13,SADBHAV,Sadbhav Engineering Limited,7.15,3.17,138349.0,181111.0,0.76,10.54,6.9,-32.16,3.62,14.7,6.05,8.21,8.76,No,-22.43,250.0,7
2026-09-30 13:13,SADBHIN,Sadbhav Infrastructure Project Limited,2.6,1.56,90108.0,110554.0,0.82,3.2,2.17,-18.75,19.82,4.79,2.06,2.58,2.96,No,-5.25,250.0,43
2026-09-30 13:13,SAFARI,Safari Industries (India) Limited,1429.6,-0.09,58651.0,40041.0,1.46,1702.9,1398.0,-16.05,2.26,2507.1,1363.1,1511.59,1682.22,No,-16.94,249.0,15
2026-09-30 13:13,SAGARDEEP,Sagardeep Alloys Limited,23.13,-1.32,8443.0,5742.0,1.47,28.4,22.76,-18.56,1.63,31.48,20.81,23.98,24.55,No,-8.06,251.0,36
2026-09-30 13:13,SAGCEM,Sagar Cements Limited,148.64,0.81,22428.0,58447.0,0.38,197.99,141.52,-24.93,5.03,258.1,141.52,162.79,180.3,No,-18.57,250.0,12
2026-09-30 13:13,SAGILITY,SAGILITY LIMITED,42.58,0.09,11421337.0,12143646.0,0.94,47.49,38.52,-10.34,10.54,57.89,35.83,44.25,43.99,No,-2.49,252.0,49
2026-09-30 13:13,SAHLIBHFI,Shalibhadra Finance Limited,78.84,0.6,9062.0,114320.0,0.08,91.95,66.6,-14.26,18.38,91.95,66.6,78.13,,,,121.0,
2026-09-30 13:13,SAHYADRI,Sahyadri Industries Limited,346.75,-0.7,7735.0,16062.0,0.48,408.95,262.55,-15.21,32.07,408.95,200.1,350.84,284.02,Yes,36.41,250.0,89
2026-09-30 13:13,SAICAPI,Sai Capital Limited,146.5,-5.54,180.0,616.0,0.29,170.05,133.5,-13.85,9.74,170.05,133.5,,,,,31.0,
2026-09-30 13:13,SAIL,Steel Authority of India Limited,181.49,-0.18,15625254.0,15195379.0,1.03,209.7,158.01,-13.45,14.86,209.7,124.0,178.69,168.98,Yes,12.56,252.0,72
2026-09-30 13:13,SAILIFE,Sai Life Sciences Limited,1524.5,-2.27,536982.0,657534.0,0.82,1697.0,949.3,-10.16,60.59,1697.0,783.85,1478.69,1147.16,Yes,42.93,252.0,91
2026-09-30 13:13,SAIPARENT,Sai Parenterals Limited,529.3,5.33,351546.0,69376.0,5.07,706.0,467.0,-25.03,13.34,706.0,400.0,531.27,,,0.53,127.0,55
2026-09-30 13:13,SAKAR,Sakar Healthcare Limited,1093.05,-2.57,58262.0,148545.0,0.39,1229.85,586.7,-11.12,86.3,1229.85,345.5,985.8,697.39,Yes,83.64,252.0,98
2026-09-30 13:13,SAKHTISUG,Sakthi Sugars Limited,18.01,-0.55,79469.0,173211.0,0.46,23.29,16.11,-22.67,11.79,23.29,13.52,18.74,17.68,Yes,7.62,251.0,66
2026-09-30 13:13,SAKSOFT,Saksoft Limited,139.43,-0.25,168937.0,233466.0,0.72,217.33,129.31,-35.84,7.83,222.99,107.59,157.27,156.63,No,-16.13,252.0,17
2026-09-30 13:13,SAKUMA,Sakuma Exports Limited,1.56,0.65,797045.0,1003436.0,0.79,2.1,1.44,-25.71,8.33,3.1,1.1,1.61,1.81,No,-8.79,250.0,34
2026-09-30 13:13,SALASAR,Salasar Techno Engineering Limited,4.08,-1.92,14740256.0,8809072.0,1.67,7.35,3.8,-44.49,7.37,10.99,3.8,5.49,6.94,No,-39.44,252.0,1
2026-09-30 13:13,SALONA,Salona Cotspin Limited,260.7,-2.34,101.0,703.0,0.14,320.0,200.0,-18.53,30.35,320.0,200.0,259.88,263.85,No,1.47,249.0,57
2026-09-30 13:13,SALSTEEL,S.A.L. Steel Limited,99.06,2.04,1173594.0,660221.0,1.78,101.53,51.06,-2.43,94.01,101.53,26.1,73.25,55.22,Yes,108.4,249.0,99
2026-09-30 13:13,SALZERELEC,Salzer Electronics Limited,536.4,0.14,18504.0,40029.0,0.46,738.95,520.0,-27.41,3.15,952.5,488.8,561.49,611.78,No,-12.99,252.0,24
2026-09-30 13:13,SAMBANDAM,Sambandam Spinning Mills Limited,111.4,1.29,576.0,546.0,1.05,161.9,100.0,-31.19,11.4,161.9,100.0,,,,,27.0,
2026-09-30 13:13,SAMBHAAV,Sambhaav Media Limited,5.74,-3.04,155497.0,40849.0,3.81,7.49,5.51,-23.36,4.17,11.53,5.07,6.16,6.95,No,-13.5,249.0,23
2026-09-30 13:13,SAMBHV,Sambhv Steel Tubes Limited,164.9,1.64,5951174.0,7227038.0,0.82,167.31,100.0,-1.44,64.9,167.31,81.42,130.18,110.62,Yes,53.42,251.0,94
2026-09-30 13:13,SAMHI,Samhi Hotels Limited,153.68,2.91,803682.0,1774476.0,0.45,188.23,141.21,-18.36,8.83,217.3,127.0,162.67,164.79,No,-9.81,252.0,31
2026-09-30 13:13,SAMMAANCAP,Sammaan Capital Limited,136.54,0.04,4574713.0,4412852.0,1.04,192.34,134.75,-29.01,1.33,192.95,129.0,151.99,152.92,No,-14.53,252.0,20
2026-09-30 13:13,SAMPANN,Sampann Utpadan India Limited,24.17,1.47,3944.0,19021.0,0.21,30.88,23.07,-21.73,4.77,43.44,23.07,25.72,28.58,No,-18.3,249.0,12
2026-09-30 13:13,SANATHAN,Sanathan Textiles Limited,508.15,-1.33,99234.0,180438.0,0.55,544.3,386.2,-6.64,31.58,544.3,352.6,474.13,437.72,Yes,19.94,250.0,79
2026-09-30 13:13,SANDESH,The Sandesh Limited,999.3,-2.94,998.0,676.0,1.47,1270.0,908.8,-21.31,9.96,1270.0,811.0,1033.83,1009.37,No,1.99,250.0,58
2026-09-30 13:13,SANDHAR,Sandhar Technologies Limited,585.9,0.55,133185.0,115459.0,1.15,763.2,495.0,-23.23,18.36,763.2,424.0,622.49,577.56,Yes,-0.15,252.0,54
2026-09-30 13:13,SANDUMA,Sandur Manganese & Iron Ores Limited,182.18,-0.28,268694.0,488042.0,0.55,245.69,178.2,-25.85,2.23,273.0,166.9,197.67,209.17,No,-13.42,252.0,23
2026-09-30 13:13,SANGAMIND,Sangam (India) Limited,626.9,-2.89,27711.0,51600.0,0.54,672.5,469.8,-6.78,33.44,672.5,391.2,592.21,514.33,Yes,27.48,249.0,84
2026-09-30 13:13,SANGHVIMOV,Sanghvi Movers Limited,455.2,0.26,204771.0,234827.0,0.87,528.0,294.95,-13.79,54.33,528.0,223.8,455.12,361.53,Yes,23.05,252.0,82
2026-09-30 13:13,SANOFI,Sanofi India Limited,3057.0,-0.49,15057.0,17679.0,0.85,3488.9,3049.0,-12.38,0.26,4898.0,3049.0,3214.04,3515.88,No,-13.68,251.0,23
2026-09-30 13:13,SANOFICONR,Sanofi Consumer Healthcare India Limited,3802.8,-1.66,6012.0,6891.0,0.87,5255.0,3796.0,-27.63,0.18,5255.0,3796.0,4270.96,4432.7,No,-16.52,251.0,16
2026-09-30 13:13,SANSERA,Sansera Engineering Limited,4537.5,4.02,247128.0,311705.0,0.79,4743.5,2317.4,-4.34,95.8,4743.5,1382.7,3898.35,2767.63,Yes,90.34,252.0,99
2026-09-30 13:13,SANSTAR,Sanstar Limited,104.94,-0.91,61552.0,171381.0,0.36,137.49,96.25,-23.67,9.03,137.49,74.3,110.42,100.52,Yes,4.96,252.0,63
2026-09-30 13:13,SAPPHIRE,Sapphire Foods India Limited,212.08,0.49,448916.0,838008.0,0.54,258.78,162.37,-18.05,30.62,310.5,139.91,221.68,199.66,Yes,11.25,252.0,71
2026-09-30 13:13,SAPPL,Shree Ajit Pulp & Paper Limited,300.1,2.23,6609.0,1930.0,3.42,309.0,265.3,-2.88,13.12,309.0,265.3,,,,,31.0,
2026-09-30 13:13,SARDAEN,Sarda Energy & Minerals Limited,497.3,-0.61,213353.0,621744.0,0.34,583.95,485.1,-14.84,2.51,624.0,453.1,508.34,521.49,No,-2.31,251.0,50
2026-09-30 13:13,SAREGAMA,Saregama India Limited,506.55,2.65,643513.0,401402.0,1.6,574.5,339.35,-11.83,49.27,574.5,307.05,506.99,412.2,Yes,27.9,251.0,85
2026-09-30 13:13,SARLAPOLY,Sarla Performance Fibers Limited,93.96,-1.79,28975.0,45596.0,0.64,111.0,91.1,-15.35,3.14,111.0,68.4,99.93,92.37,Yes,1.53,252.0,57
2026-09-30 13:13,SARVESHWAR,Sarveshwar Foods Limited,3.49,1.45,1207597.0,3031038.0,0.4,4.17,3.11,-16.31,12.22,6.64,2.5,3.53,3.76,No,-9.32,252.0,32
2026-09-30 13:13,SASKEN,Sasken Technologies Limited,1672.7,0.84,12713.0,24407.0,0.52,2780.2,1611.7,-39.84,3.78,2780.2,991.0,1839.79,1624.12,Yes,2.76,251.0,60
2026-09-30 13:13,SATIA,Satia Industries Limited,69.7,1.78,197935.0,184590.0,1.07,71.26,52.2,-2.19,33.52,83.8,50.8,62.8,62.25,Yes,19.89,250.0,79
2026-09-30 13:13,SATIN,Satin Creditcare Network Limited,232.2,-2.31,383105.0,222557.0,1.72,274.14,205.3,-15.3,13.1,274.14,135.81,229.66,194.97,Yes,25.33,250.0,83
2026-09-30 13:13,SAURASHCEM,Saurashtra Cement Limited,54.53,0.79,54035.0,91633.0,0.59,72.46,51.4,-24.74,6.09,112.25,47.65,57.24,62.94,No,-11.06,251.0,29
2026-09-30 13:13,SAYAJIHOTL,Sayaji Hotels Limited,304.0,-6.73,7.0,110.0,0.06,365.2,265.5,-16.76,14.5,365.2,138.7,314.59,,,,119.0,
2026-09-30 13:13,SAYAJIIND,Sayaji Industries Limited,119.9,1.01,2055.0,1255.0,1.64,125.95,106.5,-4.8,12.58,125.95,106.5,,,,,31.0,
2026-09-30 13:13,SBC,SBC Exports Limited,58.29,6.5,35612789.0,12213475.0,2.92,59.5,33.0,-2.03,76.64,59.5,21.7,44.24,36.42,Yes,68.57,252.0,97
2026-09-30 13:13,SBCL,Shivalik Bimetal Controls Limited,1071.7,-3.56,233284.0,311389.0,0.75,1215.7,568.15,-11.85,88.63,1215.7,368.6,1000.76,666.29,Yes,94.54,251.0,99
2026-09-30 13:13,SBFC,SBFC Finance Limited,85.48,1.21,642876.0,1136450.0,0.57,104.39,83.61,-18.11,2.24,123.0,79.6,93.87,94.15,No,-7.12,252.0,38
2026-09-30 13:13,SBGLP,Suratwwala Business Group Limited,22.84,-0.61,49077.0,217995.0,0.23,28.0,19.2,-18.43,18.96,40.9,18.35,24.15,27.6,No,-12.77,250.0,25
2026-09-30 13:13,SBICARD,SBI Cards and Payment Services Limited,578.05,-0.51,582208.0,1588818.0,0.37,675.0,565.45,-14.36,2.23,965.0,565.45,642.34,687.47,No,-12.61,252.0,25
2026-09-30 13:13,SBIFUNDS,SBI Funds Management Limited,516.05,-0.34,1540556.0,877164.0,1.76,624.95,514.0,-17.43,0.4,624.95,514.0,557.98,,,,52.0,
2026-09-30 13:13,SBILIFE,SBI Life Insurance Company Limited,1696.4,-2.22,1813183.0,1083466.0,1.67,1915.0,1652.9,-11.42,2.63,2132.0,1652.9,1781.14,1880.44,No,-8.65,252.0,34
2026-09-30 13:13,SBIN,State Bank of India,959.5,-0.54,8004673.0,8053035.0,0.99,1124.5,933.9,-14.67,2.74,1234.7,857.25,1025.03,1042.31,No,-6.22,252.0,41
2026-09-30 13:13,SCHAEFFLER,Schaeffler India Limited,3897.1,-0.58,63775.0,50430.0,1.26,4429.0,3811.1,-12.01,2.26,4467.7,3518.4,4033.74,4007.59,No,-2.31,252.0,50
2026-09-30 13:13,SCHAND,S Chand And Company Limited,148.08,0.54,17383.0,28603.0,0.61,184.5,127.73,-19.74,15.93,200.0,127.73,139.56,152.21,No,-1.64,249.0,51
2026-09-30 13:13,SCHNEIDER,Schneider Electric Infrastructure Limited,1203.4,0.9,249868.0,211358.0,1.18,1548.0,1066.2,-22.26,12.87,1548.0,571.85,1258.23,1080.73,Yes,14.71,252.0,74
2026-09-30 13:13,SCI,Shipping Corporation Of India Limited,270.5,-0.88,1048577.0,1325068.0,0.79,351.7,260.2,-23.09,3.96,368.75,195.55,286.3,271.66,No,3.05,252.0,60
2026-09-30 13:13,SCILAL,Shipping Corporation of India Land and Assets Limited,36.86,0.46,117342.0,270733.0,0.43,50.88,36.2,-27.56,1.82,55.0,34.3,39.64,43.54,No,-15.46,251.0,18
2026-09-30 13:13,SCODATUBES,Scoda Tubes Limited,124.87,-4.05,553569.0,381357.0,1.45,155.99,118.0,-19.95,5.82,181.48,110.0,134.45,139.48,No,-15.68,252.0,18
2026-09-30 13:13,SDBL,Som Distilleries & Breweries Limited,78.17,-1.11,1674443.0,2680024.0,0.62,90.0,64.1,-13.14,21.95,136.0,61.8,72.26,80.94,No,2.54,252.0,59
2026-09-30 13:13,SEAMECLTD,Seamec Limited,1641.6,-0.7,71131.0,72122.0,0.99,1849.0,1286.1,-11.22,27.64,1849.0,771.75,1619.63,1432.16,Yes,23.95,249.0,82
2026-09-30 13:13,SECMARK,SecMark Consultancy Limited,140.0,-1.93,175.0,3279.0,0.05,179.5,115.4,-22.01,21.32,179.5,95.05,134.13,122.17,Yes,20.91,249.0,80
2026-09-30 13:13,SECURKLOUD,SECUREKLOUD TECHNOLOGIES LIMITED,16.61,-2.64,17158.0,20583.0,0.83,23.7,15.6,-29.92,6.47,34.18,15.6,17.61,20.81,No,-17.28,250.0,14
2026-09-30 13:13,SEDEMAC,SEDEMAC Mechatronics Limited,3494.5,0.26,178971.0,241285.0,0.74,3596.0,1930.5,-2.82,81.02,3596.0,1413.1,3010.01,,,50.64,142.0,93
2026-09-30 13:13,SEIL,Shanti Educational Initiatives Limited,189.64,0.38,129978.0,212830.0,0.61,215.6,178.4,-12.04,6.3,215.6,178.4,,,,,32.0,
2026-09-30 13:13,SEJALLTD,Sejal Glass Limited,674.0,3.89,6126.0,20708.0,0.3,839.25,587.45,-19.69,14.73,1036.7,381.0,690.81,700.12,No,3.41,252.0,60
2026-09-30 13:13,SEKURITIND,Saint Gobain Sekurit India Limited,110.93,1.26,18760.0,26298.0,0.71,124.65,105.05,-11.01,5.6,124.65,105.05,,,,,32.0,
2026-09-30 13:13,SEMAC,Semac Construction Limited,232.85,-4.55,6421.0,1094.0,5.87,411.55,231.8,-43.42,0.45,519.25,205.0,291.15,291.43,No,-20.59,249.0,9
2026-09-30 13:13,SENCO,Senco Gold Limited,320.95,-2.24,502476.0,768365.0,0.65,430.0,310.15,-25.36,3.48,430.0,276.0,360.74,336.31,No,-0.74,252.0,53
2026-09-30 13:13,SENORES,Senores Pharmaceuticals Limited,1385.8,-1.28,268540.0,221960.0,1.21,1599.0,906.6,-13.33,52.86,1599.0,700.75,1426.0,1075.37,Yes,36.8,252.0,89
2026-09-30 13:13,SEPC,SEPC Limited,5.02,-1.57,5233003.0,7200239.0,0.73,8.58,4.92,-41.49,2.03,12.24,4.65,5.62,7.12,No,-28.52,252.0,3
2026-09-30 13:13,SERVOTECH,Servotech Renewable Power System Limited,70.25,-1.53,364886.0,432593.0,0.84,115.8,69.51,-39.34,1.06,141.5,57.51,80.65,83.56,No,-17.93,252.0,13
2026-09-30 13:13,SESHAPAPER,Seshasayee Paper and Boards Limited,240.47,-0.85,62115.0,62758.0,0.99,264.0,209.96,-8.91,14.53,293.11,209.96,236.06,241.93,No,1.98,250.0,58
2026-09-30 13:13,SETL,Standard Engineering Technology Limited,422.8,-1.43,407517.0,947851.0,0.43,468.15,127.51,-9.69,231.58,468.15,104.56,349.69,203.43,Yes,129.45,251.0,99
2026-09-30 13:13,SFL,Sheela Foam Limited,634.1,0.41,76803.0,290032.0,0.26,832.45,534.0,-23.83,18.75,832.45,456.8,683.94,617.82,Yes,-0.05,252.0,54
2026-09-30 13:13,SGFIN,SG Finserve Limited,604.35,1.52,293138.0,165391.0,1.77,727.45,544.05,-16.92,11.08,727.45,323.0,663.83,532.4,Yes,15.2,252.0,75
2026-09-30 13:13,SGIL,Synergy Green Industries Limited,666.2,1.35,4759.0,13751.0,0.35,697.95,495.2,-4.55,34.53,697.95,420.0,598.4,549.7,Yes,26.64,249.0,84
2026-09-30 13:13,SGL,STL Global Limited,8.56,-8.45,84208.0,18730.0,4.5,12.66,8.42,-32.39,1.66,15.99,8.4,9.79,11.03,No,-17.9,249.0,13
2026-09-30 13:13,SGLRES,SGL Resources Limited,2.38,2.15,78563.0,57548.0,1.37,2.65,2.22,-10.19,7.21,2.65,2.22,,,,,32.0,
2026-09-30 13:13,SGMART,SG Mart Limited,750.75,-0.69,125096.0,208900.0,0.6,860.6,560.25,-12.76,34.0,860.6,313.1,753.8,561.17,Yes,49.07,251.0,93
2026-09-30 13:13,SGRL,Shree Ganesh Remedies Limited,687.15,3.21,13348.0,22004.0,0.61,749.85,490.0,-8.36,40.23,749.85,490.0,,,,,32.0,
2026-09-30 13:13,SHADOWFAX,Shadowfax Technologies Limited,280.25,-0.21,7419638.0,3880175.0,1.91,292.2,163.5,-4.09,71.41,292.2,98.55,251.26,,,62.14,171.0,96
2026-09-30 13:13,SHAH,Shah Metacorp Limited,3.14,-0.32,678623.0,1524124.0,0.45,5.77,2.56,-45.58,22.66,5.88,2.56,3.7,4.6,No,-34.5,249.0,2
2026-09-30 13:13,SHAILY,Shaily Engineering Plastics Limited,3063.0,0.73,80016.0,157198.0,0.51,3615.2,2376.0,-15.27,28.91,3615.2,1770.9,3222.23,2597.39,Yes,22.89,252.0,81
2026-09-30 13:13,SHAKTIPUMP,Shakti Pumps (India) Limited,461.35,0.73,477064.0,1097588.0,0.43,621.9,455.0,-25.82,1.4,831.05,455.0,493.91,556.19,No,-21.01,252.0,8
2026-09-30 13:13,SHALBY,Shalby Limited,138.65,-2.37,263673.0,125689.0,2.1,182.27,131.81,-23.93,5.19,273.0,125.82,152.35,163.15,No,-18.76,252.0,11
2026-09-30 13:13,SHANKARA,Shankara Building Products Limited,126.48,-0.78,39804.0,103449.0,0.38,152.0,102.77,-16.79,23.07,197.4,98.25,143.05,122.16,Yes,5.68,250.0,64
2026-09-30 13:13,SHANKESH,Shankesh Jewellers Limited,90.25,1.63,3013510.0,6793659.0,0.44,115.9,87.25,-22.13,3.44,115.9,87.25,,,,,27.0,
2026-09-30 13:13,SHANTI,Shanti Overseas (India) Limited,5.49,-1.44,46100.0,41240.0,1.12,7.57,5.26,-27.48,4.37,12.26,4.7,6.33,6.94,No,-19.72,249.0,10
2026-09-30 13:13,SHANTIGEAR,Shanthi Gears Limited,579.9,-3.62,120369.0,282023.0,0.43,743.0,384.0,-21.95,51.02,743.0,384.0,532.7,470.85,Yes,28.59,251.0,85
2026-09-30 13:13,SHANTIGOLD,Shanti Gold International Limited,308.6,0.57,3315490.0,4394143.0,0.75,333.09,202.02,-7.35,52.76,333.09,155.0,249.3,216.88,Yes,55.04,252.0,94
2026-09-30 13:13,SHARDACROP,Sharda Cropchem Limited,723.5,0.28,58845.0,98727.0,0.6,1238.8,716.0,-41.6,1.05,1297.0,716.0,785.99,928.57,No,-18.35,251.0,12
2026-09-30 13:13,SHARDAMOTR,Sharda Motor Industries Limited,956.95,-1.47,37174.0,78779.0,0.47,1024.95,764.5,-6.63,25.17,1189.9,700.0,906.09,875.89,Yes,10.9,250.0,71
2026-09-30 13:13,SHAREINDIA,Share India Securities Limited,205.01,-0.33,703669.0,8811011.0,0.08,233.35,124.91,-12.14,64.13,233.35,115.36,185.22,155.36,Yes,44.14,252.0,92
2026-09-30 13:13,SHBAJRG,Shri Bajrang Alliance Limited,159.79,-5.54,25638.0,4715.0,5.44,184.0,147.98,-13.16,7.98,184.0,147.98,,,,,31.0,
2026-09-30 13:13,SHEMAROO,Shemaroo Entertainment Limited,117.12,-0.7,14645.0,9893.0,1.48,143.0,93.51,-18.1,25.25,143.0,73.0,123.03,110.45,Yes,9.67,249.0,69
2026-09-30 13:13,SHERVANI,Shervani Industrial Syndicate Limited,335.0,3.08,3.0,280.0,0.01,374.0,303.35,-10.43,10.43,374.0,303.35,,,,,30.0,
2026-09-30 13:13,SHILCTECH,Shilchar Technologies Limited,4084.0,1.27,9895.0,15970.0,0.62,4779.9,3769.6,-14.56,8.34,5399.0,2852.5,4161.57,4102.74,No,-1.78,216.0,51
2026-09-30 13:13,SHILGRAVQ,Shilp Gravures Limited,146.05,4.46,3192.0,11373.0,0.28,179.7,138.0,-18.73,5.83,179.7,138.0,,,,,32.0,
2026-09-30 13:13,SHILPAMED,Shilpa Medicare Limited,1047.2,-0.81,491714.0,886883.0,0.55,1075.0,432.5,-2.59,142.13,1075.0,259.5,855.42,525.21,Yes,134.37,252.0,99
2026-09-30 13:13,SHINDL,Sharat Industries Limited,159.6,-0.31,66280.0,235657.0,0.28,175.0,156.2,-8.8,2.18,175.0,156.2,,,,,31.0,
2026-09-30 13:13,SHIPROCKET,Shiprocket Limited,120.16,0.14,1913902.0,5793876.0,0.33,156.9,116.64,-23.42,3.02,156.9,116.64,,,,,31.0,
2026-09-30 13:13,SHIVAAGRO,Shiva Global Agro Industries Limited,39.47,0.87,5236.0,3845.0,1.36,45.9,36.0,-14.01,9.64,45.9,36.0,,,,,31.0,
2026-09-30 13:13,SHIVACEM,Shiva Cement Limited,13.76,-7.71,694030.0,88090.0,7.88,17.15,13.0,-19.77,5.85,17.15,13.0,,,,,32.0,
2026-09-30 13:13,SHIVALIK,Shivalik Rasayan Limited,403.45,-1.92,45380.0,141716.0,0.32,436.9,206.4,-7.66,95.47,471.0,206.4,311.97,283.89,Yes,59.19,252.0,96
2026-09-30 13:13,SHIVAMAUTO,Shivam Autotech Limited,17.04,2.04,112889.0,98332.0,1.15,20.7,15.15,-17.68,12.48,32.39,13.05,17.18,18.88,No,-2.83,250.0,48
2026-09-30 13:13,SHIVAMILLS,Shiva Mills Limited,58.14,-3.1,509.0,1420.0,0.36,68.4,56.1,-15.0,3.64,74.0,43.01,61.03,59.36,No,1.53,249.0,57
2026-09-30 13:13,SHIVATEX,Shiva Texyarn Limited,166.87,-1.24,623.0,6337.0,0.1,192.3,139.0,-13.22,20.05,217.92,126.06,168.35,161.86,Yes,10.4,249.0,70
2026-09-30 13:13,SHIVAUM,Shiv Aum Steels Limited,557.15,2.15,122580.0,97510.0,1.26,559.1,308.75,-0.35,80.45,559.1,275.0,453.43,361.83,Yes,54.09,249.0,94
2026-09-30 13:13,SHK,S H Kelkar and Company Limited,141.02,0.49,181372.0,347872.0,0.52,177.06,119.11,-20.35,18.39,243.51,111.98,152.32,146.41,No,2.18,252.0,59
2026-09-30 13:13,SHOPERSTOP,Shoppers Stop Limited,415.0,-0.94,26629.0,395245.0,0.07,442.0,316.55,-6.11,31.1,558.0,275.95,399.81,360.77,Yes,20.3,252.0,80
2026-09-30 13:13,SHRADDHA,Shraddha Prime Projects Limited,152.31,2.97,10595.0,6172.0,1.72,179.0,142.0,-14.91,7.26,179.0,142.0,,,,,31.0,
2026-09-30 13:13,SHRADHA,Shradha Realty Limited,30.5,3.11,845.0,16881.0,0.05,42.64,26.5,-28.47,15.09,51.81,26.34,32.47,35.41,No,-11.04,249.0,29
2026-09-30 13:13,SHREDIGCEM,Shree Digvijay Cement Co.Ltd,65.92,-0.74,32697.0,86747.0,0.38,79.9,65.0,-17.5,1.42,97.15,53.9,71.3,73.61,No,-14.42,252.0,21
2026-09-30 13:13,SHREECEM,SHREE CEMENT LIMITED,22345.0,2.03,20943.0,39262.0,0.53,27550.0,21550.0,-18.89,3.69,30285.0,21550.0,24264.5,25232.22,No,-13.66,252.0,23
2026-09-30 13:13,SHREEJISPG,Shreeji Shipping Global Limited,770.4,0.93,329738.0,1100260.0,0.3,774.0,416.65,-0.47,84.9,774.0,222.0,669.4,476.28,Yes,82.35,252.0,98
2026-09-30 13:13,SHREEPUSHK,Shree Pushkar Chemicals & Fertilisers Limited,492.75,2.25,70017.0,106704.0,0.66,545.2,333.4,-9.62,47.8,545.2,272.45,446.93,380.1,Yes,29.79,252.0,86
2026-09-30 13:13,SHREERAMA,Shree Rama Multi-Tech Limited,43.73,0.05,26435.0,95878.0,0.28,49.91,37.62,-12.38,16.24,71.99,37.62,42.53,48.65,No,-9.7,251.0,31
2026-09-30 13:13,SHREYANIND,Shreyans Industries Limited,130.45,1.12,4801.0,6597.0,0.73,169.62,121.76,-23.09,7.14,235.5,121.76,132.57,149.58,No,-10.68,249.0,30
2026-09-30 13:13,SHRIKRISH,Shri Krishna Devcon Limited,33.89,-6.12,2386.0,855.0,2.79,42.87,33.17,-20.95,2.17,42.87,33.17,,,,,29.0,
2026-09-30 13:13,SHRINGARMS,Shringar House of Mangalsutra Limited,224.6,4.02,2097228.0,432774.0,4.85,242.0,199.0,-7.19,12.86,266.5,166.0,220.79,216.85,Yes,5.13,251.0,63
2026-09-30 13:13,SHRIPISTON,SPR Auto Technologies Limited,4653.7,-2.01,75703.0,76079.0,1.0,4843.0,3222.2,-3.91,44.43,4843.0,2525.8,4476.83,3634.8,Yes,31.99,251.0,87
2026-09-30 13:13,SHRIRAMFIN,Shriram Finance Limited,982.7,1.15,5552283.0,3949593.0,1.41,1153.7,879.1,-14.82,11.78,1153.7,636.0,1059.59,1008.15,No,-2.67,252.0,49
2026-09-30 13:13,SHRIRAMPPS,Shriram Properties Limited,69.21,-0.93,333575.0,328358.0,1.02,97.9,68.51,-29.31,1.02,99.44,60.57,77.55,80.94,No,-15.81,252.0,17
2026-09-30 13:13,SHRJAGP,Shri Jagdamba Polymers Limited,665.6,4.93,758.0,436.0,1.74,751.95,590.05,-11.48,12.8,751.95,590.05,,,,,32.0,
2026-09-30 13:13,SHUKRAPHAR,Shukra Pharmaceuticals Limited,62.09,2.97,6037708.0,4170116.0,1.45,63.36,40.06,-2.0,54.99,63.36,40.06,,,,,34.0,
2026-09-30 13:13,SHYAMMETL,Shyam Metalics and Energy Limited,1065.0,-0.84,235216.0,520438.0,0.45,1148.0,860.05,-7.23,23.83,1148.0,746.0,1044.57,920.22,Yes,20.68,252.0,80
2026-09-30 13:13,SHYAMTEL,Shyam Telecom Limited,10.99,1.2,2507.0,5997.0,0.42,22.66,10.27,-51.5,7.01,25.42,7.07,13.43,14.05,No,-18.02,250.0,13
2026-09-30 13:13,SICAGEN,Sicagen India Limited,51.74,1.09,5078.0,18555.0,0.27,74.06,46.55,-30.14,11.15,74.06,24.35,54.82,,,,119.0,
2026-09-30 13:13,SIEL,Superior Industrial Enterprises Limited,29.01,-4.89,204.0,427.0,0.48,44.54,28.1,-34.87,3.24,44.54,28.1,,,,,31.0,
2026-09-30 13:13,SIEMENS,Siemens Limited,3725.6,0.42,183291.0,249581.0,0.73,4149.4,3398.1,-10.21,9.64,4149.4,2826.0,3901.22,3514.62,Yes,13.98,251.0,74
2026-09-30 13:13,SIGACHI,Sigachi Industries Limited,28.8,0.14,1852136.0,6249405.0,0.3,38.77,19.5,-25.72,47.69,40.85,16.65,29.9,24.87,Yes,23.12,251.0,82
2026-09-30 13:13,SIGMA,Sigma Solve Limited,44.25,0.8,48186.0,87250.0,0.55,57.2,36.12,-22.64,22.51,65.5,35.46,46.02,44.93,No,5.2,251.0,63
2026-09-30 13:13,SIGNATURE,Signatureglobal (India) Limited,727.15,-3.62,331497.0,340388.0,0.97,928.0,721.05,-21.64,0.85,1153.9,705.2,787.3,860.1,No,-11.29,249.0,28
2026-09-30 13:13,SIGNPOST,Signpost India Limited,262.0,1.61,48744.0,306364.0,0.16,336.8,236.4,-22.21,10.83,336.8,191.41,270.93,255.72,Yes,2.38,249.0,59
2026-09-30 13:13,SIKA,Sika Interplant Systems Limited,1014.35,-1.08,12196.0,64280.0,0.19,1111.0,962.5,-8.7,5.39,1111.0,962.5,,,,,32.0,
2026-09-30 13:13,SIL,Standard Industries Limited,15.69,-4.45,158905.0,61310.0,2.59,22.3,14.37,-29.64,9.19,22.3,11.7,18.02,16.05,No,3.48,250.0,61
2026-09-30 13:13,SILGO,Silgo Retail Limited,70.21,-0.4,50805.0,88237.0,0.58,86.2,66.55,-18.55,5.5,86.2,61.0,70.92,74.09,No,-7.09,251.0,39
2026-09-30 13:13,SILINV,SIL Investments Limited,431.45,-1.18,1394.0,1465.0,0.95,498.0,390.0,-13.36,10.63,767.0,380.0,447.59,445.36,No,-0.85,250.0,53
2026-09-30 13:13,SILVERTUC,Silver Touch Technologies Limited,140.49,-0.07,260895.0,525378.0,0.5,216.8,138.86,-35.2,1.17,1117.45,100.5,177.51,199.5,No,-28.63,252.0,3
2026-09-30 13:13,SIMPLEXINF,Simplex Infrastructures Limited,245.5,1.09,73111.0,93838.0,0.78,292.0,200.25,-15.92,22.6,318.0,137.0,250.95,233.82,Yes,9.98,250.0,69
2026-09-30 13:13,SIMPLXREA,Simplex Realty Limited,130.0,-0.67,89.0,155.0,0.57,149.98,114.17,-13.32,13.87,149.98,114.17,,,,,30.0,
2026-09-30 13:13,SINCLAIR,Sinclairs Hotels Limited,78.63,1.55,7388.0,33319.0,0.22,86.9,71.41,-9.52,10.11,101.13,68.82,77.93,77.69,Yes,1.98,250.0,58
2026-09-30 13:13,SINDHUTRAD,Sindhu Trade Links Limited,22.89,0.13,154867.0,2229386.0,0.07,28.64,21.64,-20.08,5.78,29.38,17.64,24.26,23.66,No,-1.3,250.0,52
2026-09-30 13:13,SINGERIND,Singer India Limited,77.31,0.68,76015.0,90670.0,0.84,91.3,63.75,-15.32,21.27,91.3,57.15,74.79,,,13.63,132.0,73
2026-09-30 13:13,SINTERCOM,Sintercom India Limited,79.91,3.83,1109.0,16892.0,0.07,92.3,68.25,-13.42,17.08,130.0,62.99,80.62,82.9,No,1.11,249.0,56
2026-09-30 13:13,SIRCA,Sirca Paints India Limited,410.1,0.5,131184.0,206615.0,0.63,458.0,385.0,-10.46,6.52,539.0,385.0,425.7,435.86,No,-2.99,252.0,48
2026-09-30 13:13,SIS,SIS LIMITED,419.1,0.11,321349.0,416447.0,0.77,480.95,373.05,-12.86,12.34,480.95,257.05,424.71,372.7,Yes,17.03,251.0,76
2026-09-30 13:13,SIYSIL,Siyaram Silk Mills Limited,539.95,-0.27,14052.0,28181.0,0.5,668.1,508.35,-19.18,6.22,848.8,433.35,580.62,578.1,No,-9.74,252.0,31
2026-09-30 13:13,SJS,S.J.S. Enterprises Limited,2258.0,-2.24,89173.0,157280.0,0.57,2590.0,1850.4,-12.82,22.03,2590.0,1447.1,2396.17,1988.59,Yes,19.74,251.0,79
2026-09-30 13:13,SJVN,SJVN Limited,59.32,-0.85,2570708.0,2672684.0,0.96,79.45,59.01,-25.34,0.53,92.16,59.01,65.78,71.74,No,-17.37,252.0,14
2026-09-30 13:13,SKFINDIA,SKF India Limited,1509.9,-0.27,30500.0,55311.0,0.55,1723.0,1425.5,-12.37,5.92,5074.0,1404.0,1537.77,1643.35,No,-8.53,252.0,35
2026-09-30 13:13,SKFINDUS,SKF India (Industrial) Limited,2767.9,-0.76,172115.0,113878.0,1.51,3218.7,1998.0,-14.01,38.53,3218.7,1994.1,2828.89,2537.6,Yes,5.93,204.0,64
2026-09-30 13:13,SKIPPER,Skipper Limited,531.15,-1.92,260312.0,1476066.0,0.18,616.8,436.35,-13.89,21.73,616.8,327.05,546.47,467.68,Yes,16.29,251.0,76
2026-09-30 13:13,SKMEGGPROD,SKM Egg Products Export (India) Limited,211.15,-3.63,187223.0,164278.0,1.14,372.0,170.15,-43.24,24.1,372.0,143.1,251.18,215.99,No,-9.51,252.0,32
2026-09-30 13:13,SKYGOLD,SKY GOLD AND DIAMONDS LIMITED,810.7,-1.24,695389.0,769412.0,0.9,868.8,422.75,-6.69,91.77,868.8,275.8,768.03,506.85,Yes,89.26,252.0,99
2026-09-30 13:13,SKYWAYS,Skyways Air Services Limited,113.26,-1.78,2302916.0,10886961.0,0.21,137.38,106.82,-17.56,6.03,137.38,106.82,,,,,22.0,
2026-09-30 13:13,SMARTWORKS,Smartworks Coworking Spaces Limited,519.85,1.09,108747.0,80066.0,1.36,567.9,418.0,-8.46,24.37,619.0,361.5,513.52,462.05,Yes,15.88,251.0,75
2026-09-30 13:13,SMCGLOBAL,SMC Global Securities Limited,94.48,1.61,6525138.0,5674576.0,1.15,107.0,58.11,-11.7,62.59,107.0,54.44,81.83,75.08,Yes,34.42,250.0,88
2026-09-30 13:13,SMLMAH,SML Mahindra Limited,6578.0,-0.58,47971.0,96565.0,0.5,6898.5,3430.0,-4.65,91.78,6898.5,2719.0,5637.58,4428.18,Yes,64.57,252.0,96
2026-09-30 13:13,SMLT,Sarthak Metals Limited,61.82,4.23,11905.0,6971.0,1.71,83.97,57.8,-26.38,6.96,121.0,56.61,65.66,71.41,No,-13.23,250.0,24
2026-09-30 13:13,SMSPHARMA,SMS Pharmaceuticals Limited,476.6,-0.58,372052.0,1562429.0,0.24,494.45,349.25,-3.61,36.46,494.45,245.21,396.58,377.36,Yes,25.19,251.0,83
2026-09-30 13:13,SNOWMAN,Snowman Logistics Limited,34.64,-0.14,120284.0,110440.0,1.09,43.4,34.0,-20.18,1.88,55.19,30.5,36.88,38.16,No,-8.4,252.0,35
2026-09-30 13:13,SOBHA,Sobha Limited,1221.6,0.42,121784.0,78975.0,1.54,1559.5,1172.0,-21.67,4.23,1732.0,1130.0,1283.14,1376.36,No,-11.7,251.0,27
2026-09-30 13:13,SOFTTECH,Softtech Engineers Limited,493.5,-1.86,17609.0,8782.0,2.01,545.0,392.95,-9.45,25.59,545.0,215.0,439.28,370.45,Yes,48.56,249.0,93
2026-09-30 13:13,SOLARA,Solara Active Pharma Sciences Limited,725.4,-3.26,177406.0,573178.0,0.31,774.0,471.55,-6.28,53.83,774.0,422.0,618.9,546.88,Yes,33.63,252.0,88
2026-09-30 13:13,SOLARINDS,Solar Industries India Limited,19700.0,5.63,302128.0,273035.0,1.11,22700.0,15850.0,-13.22,24.29,22700.0,11646.0,19740.9,16298.74,Yes,31.17,251.0,87
2026-09-30 13:13,SOLARWORLD,Solarworld Energy Solutions Limited,129.28,0.23,320630.0,301354.0,1.06,242.0,126.2,-46.58,2.44,350.0,126.2,155.32,195.98,No,-38.49,251.0,1
2026-09-30 13:13,SOLEX,Solex Energy Limited,678.85,-1.41,27975.0,96903.0,0.29,1464.0,651.2,-53.63,4.25,1985.0,651.2,791.36,1039.87,No,-37.63,251.0,1
2026-09-30 13:13,SOMANYCERA,Somany Ceramics Limited,617.75,0.64,64566.0,110314.0,0.59,627.3,435.05,-1.52,42.0,627.3,332.0,542.44,468.58,Yes,34.55,250.0,89
2026-09-30 13:13,SOMATEX,Soma Textiles & Industries Limited,79.16,-2.89,1858.0,9754.0,0.19,119.45,76.76,-33.73,3.13,161.25,68.35,88.35,103.01,No,-20.71,249.0,8
2026-09-30 13:13,SOMICONVEY,Somi Conveyor Beltings Limited,89.31,0.78,5523.0,18542.0,0.3,120.0,80.16,-25.58,11.41,169.4,80.16,92.5,103.66,No,-15.06,250.0,19
2026-09-30 13:13,SONACOMS,Sona BLW Precision Forgings Limited,830.0,1.76,2733421.0,2111547.0,1.29,844.0,555.55,-1.66,49.4,844.0,404.35,794.3,614.24,Yes,46.89,252.0,93
2026-09-30 13:13,SONAL,Sonal Mercantile Limited,87.56,-4.54,94.0,121.0,0.77,94.0,82.5,-6.85,6.13,94.0,82.5,,,,,31.0,
2026-09-30 13:13,SONATSOFTW,Sonata Software Limited,258.25,-1.0,817785.0,1225219.0,0.67,359.5,251.4,-28.16,2.72,400.5,207.15,296.78,288.46,No,-7.82,252.0,36
2026-09-30 13:13,SOTL,Savita Oil Technologies Limited,718.8,0.25,2590440.0,493444.0,5.25,860.4,392.05,-16.46,83.34,860.4,285.8,692.71,485.06,Yes,70.37,252.0,97
2026-09-30 13:13,SOUTHBANK,The South Indian Bank Limited,48.24,-0.96,15753795.0,13332771.0,1.18,50.68,37.78,-4.81,27.69,50.68,29.26,46.47,42.6,Yes,16.17,252.0,76
2026-09-30 13:13,SOUTHWEST,South West Pinnacle Exploration Limited,182.49,-0.5,62091.0,261620.0,0.24,275.0,180.35,-33.64,1.19,275.0,121.0,215.48,216.03,No,-13.65,251.0,23
2026-09-30 13:13,SPAL,S. P. Apparels Limited,964.6,3.08,35666.0,41430.0,0.86,1221.9,732.4,-21.06,31.7,1221.9,600.0,994.94,843.86,Yes,11.04,251.0,71
2026-09-30 13:13,SPANDANA,Spandana Sphoorty Financial Limited,220.76,-2.61,304124.0,102412.0,2.97,319.4,219.01,-30.88,0.8,319.4,181.1,243.39,248.42,No,-15.67,252.0,18
2026-09-30 13:13,SPARC,Sun Pharma Advanced Research Company Limited,197.19,-5.58,1365966.0,949941.0,1.44,289.0,158.21,-31.77,24.64,289.0,108.0,202.17,173.88,Yes,18.06,252.0,77
2026-09-30 13:13,SPCENET,Spacenet Enterprises India Limited,3.18,-0.31,450589.0,726654.0,0.62,4.47,3.0,-28.86,6.0,11.24,3.0,3.41,4.27,No,-20.12,250.0,9
2026-09-30 13:13,SPENCERS,Spencer's Retail Limited,26.71,-2.52,37412.0,33340.0,1.12,39.2,26.5,-31.86,0.79,61.4,24.38,30.25,34.13,No,-25.45,252.0,4
2026-09-30 13:13,SPIC,Southern Petrochemicals Industries Corporation  Limited,63.94,0.74,140574.0,416612.0,0.34,76.44,62.06,-16.35,3.03,96.83,55.1,67.66,69.61,No,-9.21,251.0,33
2026-09-30 13:13,SPLIL,SPL Industries Limited,29.24,-2.17,4947.0,7747.0,0.64,35.44,27.52,-17.49,6.25,45.2,20.2,30.94,30.64,No,-1.44,249.0,52
2026-09-30 13:13,SPLPETRO,Supreme Petrochem Limited,808.2,-2.84,247527.0,416702.0,0.59,899.0,660.6,-10.1,22.34,899.0,462.3,759.04,698.53,Yes,14.52,252.0,74
2026-09-30 13:13,SPMLINFRA,SPML Infra Limited,161.02,-0.65,99115.0,169198.0,0.59,222.3,157.92,-27.57,1.96,250.65,151.01,182.27,186.94,No,-13.17,252.0,24
2026-09-30 13:13,SPORTKING,Sportking India Limited,210.5,-0.78,121292.0,267076.0,0.45,241.51,136.5,-12.84,54.21,241.51,78.17,213.16,153.41,Yes,60.76,250.0,96
2026-09-30 13:13,SRD,Shankar Lal Rampal Dye-Chem Limited,38.54,-0.62,52650.0,33928.0,1.55,45.0,36.0,-14.36,7.06,75.79,36.0,39.11,46.3,No,-15.44,249.0,18
2026-09-30 13:13,SRF,SRF Limited,2472.5,2.17,291863.0,212964.0,1.37,2970.0,2417.9,-16.75,2.26,3210.0,2355.0,2570.72,2690.96,No,-10.26,252.0,30
2026-09-30 13:13,SRGHFL,SRG Housing Finance Limited,136.4,-1.66,16211.0,47168.0,0.34,335.0,118.6,-59.28,15.01,335.0,118.6,234.32,267.5,No,-51.98,250.0,1
2026-09-30 13:13,SRHHYPOLTD,Sree Rayalaseema Hi-Strength Hypo Limited,563.9,-2.02,17963.0,56639.0,0.32,670.0,466.0,-15.84,21.01,670.0,382.4,511.36,491.43,Yes,19.74,250.0,79
2026-09-30 13:13,SRM,SRM Contractors Limited,404.4,-0.94,42098.0,52189.0,0.81,568.45,400.4,-28.86,1.0,649.95,361.35,466.22,473.7,No,-16.97,251.0,15
2026-09-30 13:13,SRTL,Shree Ram Twistex Limited,37.26,-0.24,7793.0,34686.0,0.22,48.59,35.75,-23.32,4.22,73.36,35.75,38.95,,,-8.18,147.0,36
2026-09-30 13:13,SSDL,Saraswati Saree Depot Limited,75.81,-9.66,224216.0,205859.0,1.09,86.78,51.53,-12.64,47.12,90.44,46.15,59.9,62.48,Yes,25.87,251.0,84
2026-09-30 13:13,SSRETAIL,SS Retail Limited,749.5,0.35,13356753.0,28169357.0,0.47,888.0,603.05,-15.6,24.28,888.0,603.05,,,,,6.0,
2026-09-30 13:13,SSWL,Steel Strips Wheels Limited,408.1,1.86,1299404.0,1367590.0,0.95,413.75,194.76,-1.37,109.54,413.75,169.0,332.94,242.59,Yes,88.01,251.0,98
2026-09-30 13:13,STANLEY,Stanley Lifestyles Limited,136.31,-0.92,136343.0,102493.0,1.33,175.98,133.34,-22.54,2.23,304.0,123.0,141.67,157.71,No,-11.44,251.0,28
2026-09-30 13:13,STAR,Strides Pharma Science Limited,1120.0,-4.49,447456.0,380393.0,1.18,1260.9,931.3,-11.17,20.26,1260.9,768.65,1073.96,1008.85,Yes,9.34,252.0,68
2026-09-30 13:13,STARCEMENT,Star Cement Limited,181.96,2.17,123938.0,200966.0,0.62,228.7,175.2,-20.44,3.86,273.0,175.2,194.3,210.12,No,-14.46,251.0,21
2026-09-30 13:13,STARHEALTH,Star Health and Allied Insurance Company Limited,534.65,-0.64,240982.0,1020249.0,0.24,624.9,491.9,-14.44,8.69,624.9,416.55,571.14,515.95,Yes,4.59,252.0,62
2026-09-30 13:13,STARPAPER,Star Paper Mills Limited,152.52,-0.33,6486.0,23953.0,0.27,172.5,132.2,-11.58,15.37,177.8,119.05,153.04,145.69,Yes,6.61,252.0,65
2026-09-30 13:13,STARTECK,Starteck Finance Limited,306.95,-8.48,7138.0,4241.0,1.68,350.0,230.0,-12.3,33.46,350.0,215.1,257.63,263.32,Yes,12.39,250.0,72
2026-09-30 13:13,STCINDIA,The State Trading Corporation of India Limited,109.14,2.02,20049.0,17372.0,1.15,150.0,105.0,-27.24,3.94,150.0,97.04,115.69,118.31,No,-9.98,251.0,31
2026-09-30 13:13,STEAMHOUSE,Steamhouse India Limited,110.94,0.07,3546740.0,17837452.0,0.2,117.6,91.6,-5.66,21.11,117.6,91.6,,,,,10.0,
2026-09-30 13:13,STEELCAS,Steelcast Limited,377.2,1.45,169841.0,246462.0,0.69,390.9,257.8,-3.5,46.31,390.9,176.02,335.27,275.0,Yes,47.16,251.0,93
2026-09-30 13:13,STEELCITY,Steel City Securities Limited,81.35,-1.01,3777.0,17483.0,0.22,93.0,73.0,-12.53,11.44,103.79,71.26,82.87,82.67,No,-0.02,250.0,54
2026-09-30 13:13,STEELXIND,STEEL EXCHANGE INDIA LIMITED,11.42,2.06,7014822.0,11903996.0,0.59,13.95,9.91,-18.14,15.24,13.95,7.0,11.18,10.08,Yes,10.91,252.0,71
2026-09-30 13:13,STEL,Stel Holdings Limited,570.1,-4.66,11379.0,5356.0,2.12,689.95,430.0,-17.37,32.58,689.95,380.0,593.91,518.01,Yes,10.58,252.0,70
2026-09-30 13:13,STERTOOLS,Sterling Tools Limited,218.31,-1.32,18804.0,20938.0,0.9,290.38,204.0,-24.82,7.01,335.0,155.0,226.86,233.84,No,-8.2,251.0,35
2026-09-30 13:13,STLNETWORK,STL Networks Limited,48.97,-0.99,26386897.0,9534278.0,2.77,56.5,23.0,-13.33,112.91,56.5,15.75,31.69,25.67,Yes,114.92,252.0,99
2026-09-30 13:13,STLSTRINF,Steel Strips Infrastructures Limited,22.25,-3.26,7368.0,16539.0,0.45,27.9,14.59,-20.25,52.5,27.9,14.59,,,,,31.0,
2026-09-30 13:13,STOVEKRAFT,Stove Kraft Limited,794.95,-2.3,70280.0,98267.0,0.72,877.0,521.05,-9.36,52.57,877.0,447.05,803.63,637.28,Yes,27.13,251.0,84
2026-09-30 13:13,STUDDS,Studds Accessories Limited,393.85,-0.45,55228.0,86587.0,0.64,559.9,389.45,-29.66,1.13,600.0,389.45,430.75,475.38,No,-17.44,227.0,14
2026-09-30 13:13,STYL,Seshaasai Technologies Limited,369.95,0.31,48584.0,125814.0,0.39,433.85,249.61,-14.73,48.21,434.7,209.11,380.99,298.05,Yes,31.58,252.0,87
2026-09-30 13:13,STYLAMIND,Stylam Industries Limited,3308.7,-0.83,14001.0,42632.0,0.33,4150.0,2499.0,-20.27,32.4,4150.0,1667.2,3429.01,2749.38,Yes,25.65,252.0,83
2026-09-30 13:13,STYLEBAAZA,Baazar Style Retail Limited,384.75,-5.0,1884189.0,1213912.0,1.55,447.1,252.7,-13.95,52.26,447.1,229.95,363.08,327.11,Yes,27.3,252.0,84
2026-09-30 13:13,STYRENIX,Styrenix Performance Materials Limited,2015.5,0.73,21522.0,31982.0,0.67,2653.0,1964.4,-24.03,2.6,2653.0,1780.0,2174.38,2116.22,No,-3.91,252.0,46
2026-09-30 13:13,SUBEXLTD,Subex Limited,19.73,-3.05,10252778.0,15849320.0,0.65,22.8,9.71,-13.46,103.19,22.8,6.61,16.86,11.95,Yes,89.1,252.0,98
2026-09-30 13:13,SUBROS,Subros Limited,699.35,-0.41,18044.0,34880.0,0.52,897.9,666.2,-22.11,4.98,1172.7,622.1,742.26,768.5,No,-12.77,251.0,25
2026-09-30 13:13,SUDARCOLOR,Sudarshan Colorants India Limited,376.95,-1.76,2873.0,5990.0,0.48,437.95,335.1,-13.93,12.49,560.05,268.25,386.26,374.46,Yes,4.05,250.0,61
2026-09-30 13:13,SUDARSCHEM,Sudarshan Chemical Industries Limited,1203.9,0.55,406263.0,190523.0,2.13,1347.0,834.8,-10.62,44.21,1360.4,726.4,1168.08,968.73,Yes,37.9,251.0,90
2026-09-30 13:13,SUDEEPPHRM,Sudeep Pharma Limited,1205.8,0.89,176078.0,241324.0,0.73,1378.0,633.0,-12.5,90.49,1378.0,524.05,1101.87,783.99,Yes,69.4,212.0,97
2026-09-30 13:13,SUKHJITS,Sukhjit Starch & Chemicals Limited,156.42,-0.97,5663.0,23046.0,0.25,226.8,153.7,-31.03,1.77,231.1,137.3,160.8,171.38,No,-7.63,249.0,37
2026-09-30 13:13,SULA,Sula Vineyards Limited,133.3,1.16,137949.0,404874.0,0.34,174.5,131.55,-23.61,1.33,266.65,131.55,147.28,165.94,No,-20.53,252.0,9
2026-09-30 13:13,SUMEDHA,Sumedha Fiscal Services Limited,45.48,4.24,1311.0,2457.0,0.53,48.1,36.6,-5.45,24.26,48.1,36.6,,,,,31.0,
2026-09-30 13:13,SUMEETINDS,Sumeet Industries Limited,10.92,-2.5,823546.0,1209927.0,0.68,35.67,9.26,-69.39,17.93,40.5,9.26,14.78,25.12,No,-63.31,250.0,1
2026-09-30 13:13,SUMICHEM,Sumitomo Chemical India Limited,433.25,0.49,261889.0,277982.0,0.94,572.05,411.55,-24.26,5.27,572.05,362.6,504.01,457.27,No,-6.44,252.0,40
2026-09-30 13:13,SUMIT,Sumit Woods Limited,49.59,-0.76,12830.0,18821.0,0.68,58.97,37.85,-15.91,31.02,104.0,31.74,51.64,49.79,No,0.72,250.0,56
2026-09-30 13:13,SUMMITSEC,Summit Securities Limited,1318.9,-0.28,2404.0,3393.0,0.71,1649.0,1305.0,-20.02,1.07,2495.0,1305.0,1436.04,1594.31,No,-17.94,251.0,13
2026-09-30 13:13,SUNCLAY,Sundaram Clayton Limited,1228.9,-0.21,4681.0,5068.0,0.92,1549.9,1184.6,-20.71,3.74,1728.0,1112.8,1271.74,1312.62,No,-5.59,251.0,42
2026-09-30 13:13,SUNDARAM,Sundaram Multi Pap Limited,1.09,-0.91,613063.0,359755.0,1.7,1.49,1.02,-26.85,6.86,2.2,1.02,1.21,1.4,No,-20.75,250.0,8
2026-09-30 13:13,SUNDARMFIN,Sundaram Finance Limited,4355.0,0.47,54251.0,45295.0,1.2,4965.3,4000.0,-12.29,8.88,5642.0,4000.0,4582.17,4779.44,No,-8.12,252.0,36
2026-09-30 13:13,SUNDRMBRAK,Sundaram Brake Linings Limited,676.05,0.64,396.0,1008.0,0.39,920.0,600.0,-26.52,12.67,920.0,460.0,760.29,684.4,No,-2.55,252.0,49
2026-09-30 13:13,SUNDRMFAST,Sundram Fasteners Limited,1139.3,-0.34,74513.0,272241.0,0.27,1347.2,815.15,-15.43,39.77,1347.2,730.1,1157.88,949.82,Yes,29.16,251.0,86
2026-09-30 13:13,SUNDROP,Sundrop Brands Limited,745.2,-0.74,6739.0,39270.0,0.17,775.0,623.25,-3.85,19.57,823.95,556.0,675.64,658.94,Yes,16.86,250.0,76
2026-09-30 13:13,SUNFLAG,Sunflag Iron And Steel Company Limited,456.05,-1.78,624779.0,690413.0,0.9,471.0,323.3,-3.17,41.06,471.0,192.15,362.36,309.91,Yes,56.96,252.0,95
2026-09-30 13:13,SUNLOC,Sunil Healthcare Limited,68.8,1.18,336.0,282.0,1.19,82.0,67.5,-16.1,1.93,82.0,67.5,,,,,31.0,
2026-09-30 13:13,SUNPHARMA,Sun Pharmaceutical Industries Limited,1816.6,-2.6,2401342.0,1471431.0,1.63,2046.9,1756.8,-11.25,3.4,2046.9,1583.7,1907.07,1808.93,Yes,0.89,252.0,56
2026-09-30 13:13,SUNRAKSHAK,Sunrakshakk Industries India Limited,358.9,-1.83,12756.0,8465.0,1.51,382.4,350.1,-6.15,2.51,382.4,350.1,,,,,31.0,
2026-09-30 13:13,SUNSHIEL,Sunshield Chemicals Limited,1054.0,-3.08,15883.0,3997.0,3.97,1284.8,1034.8,-17.96,1.86,1284.8,1034.8,,,,,32.0,
2026-09-30 13:13,SUNSHINE,Sunshine Pictures Limited,453.65,1.93,290201.0,2014891.0,0.14,524.95,326.25,-13.58,39.05,524.95,326.25,,,,,27.0,
2026-09-30 13:13,SUNTECK,Sunteck Realty Limited,277.4,-1.03,66925.0,115476.0,0.58,343.0,268.55,-19.13,3.3,472.5,268.55,296.45,335.46,No,-17.88,252.0,13
2026-09-30 13:13,SUNTV,Sun TV Network Limited,605.0,9.35,34672059.0,2825749.0,12.27,663.9,447.2,-8.87,35.29,663.9,447.2,484.11,539.19,Yes,10.16,252.0,70
2026-09-30 13:13,SUPERHOUSE,Superhouse Limited,160.05,0.09,3444.0,9459.0,0.36,189.0,145.6,-15.32,9.92,189.0,128.55,165.55,155.4,Yes,7.8,250.0,66
2026-09-30 13:13,SUPRAJIT,Suprajit Engineering Limited,481.2,-2.21,43215.0,91374.0,0.47,559.25,410.35,-13.96,17.27,559.25,389.95,500.07,458.52,Yes,5.13,250.0,63
2026-09-30 13:13,SUPREME,Supreme Holdings & Hospitality (India) Limited,30.42,2.18,12129.0,44950.0,0.27,55.25,29.06,-44.94,4.68,97.84,29.06,38.9,51.32,No,-43.16,249.0,1
2026-09-30 13:13,SUPREMEIND,Supreme Industries Limited,3451.0,0.15,139373.0,151956.0,0.92,3710.0,3140.0,-6.98,9.9,4293.9,3140.0,3497.39,3574.77,No,2.66,252.0,60
2026-09-30 13:13,SUPREMEINF,Supreme Infrastructure India Limited,73.9,-5.05,95813.0,49413.0,1.94,99.46,68.01,-25.7,8.66,110.88,58.11,84.57,80.9,No,-2.89,250.0,48
2026-09-30 13:13,SUPRIYA,Supriya Lifescience Limited,950.25,-3.53,229710.0,347429.0,0.66,1085.0,666.0,-12.42,42.68,1085.0,545.5,870.03,774.72,Yes,19.54,251.0,79
2026-09-30 13:13,SURAJEST,Suraj Estate Developers Limited,207.69,-0.66,91940.0,354179.0,0.26,230.69,165.0,-9.97,25.87,319.0,165.0,197.33,213.26,No,-2.47,251.0,49
2026-09-30 13:13,SURAJLTD,Suraj Limited,195.0,0.96,4.0,1535.0,0.0,249.45,190.3,-21.83,2.47,348.65,190.3,209.07,228.6,No,-19.49,250.0,10
2026-09-30 13:13,SURAKSHA,Suraksha Diagnostic Limited,355.4,0.1,121095.0,95528.0,1.27,360.0,240.4,-1.28,47.84,360.0,224.1,307.72,282.31,Yes,35.68,250.0,89
2026-09-30 13:13,SURANASOL,Surana Solar Limited,24.87,1.47,18686.0,30081.0,0.62,30.5,24.25,-18.46,2.56,34.51,18.31,25.89,25.47,No,-2.86,251.0,48
2026-09-30 13:13,SURANAT&P,Surana Telecom and Power Limited,15.84,-0.19,15359.0,47023.0,0.33,21.48,15.5,-26.26,2.19,24.12,15.5,16.65,18.04,No,-17.45,249.0,14
2026-09-30 13:13,SURYALA,Suryalata Spinning Mills Limited,377.0,0.09,309.0,919.0,0.34,424.95,371.05,-11.28,1.6,424.95,371.05,,,,,32.0,
2026-09-30 13:13,SURYALAXMI,Suryalakshmi Cotton Mills Limited,58.8,3.83,6614.0,3500.0,1.89,67.7,53.45,-13.15,10.01,67.7,43.0,58.19,57.5,Yes,5.27,249.0,63
2026-09-30 13:13,SURYAROSNI,Surya Roshni Limited,221.37,0.28,298508.0,414256.0,0.72,275.79,206.72,-19.73,7.09,314.5,187.35,224.35,238.92,No,-11.53,252.0,28
2026-09-30 13:13,SURYODAY,Suryoday Small Finance Bank Limited,145.16,0.33,143645.0,185515.0,0.77,218.0,142.01,-33.41,2.22,218.0,115.41,156.07,151.08,No,-5.25,251.0,43
2026-09-30 13:13,SUVEN,Suven Life Sciences Limited,320.2,-1.4,402662.0,521458.0,0.77,403.35,202.31,-20.61,58.27,403.35,124.11,341.81,238.69,Yes,44.71,252.0,92
2026-09-30 13:13,SUVIDHAA,Suvidhaa Infoserve Limited,2.09,0.0,104823.0,240514.0,0.44,3.03,1.77,-31.02,18.08,4.25,1.77,2.36,2.81,No,-25.42,251.0,4
2026-09-30 13:13,SUYOG,Suyog Telematics Limited,695.1,0.75,70141.0,28138.0,2.49,921.15,623.5,-24.54,11.48,921.15,528.0,757.45,721.09,No,-4.47,250.0,45
2026-09-30 13:13,SUZLON,Suzlon Energy Limited,39.49,-0.03,47016902.0,51103744.0,0.92,60.45,38.9,-34.67,1.52,61.5,38.19,45.95,49.26,No,-22.8,252.0,6
2026-09-30 13:13,SVGLOBAL,S V Global Mill Limited,137.18,-4.2,1595.0,23341.0,0.07,177.5,114.3,-22.72,20.02,177.5,114.3,,,,,31.0,
2026-09-30 13:13,SVLL,Shree Vasu Logistics Limited,805.8,-0.93,2386.0,6936.0,0.34,897.45,535.0,-10.21,50.62,897.45,445.15,783.05,666.51,Yes,24.91,249.0,83
2026-09-30 13:13,SVPGLOB,SVP GLOBAL TEXTILES LIMITED,3.13,-0.63,23663.0,34452.0,0.69,4.27,3.0,-26.7,4.33,6.89,2.18,3.65,3.54,No,-7.62,249.0,37
2026-09-30 13:13,SWANCORP,SWAN CORP LIMITED,280.2,-1.36,919629.0,3800980.0,0.24,345.8,273.65,-18.97,2.39,493.6,273.65,299.2,346.63,No,-17.67,252.0,14
2026-09-30 13:13,SWARAJENG,Swaraj Engines Limited,3546.2,-0.06,4835.0,7628.0,0.63,4118.0,3501.0,-13.89,1.29,4437.4,3301.3,3579.78,3673.64,No,-5.09,250.0,43
2026-09-30 13:13,SWARNSAR,Swarnsarita Jewels India Limited,39.96,-3.22,3258.0,40358.0,0.08,45.7,32.0,-12.56,24.87,45.7,32.0,,,,,31.0,
2026-09-30 13:13,SWELECTES,Swelect Energy Systems Limited,597.9,2.62,44503.0,25102.0,1.77,700.0,533.1,-14.59,12.16,977.0,483.1,601.08,599.29,No,-2.94,250.0,48
2026-09-30 13:13,SWIGGY,Swiggy Limited,250.1,-1.42,9116546.0,26279736.0,0.35,305.0,235.75,-18.0,6.09,459.95,235.75,276.27,290.67,No,-10.44,252.0,30
2026-09-30 13:13,SWSOLAR,Sterling and Wilson Renewable Energy Limited,171.18,0.06,1115807.0,1134887.0,0.98,260.8,168.2,-34.36,1.77,260.8,148.0,192.15,200.3,No,-19.64,252.0,10
2026-09-30 13:13,SYMBIOTEC,Symbiotec Pharmalab Limited,1176.75,2.84,2015665.0,1542239.0,1.31,1196.8,934.2,-1.68,25.96,1196.8,934.2,,,,,22.0,
2026-09-30 13:13,SYMPHONY,Symphony Limited,582.45,0.35,18960.0,310220.0,0.06,795.05,562.1,-26.74,3.62,970.45,562.1,616.42,746.22,No,-21.35,252.0,8
2026-09-30 13:13,SYNCOMF,Syncom Formulations (India) Limited,25.08,-4.2,99571243.0,29005671.0,3.43,27.49,12.79,-8.77,96.09,27.49,10.21,17.43,14.51,Yes,85.44,252.0,98
2026-09-30 13:13,SYNGENE,Syngene International Limited,365.3,-0.52,344929.0,601457.0,0.57,485.1,360.4,-24.7,1.36,678.95,360.4,394.95,454.07,No,-21.59,252.0,8
2026-09-30 13:13,SYRMA,Syrma SGS Technology Limited,1782.9,5.33,3787779.0,2896049.0,1.31,1820.0,957.4,-2.04,86.22,1820.0,634.5,1513.13,1104.71,Yes,80.71,252.0,98
2026-09-30 13:13,TAALTECH,Taal Tech Limited,1001.0,-4.16,28224.0,85700.0,0.33,1234.0,833.88,-18.88,20.04,1234.0,833.88,,,,,32.0,
2026-09-30 13:13,TAINWALCHM,Tainwala Chemical and Plastic (I) Limited,205.19,-0.08,1091.0,4161.0,0.26,257.0,186.61,-20.16,9.96,257.0,155.0,209.11,197.38,Yes,5.04,249.0,63
2026-09-30 13:13,TAJGVK,Taj GVK Hotels & Resorts Limited,320.2,1.15,36962.0,66133.0,0.56,374.4,297.15,-14.48,7.76,438.25,281.35,343.47,346.74,No,-9.04,251.0,33
2026-09-30 13:13,TAKE,TAKE Limited,13.31,-5.0,843488.0,354431.0,2.38,31.85,12.52,-58.21,6.31,50.14,11.05,18.71,31.99,No,-55.48,250.0,1
2026-09-30 13:13,TALBROAUTO,Talbros Automotive Components Limited,429.85,-0.77,126449.0,385974.0,0.33,485.8,312.55,-11.52,37.53,485.8,219.9,422.69,334.42,Yes,34.83,252.0,89
2026-09-30 13:13,TANAA,Taneja Aerospace & Aviation Limited,338.55,1.06,40704.0,98341.0,0.41,378.95,238.0,-10.66,42.25,378.95,238.0,,,,,32.0,
2026-09-30 13:13,TANLA,Tanla Platforms Limited,492.15,0.31,265438.0,375397.0,0.71,656.0,480.0,-24.98,2.53,748.45,365.9,548.96,511.55,No,-1.72,252.0,51
2026-09-30 13:13,TARACHAND,Tara Chand InfraLogistic Solutions Limited,47.72,0.95,42702.0,48360.0,0.88,61.5,45.16,-22.41,5.67,103.67,45.16,49.39,59.53,No,-20.94,251.0,8
2026-09-30 13:13,TARAPUR,Tarapur Transformers Limited,12.16,1.08,12032.0,26944.0,0.45,23.95,10.8,-49.23,12.59,39.99,10.8,14.08,21.63,No,-43.86,250.0,1
2026-09-30 13:13,TARC,TARC Limited,125.96,-0.83,140774.0,538490.0,0.26,142.4,115.1,-11.54,9.44,186.3,109.1,127.85,136.58,No,-4.84,250.0,44
2026-09-30 13:13,TARIL,Transformers And Rectifiers (India) Limited,270.1,-1.01,783294.0,824669.0,0.95,372.0,266.6,-27.39,1.31,501.2,224.05,292.79,298.65,No,-11.62,252.0,28
2026-09-30 13:13,TARMAT,Tarmat Limited,59.4,4.16,45674.0,45849.0,1.0,69.65,47.2,-14.72,25.85,73.9,46.26,55.82,53.47,Yes,16.34,251.0,76
2026-09-30 13:13,TARSONS,Tarsons Products Limited,320.3,-3.04,121502.0,407029.0,0.3,375.0,198.24,-14.59,61.57,375.0,164.45,326.42,247.0,Yes,37.93,252.0,90
2026-09-30 13:13,TASTYBITE,Tasty Bite Eatables Limited,9487.0,-1.29,1318.0,2594.0,0.51,10544.0,7134.0,-10.02,32.98,10544.0,6430.0,9742.83,8164.94,Yes,20.05,251.0,79
2026-09-30 13:13,TATACAP,Tata Capital Limited,327.95,-1.03,1709590.0,1401038.0,1.22,390.2,296.0,-15.95,10.79,390.2,296.0,359.08,340.79,No,-2.47,244.0,49
2026-09-30 13:13,TATACHEM,Tata Chemicals Limited,611.45,-0.39,1112972.0,3706484.0,0.3,832.0,600.0,-26.51,1.91,944.5,580.3,656.83,705.2,No,-11.82,252.0,27
2026-09-30 13:13,TATACOMM,Tata Communications Limited,1656.2,0.09,137532.0,214019.0,0.64,2110.0,1573.8,-21.51,5.24,2110.0,1322.5,1728.34,1707.29,No,-4.37,252.0,45
2026-09-30 13:13,TATACONSUM,TATA CONSUMER PRODUCTS LIMITED,949.5,-1.88,1708219.0,1182957.0,1.44,1255.1,949.5,-24.35,0.0,1282.7,949.5,1041.01,1114.08,No,-15.08,252.0,19
2026-09-30 13:13,TATAELXSI,Tata Elxsi Limited,3088.9,-3.82,356457.0,230009.0,1.55,4542.8,3085.0,-32.0,0.13,5950.0,3085.0,3539.75,4273.94,No,-25.21,252.0,4
2026-09-30 13:13,TATAINVEST,Tata Investment Corporation Limited,620.05,-0.86,312955.0,2423141.0,0.13,750.5,616.1,-17.38,0.64,1184.7,538.85,658.06,662.88,No,-5.13,252.0,43
2026-09-30 13:13,TATAPOWER,Tata Power Company Limited,359.0,0.0,5400886.0,3663055.0,1.47,434.0,347.0,-17.28,3.46,464.9,342.5,370.41,386.72,No,-5.13,252.0,43
2026-09-30 13:13,TATASTEEL,Tata Steel Limited,184.3,-1.97,32367764.0,25000788.0,1.29,224.4,180.0,-17.87,2.39,224.4,160.06,186.18,194.5,No,-2.37,252.0,50
2026-09-30 13:13,TATATECH,Tata Technologies Limited,707.5,3.02,890697.0,858248.0,1.04,891.0,609.0,-20.59,16.17,891.0,507.4,778.86,677.77,Yes,9.51,252.0,69
2026-09-30 13:13,TATVA,Tatva Chintan Pharma Chem Limited,1784.2,-1.23,55095.0,71041.0,0.78,1880.0,1101.0,-5.1,62.05,1880.0,1026.5,1695.13,1359.5,Yes,44.45,252.0,92
2026-09-30 13:13,TBOTEK,TBO Tek Limited,1685.2,0.03,446858.0,156079.0,2.86,1750.0,1126.4,-3.7,49.61,1764.8,1004.2,1646.49,1430.32,Yes,19.27,251.0,79
2026-09-30 13:13,TCC,TCC Concept Limited,49.93,-0.32,2215816.0,6551913.0,0.34,83.65,39.37,-40.31,26.82,105.28,39.37,51.28,,,-22.89,147.0,6
2026-09-30 13:13,TCI,Transport Corporation of India Limited,872.5,0.44,148293.0,345934.0,0.43,979.2,797.0,-10.9,9.47,1242.0,797.0,887.41,957.0,No,-10.98,251.0,29
2026-09-30 13:13,TCIEXP,TCI Express Limited,521.65,-1.92,794339.0,340309.0,2.33,625.0,480.0,-16.54,8.68,746.75,447.55,536.84,534.19,No,0.43,250.0,55
2026-09-30 13:13,TCIFINANCE,TCI Finance Limited,14.78,2.07,8014.0,12931.0,0.62,27.88,12.25,-46.99,20.65,38.46,10.0,15.12,16.91,No,-12.5,249.0,26
2026-09-30 13:13,TCPLPACK,TCPL Packaging Limited,4102.6,-0.36,5095.0,9343.0,0.55,4410.9,2428.9,-6.99,68.91,4410.9,2200.0,3756.67,2991.63,Yes,46.32,250.0,92
2026-09-30 13:13,TCS,Tata Consultancy Services Limited,2050.6,0.9,3655550.0,2979660.0,1.23,2495.0,1976.8,-17.81,3.73,3350.0,1976.8,2278.95,2504.82,No,-14.31,252.0,21
2026-09-30 13:13,TDPOWERSYS,TD Power Systems Limited,786.05,1.12,2607806.0,2425999.0,1.07,817.55,465.0,-3.85,69.04,817.55,291.35,704.44,542.4,Yes,72.69,252.0,97
2026-09-30 13:13,TEAMGTY,Team India Guaranty Limited,235.0,0.0,165.0,485.0,0.34,311.0,210.0,-24.44,11.9,332.55,210.0,231.76,251.6,No,-5.54,249.0,43
2026-09-30 13:13,TEAMLEASE,Teamlease Services Limited,1148.6,0.0,9039.0,17856.0,0.51,1478.7,1117.9,-22.32,2.75,1872.2,1065.2,1243.81,1331.41,No,-17.29,251.0,14
2026-09-30 13:13,TECHM,Tech Mahindra Limited,1524.0,0.89,2793702.0,1690886.0,1.65,1686.6,1327.3,-9.64,14.82,1854.0,1304.1,1590.45,1517.37,Yes,4.27,252.0,62
2026-09-30 13:13,TECHNOCRAF,Technocraft Ventures Limited,476.55,-0.89,677380.0,1461975.0,0.46,496.5,284.0,-4.02,67.8,496.5,284.0,,,,,34.0,
2026-09-30 13:13,TECHNOE,Techno Electric & Engineering Company Limited,1008.75,-0.14,133789.0,139109.0,0.96,1383.9,936.0,-27.11,7.77,1389.6,870.0,992.97,1071.85,No,-6.29,252.0,40
2026-09-30 13:13,TECHNVISN,TechNVision Ventures Limited,3961.5,1.67,417.0,435.0,0.96,5550.0,3702.0,-28.62,7.01,5550.0,3702.0,,,,,31.0,
2026-09-30 13:13,TECILCHEM,TECIL Chemicals and Hydro Power Limited,9.02,-2.06,6287.0,24782.0,0.25,12.99,8.0,-30.56,12.75,22.08,8.0,9.37,12.5,No,-24.16,249.0,5
2026-09-30 13:13,TEGA,Tega Industries Limited,2106.7,2.24,1493269.0,927216.0,1.61,2198.0,1473.0,-4.15,43.02,2198.0,1473.0,1712.42,1732.02,Yes,21.68,251.0,81
2026-09-30 13:13,TEJASNET,Tejas Networks Limited,486.2,-0.86,935492.0,3212719.0,0.29,644.75,425.95,-24.59,14.14,644.75,294.0,526.65,473.12,Yes,-3.4,252.0,47
2026-09-30 13:13,TEMBO,Tembo Global Industries Limited,57.67,-0.55,736216.0,1710673.0,0.43,68.85,51.72,-16.24,11.52,83.7,43.33,57.97,57.47,Yes,2.53,252.0,59
2026-09-30 13:13,TEMPSENS,Tempsens Instruments (India) Limited,526.75,-0.48,700151.0,2463708.0,0.28,634.85,505.05,-17.03,4.3,634.85,505.05,,,,,24.0,
2026-09-30 13:13,TENNIND,Tenneco Clean Air India Limited,508.25,-0.07,502602.0,591884.0,0.85,633.0,497.8,-19.71,2.1,657.0,438.05,533.56,553.11,No,-9.08,219.0,33
2026-09-30 13:13,TERAI,Terai Tea Company Limited,116.75,0.82,118.0,398.0,0.3,140.0,103.0,-16.61,13.35,140.0,103.0,,,,,31.0,
2026-09-30 13:13,TERASOFT,Tera Software Limited,207.2,-0.98,33402.0,27563.0,1.21,474.15,204.0,-56.3,1.57,598.0,204.0,313.35,365.65,No,-44.8,250.0,1
2026-09-30 13:13,TEXINFRA,Texmaco Infrastructure & Holdings Limited,119.41,3.35,649298.0,399691.0,1.62,126.59,95.11,-5.67,25.55,126.59,82.5,113.64,103.21,Yes,13.44,251.0,73
2026-09-30 13:13,TEXMOPIPES,Texmo Pipes and Products Limited,55.08,2.53,182459.0,430946.0,0.42,64.5,42.0,-14.6,31.14,64.5,33.0,49.32,46.29,Yes,27.58,250.0,85
2026-09-30 13:13,TEXRAIL,Texmaco Rail & Engineering Limited,131.73,4.82,16021260.0,3779095.0,4.24,135.4,100.35,-2.71,31.27,143.1,78.05,112.57,111.65,Yes,18.67,252.0,78
2026-09-30 13:13,TFCILTD,Tourism Finance Corporation of India Limited,141.91,2.15,31900665.0,12136694.0,2.63,148.5,71.15,-4.44,99.45,148.5,51.0,127.47,85.34,Yes,98.83,252.0,99
2026-09-30 13:13,TFL,Transwarranty Finance Limited,11.63,-0.09,2612.0,6965.0,0.37,14.0,10.21,-16.93,13.91,18.5,10.21,11.61,12.68,No,-8.79,249.0,34
2026-09-30 13:13,TGBHOTELS,TGB Banquets And Hotels Limited,9.6,5.15,33333.0,26969.0,1.24,11.38,8.3,-15.64,15.66,12.8,7.5,9.42,9.26,Yes,8.59,250.0,68
2026-09-30 13:13,TGVSL,TGV Sraac Limited,121.48,-0.81,424542.0,828160.0,0.51,130.49,101.01,-6.9,20.27,130.49,101.01,,,,,32.0,
2026-09-30 13:13,THACKER,Thacker & Company Limited,954.3,-4.26,217.0,34.0,6.24,1107.0,910.0,-13.79,4.87,1107.0,910.0,,,,,31.0,
2026-09-30 13:13,THAKDEV,Thakkers Developers Limited,135.0,0.0,223.0,382.0,0.58,160.0,115.1,-15.62,17.29,160.0,115.1,,,,,31.0,
2026-09-30 13:13,THANGAMAYL,Thangamayil Jewellery Limited,5062.0,-2.74,38237.0,85719.0,0.45,7430.0,3462.6,-31.87,46.19,7430.0,1939.5,5409.1,4516.81,Yes,14.09,252.0,74
2026-09-30 13:13,THEINVEST,The Investment Trust Of India Limited,93.45,3.23,3646.0,5949.0,0.61,113.68,90.0,-17.8,3.83,152.99,89.0,96.5,101.9,No,-8.99,250.0,33
2026-09-30 13:13,THEJO,Thejo Engineering Limited,2175.4,3.08,11455.0,7935.0,1.44,2286.6,1472.1,-4.86,47.78,2286.6,1443.6,2102.55,1812.54,Yes,22.29,250.0,81
2026-09-30 13:13,THELEELA,Leela Palaces Hotels & Resorts Limited,573.8,7.53,1251534.0,371676.0,3.37,586.95,400.1,-2.24,43.41,586.95,384.5,526.83,457.7,Yes,28.41,250.0,85
2026-09-30 13:13,THEMISMED,Themis Medicare Limited,116.46,-2.91,468431.0,360876.0,1.3,140.6,94.43,-17.17,23.33,147.0,64.95,116.75,100.8,Yes,14.32,252.0,74
2026-09-30 13:13,THERMAX,Thermax Limited,3392.2,3.08,406056.0,156689.0,2.59,5277.8,3269.1,-35.73,3.77,5277.8,2742.7,3879.22,3799.57,No,-9.16,251.0,33
2026-09-30 13:13,THOMASCOOK,Thomas Cook  (India)  Limited,102.39,-1.47,582671.0,676867.0,0.86,120.87,89.71,-15.29,14.13,169.0,86.35,105.54,108.54,No,-7.31,252.0,38
2026-09-30 13:13,THOMASCOTT,Thomas Scott (India) Limited,267.35,6.79,115936.0,68143.0,1.7,367.9,221.8,-27.33,20.54,459.8,221.8,278.14,291.73,No,-12.3,252.0,26
2026-09-30 13:13,THYROCARE,Thyrocare Technologies Limited,534.15,-2.37,237322.0,218994.0,1.08,662.0,445.0,-19.31,20.03,662.0,342.55,580.78,483.37,Yes,13.22,252.0,73
2026-09-30 13:13,TI,Tilaknagar Industries Limited,540.65,-1.85,864308.0,778088.0,1.11,607.8,411.4,-11.05,31.42,607.8,381.55,533.34,464.76,Yes,21.32,252.0,80
2026-09-30 13:13,TIGERLOGS,Tiger Logistics (India) Limited,26.25,0.31,123268.0,86543.0,1.42,40.0,25.0,-34.38,5.0,49.14,22.9,27.89,31.83,No,-17.71,252.0,13
2026-09-30 13:13,TIIL,Technocraft Industries (India) Limited,2900.9,-0.87,29702.0,32152.0,0.92,3565.3,2355.0,-18.64,23.18,3565.3,1868.5,2997.26,2516.26,Yes,22.18,250.0,81
2026-09-30 13:13,TIINDIA,Tube Investments of India Limited,2375.0,-1.57,690283.0,211737.0,3.26,3335.2,2373.2,-28.79,0.08,3335.2,2164.9,2719.43,2747.07,No,-14.39,252.0,21
2026-09-30 13:13,TIMETECHNO,Time Technoplast Limited,182.36,-0.85,3950048.0,2395515.0,1.65,217.19,162.5,-16.04,12.22,227.5,154.0,191.7,183.89,No,1.44,252.0,57
2026-09-30 13:13,TIMEX,Timex Group India Limited,719.55,-1.31,317888.0,735182.0,0.43,748.0,332.0,-3.8,116.73,748.0,323.0,613.86,,,,114.0,
2026-09-30 13:13,TIMKEN,Timken India Limited,3136.0,1.61,76072.0,39299.0,1.94,3925.0,3035.1,-20.1,3.32,3925.0,2800.5,3188.63,3291.16,No,-3.81,251.0,46
2026-09-30 13:13,TINNARUBR,Tinna Rubber and Infrastructure Limited,952.1,-0.32,24523.0,48524.0,0.51,1322.0,675.1,-27.98,41.03,1322.0,527.45,1045.06,835.34,Yes,20.04,250.0,79
2026-09-30 13:13,TIPSFILMS,Tips Films Limited,318.25,-6.27,24583.0,7394.0,3.32,434.9,306.35,-26.82,3.88,479.25,276.75,347.2,361.07,No,-5.78,249.0,42
2026-09-30 13:13,TIPSMUSIC,Tips Music Limited,657.85,1.65,184360.0,242811.0,0.76,741.0,611.85,-11.22,7.52,741.0,481.15,660.99,608.01,Yes,9.22,252.0,68
2026-09-30 13:13,TIRUMALCHM,Thirumalai Chemicals Limited,151.39,-0.66,243364.0,444825.0,0.55,219.0,143.5,-30.87,5.5,293.75,143.5,161.14,185.52,No,-20.76,251.0,8
2026-09-30 13:13,TITAGARH,TITAGARH RAIL SYSTEMS LIMITED,818.15,-0.15,933646.0,673182.0,1.39,971.0,721.2,-15.74,13.44,971.0,568.7,837.28,798.14,Yes,1.55,252.0,57
2026-09-30 13:13,TITAN,Titan Company Limited,4587.0,-1.88,926975.0,588366.0,1.58,5186.7,3962.8,-11.56,15.75,5186.7,3378.0,4958.0,4412.91,Yes,6.72,252.0,65
2026-09-30 13:13,TMB,Tamilnad Mercantile Bank Limited,871.3,0.9,119178.0,143502.0,0.83,954.2,653.2,-8.69,33.39,954.2,420.0,881.17,717.3,Yes,33.12,251.0,88
2026-09-30 13:13,TMCV,Tata Motors Limited,421.65,-1.98,10915200.0,5991128.0,1.82,487.8,357.05,-13.56,18.09,509.0,306.3,448.32,430.77,No,1.11,224.0,56
2026-09-30 13:13,TMPV,Tata Motors Passenger Vehicles Limited,283.5,0.91,11529937.0,10118189.0,1.14,408.0,272.2,-30.51,4.15,739.7,272.2,317.73,345.06,No,-16.46,252.0,16
2026-09-30 13:13,TNPETRO,Tamilnadu PetroProducts Limited,124.08,-1.27,942944.0,1870823.0,0.5,146.99,84.4,-15.59,47.01,146.99,78.67,116.22,98.33,Yes,30.01,252.0,86
2026-09-30 13:13,TNPL,Tamil Nadu Newsprint & Papers Limited,150.61,-0.78,67989.0,449155.0,0.15,166.0,136.01,-9.27,10.73,166.66,121.51,148.93,143.74,Yes,5.93,251.0,64
2026-09-30 13:13,TNTELE,Tamilnadu Telecommunication Limited,12.84,-9.96,216707.0,70476.0,3.07,14.26,8.3,-9.96,54.7,15.74,7.81,9.26,9.31,Yes,38.53,249.0,90
2026-09-30 13:13,TOKYOPLAST,Tokyo Plast International Limited,73.2,-0.41,1509.0,1374.0,1.1,91.9,71.01,-20.35,3.08,135.0,53.86,77.69,86.88,No,-12.65,249.0,25
2026-09-30 13:13,TOLINS,Tolins Tyres Limited,85.86,-0.41,41064.0,34492.0,1.19,122.0,85.0,-29.62,1.01,197.69,83.04,95.22,107.78,No,-21.28,251.0,8
2026-09-30 13:13,TORNTPHARM,Torrent Pharmaceuticals Limited,4800.0,-1.92,397502.0,339210.0,1.17,5250.0,4240.3,-8.57,13.2,5250.0,3480.6,4939.8,4446.57,Yes,11.41,252.0,71
2026-09-30 13:13,TORNTPOWER,Torrent Power Limited,1245.9,2.11,187370.0,354650.0,0.53,1543.9,1199.0,-19.3,3.91,1824.1,1188.0,1299.7,1410.64,No,-7.99,252.0,36
2026-09-30 13:13,TOUCHWOOD,Touchwood Entertainment Limited,59.22,-1.28,2223.0,757.0,2.93,78.88,57.0,-24.92,3.89,113.0,57.0,62.95,75.59,No,-22.31,251.0,7
2026-09-30 13:13,TOYAMSL,Toyam Sports Limited,0.72,-2.7,2003449.0,1412180.0,1.42,0.92,0.6,-21.74,20.0,0.92,0.6,,,,,32.0,
2026-09-30 13:13,TPLPLASTEH,TPL Plastech Limited,71.14,9.01,2012800.0,214250.0,9.39,90.33,61.04,-21.24,16.55,90.33,50.01,73.33,68.85,Yes,-4.04,252.0,46
2026-09-30 13:13,TRACXN,Tracxn Technologies Limited,32.91,-0.09,152016.0,244918.0,0.62,34.21,27.6,-3.8,19.24,55.9,25.39,30.33,32.68,Yes,1.87,252.0,58
2026-09-30 13:13,TRANSCOR,Transcorp International Limited,24.22,1.55,10425.0,4080.0,2.55,29.0,21.0,-16.48,15.33,29.0,21.0,,,,,31.0,
2026-09-30 13:13,TRANSRAILL,Transrail Lighting Limited,476.4,5.48,6738930.0,2446990.0,2.75,537.0,400.65,-11.28,18.91,766.8,400.65,456.71,508.75,No,-8.68,252.0,34
2026-09-30 13:13,TRAVELFOOD,Travel Food Services Limited,1200.3,0.31,28635.0,42868.0,0.67,1470.9,1040.0,-18.4,15.41,1470.9,1035.3,1293.08,1235.99,No,-5.0,252.0,44
2026-09-30 13:13,TREEHOUSE,Tree House Education & Accessories Limited,5.78,-0.52,25154.0,19689.0,1.28,8.37,5.46,-30.94,5.86,11.0,5.46,6.15,7.31,No,-21.84,250.0,7
2026-09-30 13:13,TREJHARA,TREJHARA SOLUTIONS LIMITED,138.84,2.31,10186.0,19702.0,0.52,186.3,128.07,-25.48,8.41,284.85,128.07,147.34,167.31,No,-12.46,250.0,26
2026-09-30 13:13,TREL,Transindia Real Estate Limited,28.89,1.73,205678.0,216471.0,0.95,31.51,23.37,-8.31,23.62,32.0,21.47,26.55,25.93,Yes,8.68,250.0,68
2026-09-30 13:13,TRENT,Trent Limited,2621.6,-0.51,785279.0,688564.0,1.14,3399.7,2580.4,-22.89,1.6,4908.0,2183.67,2882.29,2855.86,No,-19.8,252.0,9
2026-09-30 13:13,TRF,TRF Limited,197.82,-2.5,18648.0,14155.0,1.32,276.3,196.55,-28.4,0.65,404.9,196.55,225.43,248.95,No,-21.78,252.0,7
2026-09-30 13:13,TRIDENT,Trident Limited,22.44,-0.22,2059801.0,2546337.0,0.81,27.34,22.28,-17.92,0.72,30.94,21.98,24.12,25.15,No,-13.85,252.0,22
2026-09-30 13:13,TRIGYN,Trigyn Technologies Limited,53.1,0.13,15509.0,50905.0,0.3,64.82,49.61,-18.08,7.03,87.0,37.55,55.78,56.46,No,-0.25,251.0,54
2026-09-30 13:13,TRITONV,Triton Valves Limited,1083.8,0.78,476.0,2188.0,0.22,1219.3,1020.0,-11.11,6.25,1219.3,1020.0,,,,,31.0,
2026-09-30 13:13,TRITURBINE,Triveni Turbine Limited,539.4,-0.76,332296.0,465633.0,0.71,787.6,532.1,-31.51,1.37,787.6,428.35,582.45,563.89,No,-4.53,252.0,45
2026-09-30 13:13,TRIVENI,Triveni Engineering & Industries Limited,235.7,-1.44,309811.0,688140.0,0.45,490.1,220.05,-51.91,7.11,490.1,220.05,257.33,356.38,No,-44.22,251.0,1
2026-09-30 13:13,TRU,TruCap Finance Limited,4.1,0.99,25979.0,81090.0,0.32,6.45,3.9,-36.43,5.13,11.29,3.9,4.3,5.88,No,-29.37,251.0,3
2026-09-30 13:13,TRUALT,TruAlt Bioenergy Limited,468.65,2.24,396775.0,285920.0,1.39,542.0,400.0,-13.53,17.16,542.0,310.2,440.77,433.52,Yes,6.63,249.0,65
2026-09-30 13:13,TSFINV,TSF INVESTMENTS LIMITED,417.15,-1.02,59039.0,103423.0,0.57,493.45,378.0,-15.46,10.36,701.5,331.7,430.51,419.27,No,-2.32,252.0,50
2026-09-30 13:13,TTKHLTCARE,TTK Healthcare Limited,1023.0,-1.04,7751.0,46451.0,0.17,1247.0,852.05,-17.96,20.06,1247.0,735.0,1083.72,964.59,Yes,12.59,251.0,73
2026-09-30 13:13,TTKPRESTIG,TTK Prestige Limited,515.85,-3.35,51019.0,78636.0,0.65,742.9,507.0,-30.56,1.75,771.2,423.0,583.67,560.65,No,-9.5,252.0,32
2026-09-30 13:13,TTL,T T Limited,8.07,4.67,1252772.0,374483.0,3.35,8.44,5.5,-4.38,46.73,10.73,5.5,6.59,7.7,Yes,7.66,250.0,66
2026-09-30 13:13,TTML,Tata Teleservices (Maharashtra) Limited,34.3,-2.5,3423563.0,5941212.0,0.58,48.13,33.84,-28.73,1.36,60.08,31.22,37.58,41.69,No,-19.74,252.0,10
2026-09-30 13:13,TURTLEMINT,Turtlemint Fintech Solutions Limited,76.44,-3.87,2616906.0,2162482.0,1.21,160.0,75.6,-52.22,1.11,160.0,75.6,129.45,,,,68.0,
2026-09-30 13:13,TUTIALKA,Tuticorin Alkali Chemicals & Fertilizers Limited,54.4,-0.62,2819.0,9405.0,0.3,62.9,52.0,-13.51,4.62,62.9,52.0,,,,,31.0,
2026-09-30 13:13,TVSELECT,TVS Electronics Limited,416.15,11.18,2795110.0,165529.0,16.89,548.0,367.1,-24.06,13.36,739.35,336.2,441.0,440.38,No,-6.72,250.0,39
2026-09-30 13:13,TVSHLTD,TVS Holdings Limited,12107.0,-1.55,8538.0,8272.0,1.03,15700.0,12045.0,-22.89,0.51,16297.0,12045.0,13707.74,14022.27,No,-14.53,249.0,20
2026-09-30 13:13,TVSMOTOR,TVS Motor Company Limited,4106.0,0.36,605453.0,615801.0,0.98,4484.5,3228.0,-8.44,27.2,4484.5,3228.0,4224.09,3759.89,Yes,13.62,252.0,73
2026-09-30 13:13,TVSSCS,TVS Supply Chain Solutions Limited,130.57,-0.56,488827.0,775904.0,0.63,146.5,109.0,-10.87,19.79,146.5,90.32,129.98,119.15,Yes,10.04,251.0,70
2026-09-30 13:13,TVSSRICHAK,TVS Srichakra Limited,4437.5,0.06,4948.0,9447.0,0.52,5760.0,3435.0,-22.96,29.18,5760.0,3135.0,4630.53,4123.09,Yes,11.17,251.0,71
2026-09-30 13:13,TVTODAY,TV Today Network Limited,104.19,0.34,13484.0,30382.0,0.44,133.7,102.0,-22.07,2.15,153.01,93.5,111.82,117.5,No,-16.11,251.0,17
2026-09-30 13:13,UBL,United Breweries Limited,1158.1,-4.31,322264.0,160924.0,2.0,1464.0,1151.0,-20.89,0.62,1844.0,1151.0,1325.22,1438.94,No,-19.55,252.0,10
2026-09-30 13:13,UCOBANK,UCO Bank,23.28,1.0,2801007.0,3592888.0,0.78,30.04,22.97,-22.5,1.35,34.2,22.22,25.12,26.56,No,-13.16,252.0,24
2026-09-30 13:13,UDAYJEW,Uday Jewellery Industries Limited,166.94,-0.85,13109.0,100441.0,0.13,180.89,115.04,-7.71,45.11,180.89,115.04,,,,,31.0,
2026-09-30 13:13,UDS,Updater Services Limited,208.57,0.38,59154.0,287867.0,0.21,240.3,163.64,-13.2,27.46,262.85,125.1,210.21,178.85,Yes,20.44,250.0,80
2026-09-30 13:13,UEL,Ujaas Energy Limited,184.92,0.09,12717.0,25323.0,0.5,284.2,117.51,-34.93,57.37,284.2,97.03,197.22,159.11,Yes,37.61,251.0,90
2026-09-30 13:13,UFLEX,UFLEX Limited,657.85,1.57,159189.0,165170.0,0.96,723.5,385.0,-9.07,70.87,723.5,330.0,592.57,478.23,Yes,55.25,251.0,94
2026-09-30 13:13,UFO,UFO Moviez India Limited,58.12,-1.37,11186.0,27434.0,0.41,80.99,56.3,-28.24,3.23,92.97,53.75,64.74,71.01,No,-19.46,251.0,10
2026-09-30 13:13,UGROCAP,Ugro Capital Limited,83.68,3.22,277232.0,190808.0,1.45,106.38,79.2,-21.34,5.66,192.5,79.2,88.77,110.63,No,-21.94,250.0,7
2026-09-30 13:13,UJJIVANSFB,Ujjivan Small Finance Bank Limited,67.5,3.43,28864649.0,11869967.0,2.43,73.94,52.0,-8.71,29.81,73.94,47.31,68.04,60.41,Yes,18.25,252.0,78
2026-09-30 13:13,ULTRACEMCO,UltraTech Cement Limited,10956.0,1.17,257553.0,270211.0,0.95,12239.0,10639.0,-10.48,2.98,13110.0,10325.0,11462.58,11708.71,No,-5.03,252.0,44
2026-09-30 13:13,ULTRAMAR,Ultramarine & Pigments Limited,409.4,-2.17,1299727.0,109135.0,11.91,455.75,364.1,-10.17,12.44,455.75,364.1,410.73,,,,115.0,
2026-09-30 13:13,UMESLTD,Usha Martin Education & Solutions Limited,4.49,1.81,22288.0,52165.0,0.43,6.61,3.76,-32.07,19.41,7.14,3.76,5.22,5.34,No,-25.68,249.0,4
2026-09-30 13:13,UMIYA-MRO,UMIYA BUILDCON LIMITED,93.16,-1.73,21344.0,28349.0,0.75,109.0,79.8,-14.53,16.74,110.9,70.0,93.2,87.48,Yes,9.56,250.0,69
2026-09-30 13:13,UNICHEMLAB,Unichem Laboratories Limited,545.5,-4.03,217848.0,306140.0,0.71,687.2,339.5,-20.62,60.68,687.2,278.2,535.86,432.86,Yes,33.94,252.0,88
2026-09-30 13:13,UNIDT,United Drilling Tools Limited,222.06,-3.38,43899.0,79777.0,0.55,272.0,202.98,-18.36,9.4,272.0,146.0,226.85,208.69,Yes,14.6,250.0,74
2026-09-30 13:13,UNIECOM,Unicommerce Esolutions Limited,83.9,1.76,194848.0,925616.0,0.21,98.35,79.65,-14.69,5.34,147.0,78.51,85.24,94.76,No,-13.02,252.0,24
2026-09-30 13:13,UNIENTER,Uniphos Enterprises Limited,88.75,-0.29,5499.0,4462.0,1.23,122.99,88.01,-27.84,0.84,158.0,87.51,94.04,108.1,No,-19.89,251.0,9
2026-09-30 13:13,UNIINFO,Uniinfo Telecom Services Limited,10.94,-1.26,1270.0,1979.0,0.64,12.75,10.39,-14.2,5.29,18.98,9.36,11.6,12.83,No,-10.42,249.0,30
2026-09-30 13:13,UNIMECH,Unimech Aerospace and Manufacturing Limited,1724.0,2.93,273957.0,331040.0,0.83,1868.2,908.7,-7.72,89.72,1868.2,695.0,1480.19,1096.07,Yes,81.28,251.0,98
2026-09-30 13:13,UNIONBANK,Union Bank of India,171.0,3.01,16921563.0,7950313.0,2.13,192.33,153.5,-11.09,11.4,205.49,135.29,180.0,174.49,No,4.78,252.0,62
2026-09-30 13:13,UNIPARTS,Uniparts India Limited,836.0,-0.9,63924.0,128734.0,0.5,915.95,520.05,-8.73,60.75,915.95,399.8,822.82,605.63,Yes,51.93,251.0,94
2026-09-30 13:13,UNITDSPR,United Spirits Limited,1354.0,-0.66,976252.0,884267.0,1.1,1563.4,1229.2,-13.39,10.15,1563.4,1210.8,1473.29,1373.13,No,-0.58,252.0,53
2026-09-30 13:13,UNITECH,Unitech Limited,3.96,1.02,3132347.0,6562002.0,0.48,5.68,3.67,-30.28,7.9,7.93,3.1,4.09,4.7,No,-20.38,252.0,9
2026-09-30 13:13,UNITEDPOLY,United Polyfab Gujarat Limited,47.47,1.28,555562.0,274324.0,2.03,47.56,27.55,-0.19,72.3,48.0,20.6,37.32,31.29,Yes,68.14,249.0,97
2026-09-30 13:13,UNITEDTEA,The United Nilgiri Tea Estates Company Limited,427.9,1.49,313.0,2666.0,0.12,572.5,405.2,-25.26,5.6,590.0,405.2,450.84,486.87,No,-11.7,250.0,27
2026-09-30 13:13,UNIVCABLES,Universal Cables Limited,1443.0,-1.73,41248.0,117215.0,0.35,1774.9,928.0,-18.7,55.5,1774.9,576.0,1516.49,1059.8,Yes,54.33,252.0,94
2026-09-30 13:13,UNOMINDA,UNO Minda Limited,1170.0,0.69,527098.0,507819.0,1.04,1307.5,1007.5,-10.52,16.13,1382.0,994.0,1227.82,1165.02,Yes,2.6,252.0,59
2026-09-30 13:13,UPHOT,U P Hotels Limited,1530.0,1.8,35.0,112.0,0.31,1550.0,1320.0,-1.29,15.91,1550.0,1320.0,,,,,30.0,
2026-09-30 13:13,UPL,UPL Limited,539.75,0.33,3114489.0,2068463.0,1.51,661.6,532.6,-18.42,1.34,812.2,532.6,573.89,642.23,No,-16.4,252.0,16
2026-09-30 13:13,URBANCO,Urban Company Limited,157.48,-3.81,3304226.0,5784596.0,0.57,183.97,117.8,-14.4,33.68,183.97,100.7,155.93,133.94,Yes,21.08,252.0,80
2026-09-30 13:13,URJA,Urja Global Limited,8.77,-1.46,428409.0,527992.0,0.81,11.3,8.55,-22.39,2.57,13.75,8.0,9.23,9.93,No,-12.41,252.0,26
2026-09-30 13:13,USHAMART,Usha Martin Limited,498.65,-0.05,808911.0,1045549.0,0.77,542.6,455.0,-8.1,9.59,542.6,380.0,502.88,463.72,Yes,6.46,252.0,65
2026-09-30 13:13,USK,Udayshivakumar Infra Limited,19.14,-2.2,35122.0,22132.0,1.59,27.24,18.3,-29.74,4.59,31.58,18.3,21.2,22.68,No,-14.57,249.0,20
2026-09-30 13:13,UTIAMC,UTI Asset Management Company Limited,882.4,0.55,50373.0,95248.0,0.53,1035.9,866.0,-14.82,1.89,1409.0,866.0,899.25,973.54,No,-11.82,252.0,27
2026-09-30 13:13,UTKARSHBNK,Utkarsh Small Finance Bank Limited,13.76,-1.08,4363719.0,15856743.0,0.28,16.49,12.3,-16.56,11.87,22.57,10.12,14.39,13.95,No,-2.4,252.0,50
2026-09-30 13:13,UTLSOLAR,Fujiyama Power Systems Limited,398.45,-2.27,205501.0,237544.0,0.87,494.25,260.1,-19.38,53.19,494.25,172.0,421.93,296.72,Yes,48.8,218.0,93
2026-09-30 13:13,UTTAMSUGAR,Uttam Sugar Mills Limited,288.4,-0.83,153061.0,344973.0,0.44,359.3,219.42,-19.73,31.44,359.3,181.1,272.67,242.84,Yes,17.04,252.0,77
2026-09-30 13:13,V2RETAIL,V2 Retail Limited,208.74,-0.33,821155.0,862719.0,0.95,259.25,204.71,-19.48,1.97,259.25,172.03,217.89,214.5,No,-6.54,252.0,39
2026-09-30 13:13,VADILALIND,Vadilal Industries Limited,7253.0,-0.33,11949.0,16292.0,0.73,8447.0,4071.1,-14.14,78.16,8447.0,3996.0,7344.8,5622.52,Yes,35.85,250.0,89
2026-09-30 13:13,VADILENT,Vadilal Enterprises Limited,10151.0,-0.48,5.0,37.0,0.13,12598.0,9401.0,-19.42,7.98,12598.0,9401.0,,,,,30.0,
2026-09-30 13:13,VAIBHAVGBL,Vaibhav Global Limited,204.32,0.7,184844.0,206062.0,0.9,282.3,198.16,-27.62,3.11,293.25,174.13,228.38,227.54,No,-7.22,250.0,38
2026-09-30 13:13,VAISHALI,Vaishali Pharma Limited,8.35,-0.48,199730.0,174788.0,1.14,9.42,6.72,-11.36,24.26,11.88,4.75,8.19,7.68,Yes,16.36,249.0,76
2026-09-30 13:13,VAKRANGEE,Vakrangee Limited,5.14,-0.77,1062678.0,1135520.0,0.94,6.9,5.05,-25.51,1.78,9.64,4.61,5.72,6.4,No,-21.02,251.0,8
2026-09-30 13:13,VALIANTORG,Valiant Organics Limited,455.1,12.48,606279.0,109028.0,5.56,467.0,259.05,-2.55,75.68,467.0,195.0,328.82,280.36,Yes,72.81,249.0,97
2026-09-30 13:13,VAML,Vedanta Aluminium Metal Limited,412.9,-4.96,13898326.0,9185208.0,1.51,537.0,401.15,-23.11,2.93,537.0,401.15,440.34,,,,78.0,
2026-09-30 13:13,VARDMNPOLY,Vardhman Polytex Limited,5.8,-0.17,175113.0,136445.0,1.28,8.0,5.45,-27.5,6.42,9.49,5.1,6.02,6.64,No,-12.98,251.0,24
2026-09-30 13:13,VARMORA,Varmora Granito Limited,139.65,-8.24,11244755.0,31438885.0,0.36,163.77,136.54,-14.73,2.28,163.77,136.54,,,,,2.0,
2026-09-30 13:13,VARROC,Varroc Engineering Limited,862.95,3.05,266109.0,329092.0,0.81,912.2,541.0,-5.4,59.51,912.2,462.0,804.7,627.94,Yes,45.31,251.0,92
2026-09-30 13:13,VASCONEQ,Vascon Engineers Limited,33.67,-0.88,337424.0,831530.0,0.41,38.0,28.25,-11.39,19.19,74.59,26.75,31.62,36.14,No,-6.19,252.0,41
2026-09-30 13:13,VASUPRADA,Shri Vasuprada Plantations Limited,95.0,0.0,0.0,137.0,0.0,111.38,93.1,-14.71,2.04,111.38,93.1,,,,,31.0,
2026-09-30 13:13,VASWANI,Vaswani Industries Limited,44.57,0.13,8119.0,37948.0,0.21,63.4,43.26,-29.7,3.03,69.99,43.26,48.56,54.38,No,-19.78,249.0,10
2026-09-30 13:13,VBL,Varun Beverages Limited,432.0,0.47,8815511.0,5506669.0,1.6,555.8,396.2,-22.27,9.04,555.8,381.0,429.11,465.69,No,-9.14,252.0,33
2026-09-30 13:13,VEDAVAAG,VEDAVAAG Systems Limited,22.24,0.82,43280.0,137279.0,0.32,25.69,16.98,-13.43,30.98,25.69,16.98,,,,,31.0,
2026-09-30 13:13,VEDL,Vedanta Limited,259.0,-0.38,8626503.0,6677927.0,1.29,360.0,249.7,-28.06,3.72,795.0,249.7,269.19,463.62,No,-33.72,252.0,2
2026-09-30 13:13,VEDPOWER,Vedanta Power Limited,32.84,-4.12,16927242.0,12614006.0,1.34,49.88,30.44,-34.16,7.88,49.88,30.44,34.67,,,,78.0,
2026-09-30 13:13,VEEDOL,Veedol Corporation Limited,1373.3,1.24,8913.0,8161.0,1.09,1565.0,1344.1,-12.25,2.17,1963.8,1238.2,1441.77,1445.47,No,-5.77,252.0,42
2026-09-30 13:13,VENKEYS,Venky's (India) Limited,1588.1,-2.75,31154.0,66884.0,0.47,1814.9,1350.1,-12.5,17.63,1814.9,1165.0,1601.59,1491.73,Yes,11.69,251.0,72
2026-09-30 13:13,VENTIVE,Ventive Hospitality Limited,558.4,-0.26,9729.0,34071.0,0.29,688.75,548.8,-18.93,1.75,793.95,542.6,588.84,650.08,No,-12.7,251.0,25
2026-09-30 13:13,VENUSPIPES,Venus Pipes & Tubes Limited,2147.1,-2.22,125564.0,359451.0,0.35,2347.9,1202.5,-8.55,78.55,2347.9,890.0,1782.6,1408.32,Yes,61.52,251.0,96
2026-09-30 13:13,VENUSREM,Venus Remedies Limited,1796.1,5.0,28419.0,27528.0,1.03,2044.3,880.05,-12.14,104.09,2044.3,428.0,1637.25,1213.34,Yes,60.32,249.0,96
2026-09-30 13:13,VERANDA,Veranda Learning Solutions Limited,220.75,-1.15,1422586.0,421800.0,3.37,267.45,211.2,-17.46,4.52,272.5,130.02,238.87,209.56,Yes,12.3,252.0,72
2026-09-30 13:13,VERTOZ,Vertoz Limited,35.59,-0.14,25530.0,38469.0,0.66,49.59,34.0,-28.23,4.68,77.3,27.02,36.85,46.54,No,-11.78,250.0,27
2026-09-30 13:13,VESUVIUS,Vesuvius India Limited,424.2,6.0,8171887.0,605689.0,13.49,505.0,383.0,-16.0,10.76,607.9,383.0,426.19,466.35,No,-9.17,251.0,33
2026-09-30 13:13,VETO,Veto Switchgears And Cables Limited,142.72,-2.41,117567.0,104918.0,1.12,155.9,105.02,-8.45,35.9,155.9,82.32,128.05,115.8,Yes,24.28,252.0,83
2026-09-30 13:13,VGCL,Vibrant Global Capital Limited,48.66,2.44,4089.0,3607.0,1.13,62.95,45.0,-22.7,8.13,62.95,45.0,,,,,31.0,
2026-09-30 13:13,VGL,VARVEE GLOBAL LIMITED,64.05,-1.05,39832.0,262221.0,0.15,81.0,51.35,-20.93,24.73,84.85,43.7,61.05,63.96,Yes,0.96,252.0,56
2026-09-30 13:13,VGUARD,V-Guard Industries Limited,296.45,-3.45,995092.0,403633.0,2.47,350.0,288.8,-15.3,2.65,384.0,288.8,322.4,319.37,No,-5.55,251.0,42
2026-09-30 13:13,VHL,Vardhman Holdings Limited,3400.8,2.89,1023.0,605.0,1.69,3700.0,3273.0,-8.09,3.9,4275.0,2870.0,3456.52,3420.39,No,-2.13,251.0,50
2026-09-30 13:13,VIDHIING,Vidhi Specialty Food Ingredients Limited,357.6,-0.5,22528.0,30023.0,0.75,365.0,270.0,-2.03,32.44,387.85,258.6,333.84,313.24,Yes,19.01,249.0,78
2026-09-30 13:13,VIDYAWIRES,Vidya Wires Limited,94.41,0.93,1597763.0,949271.0,1.68,117.35,82.0,-19.55,15.13,117.35,44.06,89.52,75.64,Yes,40.15,204.0,91
2026-09-30 13:13,VIJAYA,Vijaya Diagnostic Centre Limited,1437.7,-2.53,71353.0,134826.0,0.53,1593.6,1212.0,-9.78,18.62,1593.6,848.0,1459.29,1199.3,Yes,26.95,251.0,84
2026-09-30 13:13,VIJSOLX,Vijay Solvex Limited,625.1,-3.73,232.0,429.0,0.54,719.9,610.0,-13.17,2.48,719.9,610.0,,,,,31.0,
2026-09-30 13:13,VIKASECO,Vikas EcoTech Limited,1.03,0.98,1091251.0,1612219.0,0.68,1.41,1.01,-26.95,1.98,2.04,0.99,1.08,1.32,No,-21.34,251.0,8
2026-09-30 13:13,VIKASLIFE,Vikas Lifecare Limited,1.21,0.0,2060239.0,1601462.0,1.29,1.57,1.18,-22.93,2.54,2.23,1.05,1.25,1.47,No,-18.27,252.0,12
2026-09-30 13:13,VIKRAMSOLR,Vikram Solar Limited,160.01,-0.02,1243296.0,1722592.0,0.72,221.9,155.38,-27.89,2.98,354.4,155.38,169.34,197.44,No,-19.64,252.0,10
2026-09-30 13:13,VIKRAN,Vikran Engineering Limited,59.71,-1.92,1470815.0,2958556.0,0.5,81.0,53.85,-26.28,10.88,118.4,51.1,62.9,72.45,No,-19.89,252.0,9
2026-09-30 13:13,VIMTALABS,Vimta Labs Limited,600.3,1.5,220344.0,158628.0,1.39,675.0,435.85,-11.07,37.73,774.7,376.05,620.38,532.28,Yes,12.37,252.0,72
2026-09-30 13:13,VINATIORGA,Vinati Organics Limited,1168.3,-0.51,45075.0,61545.0,0.73,1421.0,1165.0,-17.78,0.28,1739.0,1165.0,1295.07,1379.16,No,-15.19,252.0,19
2026-09-30 13:13,VINCOFE,Vintage Coffee And Beverages Limited,179.96,-1.42,817197.0,2007154.0,0.41,191.35,122.93,-5.95,46.39,191.35,120.24,165.24,151.04,Yes,20.36,252.0,80
2026-09-30 13:13,VINDHYATEL,Vindhya Telelinks Limited,2662.9,0.36,65282.0,81991.0,0.8,2952.6,1490.0,-9.81,78.72,2952.6,963.9,2491.15,1744.58,Yes,74.59,252.0,97
2026-09-30 13:13,VINEETLAB,Vineet Laboratories Limited,37.16,1.2,115547.0,114876.0,1.01,40.2,31.5,-7.56,17.97,49.99,27.96,37.43,34.78,Yes,12.05,250.0,72
2026-09-30 13:13,VINNY,Vinny Overseas Limited,0.89,-1.11,551566.0,307049.0,1.8,1.26,0.88,-29.37,1.14,1.53,0.88,1.02,1.11,No,-20.3,251.0,9
2026-09-30 13:13,VINYLINDIA,Vinyl Chemicals (India) Limited,219.03,2.03,3357.0,6055.0,0.55,292.05,211.25,-25.0,3.68,309.0,161.0,232.59,235.36,No,-5.53,249.0,43
2026-09-30 13:13,VIPCLOTHNG,VIP Clothing Limited,20.51,0.34,12182.0,73393.0,0.17,28.0,19.55,-26.75,4.91,37.55,14.05,20.88,23.62,No,-16.81,250.0,15
2026-09-30 13:13,VIPIND,VIP Industries Limited,290.95,-0.77,167207.0,319592.0,0.52,345.0,278.25,-15.67,4.56,447.3,278.25,303.34,326.5,No,-10.55,251.0,30
2026-09-30 13:13,VIRAT,Virat Industries Limited,339.2,-0.29,25373.0,8202.0,3.09,494.4,268.05,-31.39,26.54,494.4,268.05,,,,,31.0,
2026-09-30 13:13,VIRINCHI,Virinchi Limited,13.47,0.75,60617.0,66956.0,0.91,18.35,13.11,-26.59,2.75,29.47,13.11,14.81,17.59,No,-23.22,251.0,6
2026-09-30 13:13,VISACHROME,VISA Chrome Limited,36.77,5.0,1439494.0,187327.0,7.68,56.6,28.8,-35.04,27.67,73.68,27.05,36.58,40.29,No,-9.93,251.0,31
2026-09-30 13:13,VISHAL,Vishal Fabrics Limited,17.66,-1.45,15318.0,193864.0,0.08,22.05,17.25,-19.91,2.38,22.05,17.25,,,,,36.0,
2026-09-30 13:13,VISHNU,Vishnu Chemicals Limited,664.5,-1.39,96044.0,147890.0,0.65,744.0,566.15,-10.69,17.37,744.0,460.2,654.55,580.32,Yes,16.7,252.0,76
2026-09-30 13:13,VISHWARAJ,Vishwaraj Sugar Industries Limited,5.26,0.0,185358.0,345699.0,0.54,7.09,5.06,-25.81,3.95,8.5,4.14,5.53,5.74,No,-3.87,250.0,46
2026-09-30 13:13,VISL,Vedanta Iron and Steel Limited,32.3,-1.67,67232712.0,20599526.0,3.26,44.78,19.06,-27.87,69.46,44.78,19.06,34.48,,,,78.0,
2026-09-30 13:13,VITAL,Vital Chemtech Limited,53.9,2.04,9302.0,11711.0,0.79,59.99,45.9,-10.15,17.43,69.4,35.4,52.31,53.13,Yes,10.81,249.0,70
2026-09-30 13:13,VIVIANA,Viviana Power Tech Limited,704.35,-0.05,13815.0,22017.0,0.63,1038.0,661.0,-32.14,6.56,1860.0,565.0,724.5,751.7,No,-5.82,250.0,42
2026-09-30 13:13,VIVIDHA,Visagar Polytex Limited,0.51,-1.92,265809.0,220322.0,1.21,0.61,0.45,-16.39,13.33,0.86,0.43,0.52,0.56,No,-6.03,250.0,41
2026-09-30 13:13,VIVOBIOT,Vivo Bio Tech Limited,17.06,0.06,12331.0,19784.0,0.62,20.44,15.51,-16.54,9.99,20.44,15.51,,,,,31.0,
2026-09-30 13:13,VIYASH,Viyash Scientific Limited,235.8,-0.95,1246994.0,2486858.0,0.5,298.0,217.05,-20.87,8.64,298.0,178.13,258.6,232.66,Yes,-1.49,252.0,51
2026-09-30 13:13,VLEGOV,VL E-Governance & IT Solutions Limited,9.99,-2.06,169430.0,89830.0,1.89,14.92,9.22,-33.04,8.35,29.52,8.42,10.39,13.44,No,-18.82,251.0,11
2026-09-30 13:13,VLSFINANCE,VLS Finance Limited,234.09,-0.37,9330.0,7339.0,1.27,277.0,220.0,-15.49,6.4,339.0,198.81,248.86,251.46,No,-7.18,249.0,38
2026-09-30 13:13,VMART,V-Mart Retail Limited,753.7,-0.84,170425.0,79026.0,2.16,868.9,612.0,-13.26,23.15,888.0,457.9,800.13,688.51,Yes,8.19,251.0,67
2026-09-30 13:13,VMM,Vishal Mega Mart Limited,101.0,-3.16,16465086.0,9995888.0,1.65,124.29,98.0,-18.74,3.06,152.18,98.0,106.21,116.74,No,-17.4,252.0,14
2026-09-30 13:13,VMSTMT,VMS TMT Limited,49.12,0.27,74504.0,63770.0,1.17,53.05,42.1,-7.41,16.67,83.9,33.5,46.61,46.86,Yes,7.48,251.0,66
2026-09-30 13:13,VOEPL,Virtuoso Optoelectronics Limited,493.15,-0.96,54039.0,68655.0,0.79,593.45,428.65,-16.9,15.05,593.45,428.65,509.9,,,,66.0,
2026-09-30 13:13,VOGL,Vedanta Oil and Gas Limited,33.11,-2.5,19772283.0,23448527.0,0.84,47.6,30.42,-30.44,8.84,47.6,30.42,36.51,,,,78.0,
2026-09-30 13:13,VOITHPAPR,Voith Paper Fabrics India Limited,1449.9,2.96,225.0,452.0,0.5,1696.0,1400.3,-14.51,3.54,1696.0,1400.3,,,,,31.0,
2026-09-30 13:13,VOLTAMP,Voltamp Transformers Limited,10500.0,-1.17,16511.0,19730.0,0.84,11699.0,8950.0,-10.25,17.32,12863.0,6666.0,10449.36,9329.21,Yes,16.73,252.0,76
2026-09-30 13:13,VOLTAS,Voltas Limited,1070.0,-1.83,1027925.0,655014.0,1.57,1411.9,1066.0,-24.22,0.38,1582.5,1066.0,1215.58,1332.92,No,-17.19,252.0,14
2026-09-30 13:13,VPRPL,Vishnu Prakash R Punglia Limited,29.62,2.17,376442.0,795421.0,0.47,42.75,23.94,-30.71,23.73,100.42,23.94,32.6,38.76,No,-12.92,252.0,24
2026-09-30 13:13,VRAJ,Vraj Iron and Steel Limited,123.85,-1.05,8306.0,15904.0,0.52,148.5,112.0,-16.6,10.58,155.75,93.0,124.54,124.14,No,8.57,251.0,68
2026-09-30 13:13,VRLLOG,VRL Logistics Limited,287.15,1.68,133472.0,115156.0,1.16,310.2,227.38,-7.43,26.29,310.2,225.0,286.24,262.52,Yes,18.31,251.0,78
2026-09-30 13:13,VSSL,Vardhman Special Steels Limited,401.05,-1.18,104370.0,574805.0,0.18,428.25,260.05,-6.35,54.22,428.25,206.4,357.65,289.27,Yes,53.42,251.0,94
2026-09-30 13:13,VSTIND,VST Industries Limited,203.16,0.1,81302.0,105168.0,0.77,271.95,201.0,-25.3,1.07,286.78,200.0,212.64,236.52,No,-18.63,252.0,11
2026-09-30 13:13,VSTL,Vibhor Steel Tubes Limited,112.09,1.16,5238.0,10910.0,0.48,129.5,101.0,-13.44,10.98,158.8,100.8,112.09,117.94,No,-3.92,250.0,46
2026-09-30 13:13,VSTTILLERS,V.S.T Tillers Tractors Limited,4390.0,-0.84,7415.0,9229.0,0.8,4950.0,3950.0,-11.31,11.14,6374.0,3950.0,4347.65,4987.7,No,-12.0,251.0,27
2026-09-30 13:13,VTL,Vardhman Textiles Limited,534.6,0.95,614994.0,362660.0,1.7,688.0,524.65,-22.3,1.9,688.0,385.5,586.2,557.76,No,-4.45,252.0,45
2026-09-30 13:13,VTMLTD,VTM Limited,38.88,-2.63,74347.0,94614.0,0.79,61.9,22.95,-37.19,69.41,61.9,22.95,,,,,37.0,
2026-09-30 13:13,WAAREEENER,Waaree Energies Limited,2374.4,-0.24,402397.0,571982.0,0.7,3180.0,2364.9,-25.33,0.4,3718.8,2364.9,2614.63,2886.66,No,-19.24,252.0,10
2026-09-30 13:13,WAAREEINDO,Indosolar Limited,209.95,-0.33,89395.0,137279.0,0.65,437.3,205.55,-51.99,2.14,725.0,205.55,281.7,381.38,No,-50.58,252.0,1
2026-09-30 13:13,WAAREERTL,Waaree Renewable Technologies Limited,819.95,-0.18,82055.0,119661.0,0.69,1062.0,792.85,-22.79,3.42,1358.0,779.5,869.96,925.36,No,-14.87,252.0,20
2026-09-30 13:13,WABAG,VA Tech Wabag Limited,2061.4,-1.55,394966.0,666861.0,0.59,2319.0,1326.3,-11.11,55.42,2319.0,1033.0,2024.58,1597.6,Yes,29.99,252.0,86
2026-09-30 13:13,WAKEFIT,Wakefit Innovations Limited,143.82,-0.17,215953.0,652665.0,0.33,168.85,111.4,-14.82,29.1,224.0,111.4,139.24,151.65,No,1.03,200.0,56
2026-09-30 13:13,WALCHANNAG,Walchandnagar Industries Limited,200.24,-1.48,459871.0,609625.0,0.75,315.8,192.36,-36.59,4.1,315.8,131.15,218.48,208.73,No,1.66,252.0,58
2026-09-30 13:13,WANBURY,Wanbury Limited,199.5,-8.04,1016469.0,168716.0,6.02,358.85,196.05,-44.41,1.76,358.85,161.5,256.62,255.12,No,-21.99,251.0,7
2026-09-30 13:13,WARDINMOBI,Wardwizard Innovations & Mobility Limited,5.45,-0.73,275407.0,283119.0,0.97,6.99,4.69,-22.03,16.2,6.99,4.69,,,,,31.0,
2026-09-30 13:13,WATERBASE,Waterbase Limited,46.7,-0.34,14225.0,19653.0,0.72,74.9,43.62,-37.65,7.06,74.9,43.62,,,,,37.0,
2026-09-30 13:13,WCIL,Western Carriers (India) Limited,93.16,-1.84,165294.0,206587.0,0.8,105.9,81.76,-12.03,13.94,138.29,77.02,88.85,100.36,No,-6.24,252.0,40
2026-09-30 13:13,WEALTH,Wealth First Portfolio Managers Limited,907.85,2.29,2780.0,6237.0,0.45,1073.0,810.2,-15.39,12.05,1237.9,774.95,879.27,911.91,No,-1.55,252.0,51
2026-09-30 13:13,WEBELSOLAR,Websol Energy System Limited,70.56,-0.08,914525.0,1789848.0,0.51,116.48,69.5,-39.42,1.53,137.9,50.4,82.43,87.01,No,-24.16,252.0,5
2026-09-30 13:13,WEIZMANIND,Weizmann Limited,70.88,0.03,1033.0,1123.0,0.92,94.0,69.1,-24.6,2.58,114.5,65.21,74.98,82.28,No,-12.84,251.0,25
2026-09-30 13:13,WEL,Wonder Electricals Limited,72.63,0.08,224981.0,1133928.0,0.2,179.2,68.01,-59.47,6.79,183.53,68.01,103.9,115.23,No,-30.26,251.0,3
2026-09-30 13:13,WELCORP,Welspun Corp Limited,2717.0,-4.4,1718052.0,2124460.0,0.81,2900.0,1252.2,-6.31,116.98,2900.0,710.0,2246.09,1368.65,Yes,156.54,252.0,99
2026-09-30 13:13,WELENT,Welspun Enterprises Limited,742.7,-0.21,169996.0,868279.0,0.2,841.9,479.55,-11.78,54.87,841.9,412.0,677.9,551.82,Yes,39.18,252.0,90
2026-09-30 13:13,WELSPLSOL,Welspun Specialty Solutions Limited,53.98,2.45,998831.0,982348.0,1.02,61.99,46.78,-12.92,15.39,61.99,46.78,,,,,32.0,
2026-09-30 13:13,WELSPUNLIV,Welspun Living Limited,227.33,0.94,3089635.0,4283039.0,0.72,233.0,132.6,-2.43,71.44,233.0,107.1,189.61,149.41,Yes,58.29,252.0,95
2026-09-30 13:13,WENDT,Wendt (India) Limited,8351.5,-0.52,6425.0,15691.0,0.41,9100.0,6578.5,-8.23,26.95,9270.5,5841.5,8280.3,7452.9,Yes,10.94,251.0,71
2026-09-30 13:13,WESTLIFE,WESTLIFE FOODWORLD LIMITED,589.85,-1.13,58873.0,519359.0,0.11,612.0,410.7,-3.62,43.62,695.0,398.4,556.81,503.18,Yes,17.89,251.0,77
2026-09-30 13:13,WEWIN,WE WIN LIMITED,50.81,5.63,18452.0,4509.0,4.09,66.24,40.0,-23.29,27.03,78.0,35.38,45.19,47.66,Yes,12.84,250.0,73
2026-09-30 13:13,WEWORK,WeWork India Management Limited,660.45,-1.0,116307.0,165484.0,0.7,794.5,475.35,-16.87,38.94,794.5,420.0,691.32,602.92,Yes,8.66,243.0,68
2026-09-30 13:13,WHBRADY,WH Brady & Company Limited,491.0,0.0,1.0,89.0,0.01,589.9,415.0,-16.77,18.31,589.9,415.0,,,,,32.0,
2026-09-30 13:13,WHEELS,Wheels India Limited,2221.0,0.77,134353.0,892039.0,0.15,2498.0,1285.0,-11.09,72.84,2498.0,705.85,1727.62,1293.34,Yes,98.13,252.0,99
2026-09-30 13:13,WHIRLPOOL,Whirlpool of India Limited,890.25,0.23,3226979.0,2978370.0,1.08,960.0,706.0,-7.27,26.1,1437.0,706.0,796.74,838.98,Yes,6.97,252.0,65
2026-09-30 13:13,WILLAMAGOR,Williamson Magor & Company Limited,22.99,3.05,8065.0,3474.0,2.32,30.55,21.21,-24.75,8.39,37.0,21.11,24.62,26.76,No,-12.87,249.0,24
2026-09-30 13:13,WINDLAS,Windlas Biotech Limited,1091.3,-0.45,56202.0,115528.0,0.49,1181.9,746.55,-7.67,46.18,1181.9,697.4,1000.93,855.22,Yes,33.4,251.0,88
2026-09-30 13:13,WINDMACHIN,Windsor Machines Limited,300.2,0.07,112850.0,91718.0,1.23,343.9,265.6,-12.71,13.03,343.9,200.65,299.65,280.71,Yes,8.2,251.0,67
2026-09-30 13:13,WIPL,The Western India Plywoods Limited,164.8,0.66,151.0,975.0,0.15,179.89,138.4,-8.39,19.08,193.2,133.1,166.61,157.15,Yes,1.49,249.0,57
2026-09-30 13:13,WIPRO,Wipro Limited,158.5,1.09,15951443.0,17946218.0,0.89,211.0,156.79,-24.88,1.09,273.1,156.79,175.94,200.87,No,-19.86,252.0,9
2026-09-30 13:13,WOCKPHARMA,Wockhardt Limited,2116.3,-3.55,822053.0,1381253.0,0.6,2422.3,1505.0,-12.63,40.62,2422.3,1086.7,2013.61,1658.27,Yes,32.7,252.0,88
2026-09-30 13:13,WONDERLA,Wonderla Holidays Limited,500.3,-0.23,25602.0,49494.0,0.52,555.0,456.2,-9.86,9.67,602.35,455.0,501.26,503.18,No,-1.79,250.0,51
2026-09-30 13:13,WORTHPERI,Worth Peripherals Limited,146.02,0.81,9508.0,7389.0,1.29,169.8,120.0,-14.0,21.68,169.8,109.0,150.7,139.08,Yes,8.71,249.0,68
2026-09-30 13:13,WPIL,WPIL Limited,438.85,1.7,95189.0,53447.0,1.78,468.0,416.0,-6.23,5.49,468.0,416.0,,,,,31.0,
2026-09-30 13:13,WSI,W S Industries (I) Limited,54.04,-2.84,43225.0,46900.0,0.92,73.5,53.8,-26.48,0.45,95.0,53.8,59.64,70.06,No,-24.67,249.0,5
2026-09-30 13:13,WSTCSTPAPR,West Coast Paper Mills Limited,736.6,4.71,270100.0,278116.0,0.97,777.0,451.0,-5.2,63.33,777.0,375.0,645.05,505.19,Yes,55.98,251.0,95
2026-09-30 13:13,XCHANGING,Xchanging Solutions Limited,61.24,1.69,41413.0,104314.0,0.4,71.4,59.2,-14.23,3.45,103.0,47.5,63.35,66.16,No,-6.14,251.0,41
2026-09-30 13:13,XELPMOC,Xelpmoc Design And Tech Limited,80.24,-6.18,40713.0,31285.0,1.3,108.6,71.1,-26.11,12.86,155.5,71.1,79.63,101.64,No,-16.79,250.0,15
2026-09-30 13:13,XPROINDIA,Xpro India Limited,1161.9,0.13,28334.0,81084.0,0.35,1574.8,995.4,-26.22,16.73,1574.8,788.05,1220.11,1114.75,Yes,-2.5,252.0,49
2026-09-30 13:13,XTGLOBAL,Xtglobal Infotech Limited,29.19,-0.82,29041.0,59575.0,0.49,35.0,26.92,-16.6,8.43,43.7,25.2,30.43,30.8,No,-3.11,251.0,47
2026-09-30 13:13,XTRANET,Xtranet Technologies Limited,285.05,5.0,712026.0,3067917.0,0.23,358.5,122.5,-20.49,132.69,358.5,122.5,,,,,45.0,
2026-09-30 13:13,YASHO,Yasho Industries Limited,4005.4,-1.38,16386.0,35740.0,0.46,4994.0,1595.1,-19.8,151.11,4994.0,1130.0,4043.11,2376.61,Yes,106.8,250.0,99
2026-09-30 13:13,YATHARTH,Yatharth Hospital & Trauma Care Services Limited,1032.5,-6.81,875885.0,839824.0,1.04,1184.0,776.35,-12.8,32.99,1184.0,538.25,945.99,789.49,Yes,35.65,252.0,89
2026-09-30 13:13,YATRA,Yatra Online Limited,99.89,-1.46,668972.0,956785.0,0.7,121.7,91.31,-17.92,9.4,202.0,89.9,110.01,120.39,No,-17.29,252.0,14
2026-09-30 13:13,YESBANK,Yes Bank Limited,20.95,1.16,94008078.0,77441033.0,1.21,25.78,20.71,-18.74,1.16,25.78,17.2,22.64,21.88,No,-3.95,252.0,46
2026-09-30 13:13,YOGI,Yogi Limited,160.56,2.48,638.0,1228.0,0.52,180.0,130.01,-10.8,23.5,180.0,130.01,,,,,31.0,
2026-09-30 13:13,YUKEN,Yuken India Limited,1131.1,0.04,10732.0,27951.0,0.38,1153.85,653.5,-1.97,73.08,1153.85,584.1,933.7,791.5,Yes,50.12,250.0,93
2026-09-30 13:13,ZAGGLE,Zaggle Prepaid Ocean Services Limited,173.18,-0.38,641897.0,906395.0,0.71,268.34,154.36,-35.46,12.19,405.4,154.36,189.61,234.82,No,-27.67,252.0,3
2026-09-30 13:13,ZEEL,Zee Entertainment Enterprises Limited,74.47,0.45,12798666.0,16149440.0,0.79,118.35,73.31,-37.08,1.58,118.35,68.0,93.1,91.69,No,-18.62,252.0,12
2026-09-30 13:13,ZEELEARN,Zee Learn Limited,6.5,4.0,269367.0,291514.0,0.92,10.1,5.6,-35.64,16.07,10.1,4.17,7.48,6.8,No,-5.9,251.0,42
2026-09-30 13:13,ZEEMEDIA,Zee Media Corporation Limited,7.21,0.42,587252.0,1470330.0,0.4,10.09,6.89,-28.54,4.64,11.89,6.65,7.94,8.23,No,-12.2,251.0,26
2026-09-30 13:13,ZENITHEXPO,Zenith Exports Limited,199.0,-0.27,7.0,206.0,0.03,257.8,190.4,-22.81,4.52,262.0,174.0,205.49,205.1,No,0.44,249.0,55
2026-09-30 13:13,ZENITHSTL,Zenith Steel Pipes & Industries Limited,5.3,2.12,56981.0,129020.0,0.44,6.54,4.66,-18.96,13.73,10.33,4.41,5.53,5.81,No,-6.01,251.0,41
2026-09-30 13:13,ZENSARTECH,Zensar Technologies Limited,422.1,-1.61,994812.0,3501250.0,0.28,558.0,416.15,-24.35,1.43,822.0,416.15,470.82,542.3,No,-25.02,252.0,5
2026-09-30 13:13,ZENTEC,Zen Technologies Limited,1605.2,-0.9,185404.0,268048.0,0.69,2043.7,1477.0,-21.46,8.68,2043.7,1223.0,1754.0,1587.35,Yes,4.37,252.0,62
2026-09-30 13:13,ZFCVINDIA,ZF Commercial Vehicle Control Systems India Limited,2341.0,1.88,141182.0,95696.0,1.48,3044.0,2260.0,-23.09,3.58,3044.0,2050.33,2500.47,2453.85,No,-2.41,252.0,49
2026-09-30 13:13,ZFSTEERING,ZF Steering Gear (India) Limited,714.5,0.51,896.0,11063.0,0.08,798.9,620.65,-10.56,15.12,894.98,620.65,686.96,,,,116.0,
2026-09-30 13:13,ZIMLAB,Zim Laboratories Limited,137.97,2.28,87891.0,161830.0,0.54,144.49,93.2,-4.51,48.04,144.49,59.31,123.65,95.98,Yes,59.35,250.0,96
2026-09-30 13:13,ZODIAC,Zodiac Energy Limited,216.32,3.7,10246.0,11962.0,0.86,324.95,201.35,-33.43,7.43,415.0,201.35,241.38,268.98,No,-17.98,247.0,13
2026-09-30 13:13,ZODIACLOTH,Zodiac Clothing Company Limited,69.03,1.17,9803.0,3787.0,2.59,91.9,67.21,-24.89,2.71,104.0,58.5,73.33,77.22,No,-11.24,249.0,28
2026-09-30 13:13,ZOTA,Zota Health Care LImited,1294.7,-0.42,44545.0,119376.0,0.37,1478.0,1022.0,-12.4,26.68,1740.0,1022.0,1186.0,1273.86,Yes,-5.86,251.0,42
2026-09-30 13:13,ZSARACOM,Saraswati Commercial India Limited,10140.0,-0.91,30.0,60.0,0.5,13418.0,9801.0,-24.43,3.46,13418.0,9801.0,,,,,31.0,
2026-09-30 13:13,ZUARI,Zuari Agro Chemicals Limited,220.33,-0.6,86644.0,67407.0,1.29,254.0,204.11,-13.26,7.95,345.6,175.1,225.14,237.99,No,-10.83,252.0,29
2026-09-30 13:13,ZUARIIND,ZUARI INDUSTRIES LIMITED,282.2,0.12,73298.0,69140.0,1.06,297.0,237.6,-4.98,18.77,383.75,210.0,268.65,266.24,Yes,5.3,251.0,63
2026-09-30 13:13,ZYDUSLIFE,Zydus Lifesciences Limited,1162.0,-3.21,1614164.0,1448578.0,1.11,1232.1,961.1,-5.69,20.9,1232.1,835.5,1140.66,1012.55,Yes,16.24,252.0,76
2026-09-30 13:13,ZYDUSWELL,Zydus Wellness Limited,512.8,1.32,258075.0,583103.0,0.44,611.85,480.0,-16.19,6.83,611.85,367.55,533.08,487.96,Yes,-3.78,252.0,46
